[job] 176695 on gpu06 | gpu: NVIDIA A100-PCIE-40GB | cpus: 8 | env: avcodec | commit: 43e114a | 2026-10-07 18:40:38
[job] python -u scripts/sync_offsets.py --nshards 3
shard 2/3: 574 videos, 1018 clips to measure (0 already done), 4 workers, 8 s each -> /beegfs/work/achakraborti/SANG/cache/motion_lp/sync/offsets_002.jsonl
[1/1018] -1PHi-xcDXg/-1PHi-xcDXg_NA_892.033_901.366    offset -1  conf 6.03  (80 s, ~1351 min left)
[2/1018] -1PHi-xcDXg/-1PHi-xcDXg_NA_13.266_29.900      offset -1  conf 6.38  (80 s, ~676 min left)
[3/1018] -1X2rm-lPlY/-1X2rm-lPlY_NA_74.207_106.740     offset +0  conf 8.96  (95 s, ~536 min left)
[4/1018] -1X2rm-lPlY/-1X2rm-lPlY_NA_106.940_135.602    offset +0  conf 8.70  (95 s, ~402 min left)
[5/1018] -5zmxchzQfc/-5zmxchzQfc_NA_79.179_85.318      offset -3  conf 4.75  (130 s, ~438 min left)
[6/1018] -5zmxchzQfc/-5zmxchzQfc_NA_120.853_132.432    offset -4  conf 5.05  (132 s, ~371 min left)
[7/1018] -30bYBuT3z0/-30bYBuT3z0_NA_411.143_418.918    offset +1  conf 7.77  (158 s, ~380 min left)
[8/1018] -30bYBuT3z0/-30bYBuT3z0_NA_136.803_156.222    offset +2  conf 9.61  (158 s, ~332 min left)
[9/1018] -8YIN-GJmsU/-8YIN-GJmsU_NA_149.399_166.950    offset +0  conf 8.96  (204 s, ~381 min left)
[10/1018] -8YIN-GJmsU/-8YIN-GJmsU_NA_573.289_588.171    offset +0  conf 8.71  (204 s, ~343 min left)
[11/1018] -BR9P4E7liU/-BR9P4E7liU_NA_86.180_93.060      offset -1  conf 9.35  (294 s, ~448 min left)
[12/1018] -BR9P4E7liU/-BR9P4E7liU_NA_123.460_129.340    offset +0  conf 8.37  (307 s, ~430 min left)
[13/1018] -9cW4Gcn5WY/-9cW4Gcn5WY_NA_1038.679_1047.780  offset +9  conf 0.47  (351 s, ~452 min left)
[14/1018] -9cW4Gcn5WY/-9cW4Gcn5WY_NA_79.053_88.697      offset -1  conf 6.76  (354 s, ~423 min left)
[15/1018] -CoBTgnLAkg/-CoBTgnLAkg_NA_45.566_123.866     offset +0  conf 7.12  (443 s, ~494 min left)
[16/1018] -CoBTgnLAkg/-CoBTgnLAkg_NA_0.633_27.533       offset -1  conf 4.76  (443 s, ~463 min left)
[17/1018] -C_5hzJCHaY/-C_5hzJCHaY_NA_956.020_961.580    offset -1  conf 8.13  (479 s, ~470 min left)
[18/1018] -E6-h33r2cs/-E6-h33r2cs_NA_0.100_12.112       offset +0  conf 5.11  (523 s, ~484 min left)
[19/1018] -E6-h33r2cs/-E6-h33r2cs_NA_64.797_101.334     offset +0  conf 4.29  (523 s, ~458 min left)
[20/1018] -C_5hzJCHaY/-C_5hzJCHaY_NA_130.540_139.900    offset -1  conf 8.99  (536 s, ~446 min left)
[21/1018] -FOCpMAww28/-FOCpMAww28_NA_286.391_295.275    offset +1  conf 10.12  (545 s, ~431 min left)
[22/1018] -JYNQqWeS90/-JYNQqWeS90_NA_651.580_693.700    offset -1  conf 8.61  (574 s, ~433 min left)
[23/1018] -JYNQqWeS90/-JYNQqWeS90_NA_0.100_20.140       offset -1  conf 9.35  (574 s, ~414 min left)
[24/1018] -K5DbzP6wvE/-K5DbzP6wvE_NA_1024.206_1030.137  offset -1  conf 5.63  (586 s, ~404 min left)
[25/1018] -K5DbzP6wvE/-K5DbzP6wvE_NA_969.026_977.376    offset -2  conf 6.09  (596 s, ~394 min left)
[26/1018] -LwxTB0CI2c/-LwxTB0CI2c_NA_483.650_529.200    offset +3  conf 5.16  (629 s, ~400 min left)
[27/1018] -LwxTB0CI2c/-LwxTB0CI2c_NA_390.566_410.266    offset +3  conf 3.97  (629 s, ~385 min left)
[28/1018] -Nqi7YgXtzg/-Nqi7YgXtzg_NA_101.966_115.433    offset +1  conf 7.51  (633 s, ~373 min left)
[29/1018] -Nqi7YgXtzg/-Nqi7YgXtzg_NA_887.266_904.166    offset +1  conf 7.49  (648 s, ~368 min left)
[30/1018] -OyQnKxpu24/-OyQnKxpu24_NA_475.920_485.180    offset -2  conf 6.75  (687 s, ~377 min left)
[31/1018] -PKwPE3CfIo/-PKwPE3CfIo_NA_85.200_100.400     offset -1  conf 5.93  (687 s, ~364 min left)
[32/1018] -PKwPE3CfIo/-PKwPE3CfIo_NA_76.600_85.000      offset +0  conf 5.31  (687 s, ~353 min left)
[33/1018] -RFbz9AQpHk/-RFbz9AQpHk_NA_147.906_172.352    offset +0  conf 6.47  (699 s, ~348 min left)
[34/1018] -TvUS3-Mdkk/-TvUS3-Mdkk_NA_46.566_55.366      offset +2  conf 6.43  (742 s, ~358 min left)
[35/1018] -RFbz9AQpHk/-RFbz9AQpHk_NA_701.461_709.957    offset +0  conf 5.20  (742 s, ~348 min left)
[36/1018] -X-gjdKyHHA/-X-gjdKyHHA_NA_1175.350_1195.816  offset -1  conf 8.32  (748 s, ~340 min left)
[37/1018] -Rd2F1Og-BE/-Rd2F1Og-BE_NA_3.061_95.996       offset +0  conf 8.39  (756 s, ~334 min left)
[38/1018] -YRkpyDe_ks/-YRkpyDe_ks_NA_4.020_187.420      offset -1  conf 6.30  (793 s, ~341 min left)
[39/1018] -X-gjdKyHHA/-X-gjdKyHHA_NA_995.225_1001.275   offset -1  conf 6.96  (794 s, ~332 min left)
[40/1018] -YRkpyDe_ks/-YRkpyDe_ks_NA_194.220_201.740    offset -1  conf 7.41  (794 s, ~323 min left)
[41/1018] -bDp4OE-KnY/-bDp4OE-KnY_NA_105.939_114.214    offset +2  conf 5.64  (804 s, ~319 min left)
[42/1018] -bDp4OE-KnY/-bDp4OE-KnY_NA_180.747_188.088    offset +2  conf 4.54  (844 s, ~327 min left)
[43/1018] -c8c4s-enxc/-c8c4s-enxc_NA_94.661_105.071     offset +0  conf 8.37  (854 s, ~323 min left)
[44/1018] -c8c4s-enxc/-c8c4s-enxc_NA_140.740_153.186    offset +0  conf 7.80  (855 s, ~315 min left)
[45/1018] -ccGXAI8AvY/-ccGXAI8AvY_NA_273.206_287.754    offset -2  conf 5.84  (855 s, ~308 min left)
[46/1018] -e-4Kx5px_I/-e-4Kx5px_I_NA_208.433_214.866    offset -3  conf 7.96  (894 s, ~315 min left)
[47/1018] -e-4Kx5px_I/-e-4Kx5px_I_NA_449.600_458.066    offset -3  conf 6.51  (918 s, ~316 min left)
[48/1018] -fDBughwybo/-fDBughwybo_NA_275.783_284.416    offset +1  conf 6.92  (918 s, ~309 min left)
[49/1018] -fDBughwybo/-fDBughwybo_NA_545.383_600.916    offset +2  conf 8.01  (918 s, ~303 min left)
[50/1018] -hOQAsNg8aw/-hOQAsNg8aw_NA_44.878_56.823      offset +2  conf 7.13  (972 s, ~314 min left)
[51/1018] -k4iXAqI4-0/-k4iXAqI4-0_NA_115.248_120.520    offset +0  conf 7.18  (989 s, ~313 min left)
[52/1018] -j838dxyHyE/-j838dxyHyE_NA_973.756_981.497    offset +1  conf 5.56  (989 s, ~306 min left)
[53/1018] -j838dxyHyE/-j838dxyHyE_NA_10.527_25.892      offset +1  conf 5.34  (989 s, ~300 min left)
[54/1018] -k4iXAqI4-0/-k4iXAqI4-0_NA_4.621_10.710       offset +1  conf 6.51  (1018 s, ~303 min left)
[55/1018] -kSrEC5Bqy0/-kSrEC5Bqy0_NA_982.414_987.820    offset +1  conf 6.92  (1039 s, ~303 min left)
[56/1018] -kSrEC5Bqy0/-kSrEC5Bqy0_NA_0.100_7.307        offset +0  conf 6.80  (1044 s, ~299 min left)
[57/1018] -yLMdltqpBE/-yLMdltqpBE_NA_1004.203_1012.678  offset +0  conf 7.32  (1044 s, ~293 min left)
[58/1018] -yLMdltqpBE/-yLMdltqpBE_NA_914.646_999.131    offset +0  conf 8.82  (1065 s, ~294 min left)
[59/1018] 0WEbJg3rK9c/0WEbJg3rK9c_NA_103.369_108.591    offset -1  conf 9.30  (1090 s, ~295 min left)
[60/1018] 0WEbJg3rK9c/0WEbJg3rK9c_NA_88.354_99.708      offset -1  conf 7.26  (1090 s, ~290 min left)
[61/1018] 0tRKBGLUm9c/0tRKBGLUm9c_NA_0.100_108.775      offset -1  conf 6.55  (1112 s, ~291 min left)
[62/1018] 0tRKBGLUm9c/0tRKBGLUm9c_NA_440.606_624.323    offset -2  conf 7.14  (1130 s, ~290 min left)
[63/1018] 16Gaz7tAb9M/16Gaz7tAb9M_NA_370.466_383.133    offset +0  conf 7.20  (1143 s, ~289 min left)
[64/1018] 16Gaz7tAb9M/16Gaz7tAb9M_NA_70.633_80.300      offset +0  conf 5.81  (1143 s, ~284 min left)
[65/1018] 1f8anMTrKsE/1f8anMTrKsE_NA_113.500_134.033    offset +1  conf 5.13  (1204 s, ~294 min left)
[66/1018] 1f8anMTrKsE/1f8anMTrKsE_NA_63.433_75.733      offset +1  conf 5.49  (1229 s, ~295 min left)
[67/1018] 1jBWzANdJNw/1jBWzANdJNw_NA_1008.173_1023.656  offset -1  conf 1.73  (1279 s, ~303 min left)
[68/1018] 1h6wL-2FPU0/1h6wL-2FPU0_NA_818.733_995.400    offset +1  conf 7.47  (1292 s, ~301 min left)
[69/1018] 1h6wL-2FPU0/1h6wL-2FPU0_NA_478.766_553.666    offset +1  conf 8.09  (1292 s, ~296 min left)
[70/1018] 1jBWzANdJNw/1jBWzANdJNw_NA_932.097_944.743    offset -1  conf 7.44  (1300 s, ~293 min left)
[71/1018] 1jvP2Rnhmbs/1jvP2Rnhmbs_NA_109.466_115.666    offset -1  conf 8.19  (1346 s, ~299 min left)
[72/1018] 1jvP2Rnhmbs/1jvP2Rnhmbs_NA_939.833_952.566    offset +0  conf 3.38  (1372 s, ~300 min left)
[73/1018] 1qdeZ6lITOI/1qdeZ6lITOI_NA_230.330_465.031    offset +1  conf 6.51  (1372 s, ~296 min left)
[74/1018] 1nngjlG5BAU/1nngjlG5BAU_NA_136.869_550.183    offset -3  conf 7.42  (1372 s, ~292 min left)
[75/1018] 1t2BrHGkHUU/1t2BrHGkHUU_NA_11.402_34.309      offset -2  conf 6.03  (1416 s, ~297 min left)
[76/1018] 1t2BrHGkHUU/1t2BrHGkHUU_NA_80.054_91.408      offset -1  conf 7.28  (1469 s, ~303 min left)
[77/1018] 1uadBVoEoZA/1uadBVoEoZA_NA_701.091_799.657    offset -1  conf 6.99  (1469 s, ~299 min left)
[78/1018] 1uadBVoEoZA/1uadBVoEoZA_NA_136.194_168.985    offset -1  conf 8.41  (1469 s, ~295 min left)
[79/1018] 1wRCS7lDjLc/1wRCS7lDjLc_NA_1082.764_1104.653  offset +0  conf 7.81  (1491 s, ~295 min left)
[80/1018] 2357cMszFw0/2357cMszFw0_NA_0.100_34.900       offset +3  conf 3.60  (1550 s, ~303 min left)
[81/1018] 1wRCS7lDjLc/1wRCS7lDjLc_NA_995.194_1004.270   offset +0  conf 8.76  (1564 s, ~302 min left)
[82/1018] 1yOmZ5eedqo/1yOmZ5eedqo_NA_819.852_923.923    offset +0  conf 8.57  (1601 s, ~305 min left)
[83/1018] 2357cMszFw0/2357cMszFw0_NA_243.566_316.600    offset +4  conf 5.01  (1601 s, ~301 min left)
[84/1018] 1yOmZ5eedqo/1yOmZ5eedqo_NA_1266.531_1296.695  offset +0  conf 8.28  (1617 s, ~300 min left)
[85/1018] 25OOQhW86bM/25OOQhW86bM_NA_21.579_37.312      offset -3  conf 5.39  (1632 s, ~299 min left)
[86/1018] 25OOQhW86bM/25OOQhW86bM_NA_244.594_251.693    offset -3  conf 4.08  (1673 s, ~302 min left)
[87/1018] 27BbI4CoI60/27BbI4CoI60_NA_27.100_32.866      offset +0  conf 6.10  (1673 s, ~298 min left)
[88/1018] 27BbI4CoI60/27BbI4CoI60_NA_73.700_106.000     offset +2  conf 4.80  (1688 s, ~297 min left)
[89/1018] 28fRUiyiJaA/28fRUiyiJaA_NA_1130.445_1135.701  offset +0  conf 6.45  (1696 s, ~295 min left)
[90/1018] 28fRUiyiJaA/28fRUiyiJaA_NA_737.369_742.491    offset +0  conf 7.67  (1752 s, ~301 min left)
[91/1018] 2CmD2BACySY/2CmD2BACySY_NA_230.100_239.900    offset +0  conf 6.28  (1774 s, ~301 min left)
[92/1018] 29_thpHha2s/29_thpHha2s_NA_83.433_89.300      offset -1  conf 3.57  (1804 s, ~303 min left)
[93/1018] 29_thpHha2s/29_thpHha2s_NA_10.766_54.500      offset -1  conf 7.13  (1811 s, ~300 min left)
[94/1018] 2CmD2BACySY/2CmD2BACySY_NA_450.100_459.900    offset +0  conf 4.53  (1821 s, ~298 min left)
[95/1018] 2EXnEy6eQMA/2EXnEy6eQMA_NA_260.166_400.733    offset +1  conf 4.96  (1842 s, ~298 min left)
[96/1018] 2EXnEy6eQMA/2EXnEy6eQMA_NA_666.366_691.200    offset +1  conf 4.80  (1872 s, ~300 min left)
[97/1018] 2GLLocL3oc8/2GLLocL3oc8_NA_144.233_156.000    offset +7  conf 2.43  (1884 s, ~298 min left)
[98/1018] 2GLLocL3oc8/2GLLocL3oc8_NA_156.200_191.300    offset +5  conf 0.45  (1893 s, ~296 min left)
[99/1018] 2IlN6ZIAsi8/2IlN6ZIAsi8_NA_16.850_24.025      offset -1  conf 8.62  (1908 s, ~295 min left)
[100/1018] 2IlN6ZIAsi8/2IlN6ZIAsi8_NA_62.641_70.066      offset +0  conf 9.06  (1939 s, ~297 min left)
[101/1018] 2LZUckvTHvA/2LZUckvTHvA_NA_47.166_54.366      offset +0  conf 4.01  (1958 s, ~296 min left)
[102/1018] 2N9jTuoJ57w/2N9jTuoJ57w_NA_0.100_53.540       offset +0  conf 8.17  (1969 s, ~295 min left)
[103/1018] 2N9jTuoJ57w/2N9jTuoJ57w_NA_80.300_100.220     offset +0  conf 6.18  (1990 s, ~295 min left)
[104/1018] 2Pt2FHKSufs/2Pt2FHKSufs_NA_109.100_114.633    offset +1  conf 6.78  (2018 s, ~296 min left)
[105/1018] 2Pt2FHKSufs/2Pt2FHKSufs_NA_687.466_703.066    offset +0  conf 7.29  (2046 s, ~297 min left)
[106/1018] 2RzooOXFiFI/2RzooOXFiFI_NA_114.900_158.666    offset -1  conf 7.18  (2102 s, ~301 min left)
[107/1018] 2RzooOXFiFI/2RzooOXFiFI_NA_49.433_112.433     offset -1  conf 7.75  (2132 s, ~303 min left)
[108/1018] 2QgpDo3UzZA/2QgpDo3UzZA_NA_1050.023_1056.330  offset +0  conf 7.25  (2132 s, ~299 min left)
[109/1018] 2QgpDo3UzZA/2QgpDo3UzZA_NA_969.693_975.791    offset +0  conf 6.59  (2147 s, ~298 min left)
[110/1018] 2SX3Dh3gw8U/2SX3Dh3gw8U_NA_0.100_6.566        offset -2  conf 4.65  (2180 s, ~300 min left)
[111/1018] 2pbg96Ifz0s/2pbg96Ifz0s_NA_681.781_690.172    offset -9  conf 7.80  (2197 s, ~299 min left)
[112/1018] 2SX3Dh3gw8U/2SX3Dh3gw8U_NA_514.700_520.500    offset -2  conf 7.05  (2207 s, ~298 min left)
[113/1018] 2uqAJEZKfvA/2uqAJEZKfvA_NA_120.220_125.940    offset -2  conf 5.74  (2207 s, ~295 min left)
[114/1018] 2uqAJEZKfvA/2uqAJEZKfvA_NA_96.780_113.100     offset -2  conf 7.38  (2238 s, ~296 min left)
[115/1018] 34YRldOWRzo/34YRldOWRzo_NA_132.833_186.333    offset +1  conf 6.88  (2259 s, ~296 min left)
[116/1018] 3Ysulx-crbY/3Ysulx-crbY_NA_16.000_37.366      offset +2  conf 6.16  (2264 s, ~293 min left)
[117/1018] 3FvBYtrTesM/3FvBYtrTesM_NA_35.602_62.696      offset -2  conf 6.80  (2282 s, ~293 min left)
[118/1018] 3Ysulx-crbY/3Ysulx-crbY_NA_743.866_754.200    offset +1  conf 6.70  (2291 s, ~291 min left)
[119/1018] 3qalKOENr1k/3qalKOENr1k_NA_118.184_142.675    offset +0  conf 9.47  (2316 s, ~292 min left)
[120/1018] 3qalKOENr1k/3qalKOENr1k_NA_304.537_346.546    offset +0  conf 8.12  (2316 s, ~289 min left)
[121/1018] 47e6fP8_2Nw/47e6fP8_2Nw_NA_972.538_983.349    offset -2  conf 7.74  (2343 s, ~290 min left)
[122/1018] 47e6fP8_2Nw/47e6fP8_2Nw_NA_1006.004_1013.479  offset -2  conf 6.00  (2343 s, ~287 min left)
[123/1018] 48rXyITsTb8/48rXyITsTb8_NA_370.540_376.900    offset -1  conf 7.54  (2374 s, ~288 min left)
[124/1018] 4ASIYHukJhI/4ASIYHukJhI_NA_123.716_141.016    offset +1  conf 7.18  (2393 s, ~288 min left)
[125/1018] 4ASIYHukJhI/4ASIYHukJhI_NA_61.083_67.800      offset +1  conf 8.97  (2422 s, ~288 min left)
[126/1018] 4B8lFRdquKU/4B8lFRdquKU_NA_112.345_121.555    offset -4  conf 4.83  (2432 s, ~287 min left)
[127/1018] 4B8lFRdquKU/4B8lFRdquKU_NA_72.172_83.483      offset +0  conf 6.87  (2447 s, ~286 min left)
[128/1018] 4E6ZsYY8h3I/4E6ZsYY8h3I_NA_5.700_22.140       offset -1  conf 5.34  (2447 s, ~284 min left)
[129/1018] 4ElCMYQWsf8/4ElCMYQWsf8_NA_1.400_9.166        offset +0  conf 5.80  (2471 s, ~284 min left)
[130/1018] 4ElCMYQWsf8/4ElCMYQWsf8_NA_58.133_65.633      offset +0  conf 5.03  (2491 s, ~284 min left)
[131/1018] 4FlQYIxNe6Y/4FlQYIxNe6Y_NA_1353.660_1399.140  offset +0  conf 6.30  (2506 s, ~283 min left)
[132/1018] 4FlQYIxNe6Y/4FlQYIxNe6Y_NA_9.180_220.980      offset +0  conf 5.32  (2506 s, ~280 min left)
[133/1018] 4GEqUP0LPgU/4GEqUP0LPgU_NA_187.566_194.666    offset +0  conf 2.52  (2532 s, ~281 min left)
[134/1018] 4GEqUP0LPgU/4GEqUP0LPgU_NA_2.833_17.100       offset +1  conf 3.33  (2551 s, ~281 min left)
[135/1018] 4H9egQu99NQ/4H9egQu99NQ_NA_175.433_192.333    offset -2  conf 4.33  (2567 s, ~280 min left)
[136/1018] 4H9egQu99NQ/4H9egQu99NQ_NA_96.433_125.733     offset -1  conf 4.90  (2568 s, ~278 min left)
[137/1018] 4I8RF4yElcQ/4I8RF4yElcQ_NA_1853.140_1859.180  offset -1  conf 4.75  (2589 s, ~278 min left)
[138/1018] 4JQ1i0dG9Hk/4JQ1i0dG9Hk_NA_119.469_126.776    offset -1  conf 5.58  (2606 s, ~277 min left)
[139/1018] 4JQ1i0dG9Hk/4JQ1i0dG9Hk_NA_90.982_96.663      offset -1  conf 6.48  (2620 s, ~276 min left)
[140/1018] 4LBqJ9On7h4/4LBqJ9On7h4_NA_1030.766_1117.633  offset -3  conf 6.47  (2620 s, ~274 min left)
[141/1018] 4LBqJ9On7h4/4LBqJ9On7h4_NA_879.733_887.866    offset -3  conf 5.67  (2641 s, ~274 min left)
[142/1018] 4N-uz_LM2k4/4N-uz_LM2k4_NA_1522.340_1541.060  offset -6  conf 5.50  (2661 s, ~274 min left)
[143/1018] 4N-uz_LM2k4/4N-uz_LM2k4_NA_5.660_23.820       offset -2  conf 5.87  (2675 s, ~273 min left)
[144/1018] 4P29AZkDZWE/4P29AZkDZWE_NA_1283.215_1404.970  offset +0  conf 8.66  (2675 s, ~271 min left)
[145/1018] 4P29AZkDZWE/4P29AZkDZWE_NA_95.069_115.682     offset +0  conf 7.86  (2700 s, ~271 min left)
[146/1018] 4RY2zPPVZ5Q/4RY2zPPVZ5Q_NA_107.733_128.633    offset +2  conf 8.74  (2721 s, ~271 min left)
[147/1018] 4_HRZP_0e3w/4_HRZP_0e3w_NA_0.100_87.354       offset +1  conf 7.62  (2733 s, ~270 min left)
[148/1018] 4RY2zPPVZ5Q/4RY2zPPVZ5Q_NA_85.333_100.366     offset +2  conf 7.01  (2733 s, ~268 min left)
[149/1018] 4_HRZP_0e3w/4_HRZP_0e3w_NA_87.554_345.478     offset +2  conf 6.98  (2760 s, ~268 min left)
[150/1018] 4giZ8busd2Y/4giZ8busd2Y_NA_194.432_201.432    offset -1  conf 8.59  (2780 s, ~268 min left)
[151/1018] 4nQ9LboawXY/4nQ9LboawXY_NA_598.347_607.223    offset +2  conf 6.22  (2794 s, ~267 min left)
[152/1018] 4giZ8busd2Y/4giZ8busd2Y_NA_69.799_90.133      offset -2  conf 6.40  (2794 s, ~265 min left)
[153/1018] 4nQ9LboawXY/4nQ9LboawXY_NA_95.178_103.053     offset +1  conf 6.82  (2818 s, ~266 min left)
[154/1018] 4wUaTGsC6XU/4wUaTGsC6XU_NA_0.800_202.900      offset -1  conf 6.22  (2838 s, ~265 min left)
[155/1018] 53nShLQ1ewA/53nShLQ1ewA_NA_121.766_163.733    offset +2  conf 8.99  (2856 s, ~265 min left)
[156/1018] 4wUaTGsC6XU/4wUaTGsC6XU_NA_354.233_393.400    offset -1  conf 7.55  (2856 s, ~263 min left)
[157/1018] 53nShLQ1ewA/53nShLQ1ewA_NA_47.366_58.833      offset +2  conf 7.43  (2878 s, ~263 min left)
[158/1018] 5LbrCC8_JQA/5LbrCC8_JQA_NA_0.100_63.191       offset +0  conf 7.35  (2897 s, ~263 min left)
[159/1018] 5LbrCC8_JQA/5LbrCC8_JQA_NA_998.641_1011.150   offset +1  conf 7.84  (2921 s, ~263 min left)
[160/1018] 5jNY1JZ61wg/5jNY1JZ61wg_NA_154.320_194.944    offset +0  conf 9.48  (2921 s, ~261 min left)
[161/1018] 5jNY1JZ61wg/5jNY1JZ61wg_NA_882.164_900.649    offset +0  conf 8.06  (2940 s, ~261 min left)
[162/1018] 5r-qoABSF9E/5r-qoABSF9E_NA_0.100_46.446       offset -3  conf 7.46  (2958 s, ~260 min left)
[163/1018] 5svYYoD_6L8/5svYYoD_6L8_NA_1112.344_1123.655  offset +0  conf 6.64  (2983 s, ~261 min left)
[164/1018] 5r-qoABSF9E/5r-qoABSF9E_NA_493.801_572.847    offset -3  conf 8.70  (2983 s, ~259 min left)
[165/1018] 5svYYoD_6L8/5svYYoD_6L8_NA_820.085_826.792    offset -1  conf 6.48  (3002 s, ~259 min left)
[166/1018] 5txN_vLgwXk/5txN_vLgwXk_NA_122.033_131.466    offset +0  conf 7.42  (3013 s, ~258 min left)
[167/1018] 5vVVogn3QaQ/5vVVogn3QaQ_NA_565.200_591.233    offset -1  conf 4.68  (3042 s, ~258 min left)
[168/1018] 5txN_vLgwXk/5txN_vLgwXk_NA_88.366_112.366     offset +0  conf 9.09  (3042 s, ~257 min left)
[169/1018] 5z7N-ldmE8Y/5z7N-ldmE8Y_NA_697.630_702.685    offset -2  conf 8.05  (3058 s, ~256 min left)
[170/1018] 62ITKQ5a3uM/62ITKQ5a3uM_NA_0.100_6.040        offset -1  conf 7.89  (3068 s, ~255 min left)
[171/1018] 62ITKQ5a3uM/62ITKQ5a3uM_NA_9.220_107.900      offset -1  conf 8.34  (3108 s, ~257 min left)
[172/1018] 67W1K-fvWtM/67W1K-fvWtM_NA_15.115_35.018      offset +0  conf 7.13  (3108 s, ~255 min left)
[173/1018] 67W1K-fvWtM/67W1K-fvWtM_NA_95.653_121.813     offset +0  conf 6.92  (3123 s, ~254 min left)
[174/1018] 6DpuDx_Mzxw/6DpuDx_Mzxw_NA_421.566_428.566    offset -4  conf 4.09  (3124 s, ~253 min left)
[175/1018] 6Klv0mIROAw/6Klv0mIROAw_NA_116.366_126.066    offset +0  conf 6.35  (3177 s, ~255 min left)
[176/1018] 6HF3C-eKHmg/6HF3C-eKHmg_NA_1020.686_1102.034  offset +1  conf 5.73  (3177 s, ~253 min left)
[177/1018] 6Klv0mIROAw/6Klv0mIROAw_NA_353.333_422.366    offset +0  conf 6.78  (3185 s, ~252 min left)
[178/1018] 6Otwtcae6po/6Otwtcae6po_NA_1.966_13.133       offset +0  conf 7.32  (3199 s, ~252 min left)
[179/1018] 6QGIaE77VLs/6QGIaE77VLs_NA_96.066_107.566     offset -1  conf 4.37  (3243 s, ~253 min left)
[180/1018] 6QGIaE77VLs/6QGIaE77VLs_NA_107.766_113.933    offset -1  conf 5.28  (3243 s, ~252 min left)
[181/1018] 6Otwtcae6po/6Otwtcae6po_NA_85.833_98.800      offset +1  conf 8.11  (3258 s, ~251 min left)
[182/1018] 6WDB451zgIs/6WDB451zgIs_NA_53.620_69.620      offset -2  conf 7.25  (3262 s, ~250 min left)
[183/1018] 6WDB451zgIs/6WDB451zgIs_NA_69.820_79.700      offset -2  conf 7.88  (3309 s, ~252 min left)
[184/1018] 6ZKZ-GmgpzQ/6ZKZ-GmgpzQ_NA_178.220_189.860    offset -1  conf 5.84  (3309 s, ~250 min left)
[185/1018] 6ZKZ-GmgpzQ/6ZKZ-GmgpzQ_NA_84.340_90.300      offset -1  conf 5.82  (3313 s, ~249 min left)
[186/1018] 6eLmjQWK1Jk/6eLmjQWK1Jk_NA_157.100_162.833    offset -1  conf 7.94  (3314 s, ~247 min left)
[187/1018] 6gGowhg5LJs/6gGowhg5LJs_NA_147.747_159.459    offset +3  conf 7.52  (3380 s, ~250 min left)
[188/1018] 6gGowhg5LJs/6gGowhg5LJs_NA_0.100_55.322       offset +3  conf 7.20  (3380 s, ~249 min left)
[189/1018] 6iURE7tkPrs/6iURE7tkPrs_NA_0.100_11.878       offset -2  conf 7.05  (3380 s, ~247 min left)
[190/1018] 6eLmjQWK1Jk/6eLmjQWK1Jk_NA_5.966_30.400       offset +0  conf 7.99  (3380 s, ~245 min left)
[191/1018] 6nQFs-C4Hxg/6nQFs-C4Hxg_NA_1002.434_1017.666  offset -1  conf 5.37  (3452 s, ~249 min left)
[192/1018] 6iURE7tkPrs/6iURE7tkPrs_NA_93.226_149.949     offset -2  conf 6.11  (3452 s, ~248 min left)
[193/1018] 6oYqfk_Mbkg/6oYqfk_Mbkg_NA_0.100_29.540       offset -2  conf 6.60  (3452 s, ~246 min left)
[194/1018] 6nQFs-C4Hxg/6nQFs-C4Hxg_NA_806.238_811.335    offset -2  conf 6.30  (3452 s, ~244 min left)
[195/1018] 6ztCfJo3yAY/6ztCfJo3yAY_NA_138.200_146.033    offset +2  conf 3.88  (3528 s, ~248 min left)
[196/1018] 6oYqfk_Mbkg/6oYqfk_Mbkg_NA_968.100_985.480    offset -2  conf 5.70  (3529 s, ~247 min left)
[197/1018] 6rzWZmvtrA8/6rzWZmvtrA8_NA_96.900_103.966     offset -1  conf 7.45  (3529 s, ~245 min left)
[198/1018] 6rzWZmvtrA8/6rzWZmvtrA8_NA_116.166_122.800    offset -1  conf 7.49  (3529 s, ~244 min left)
[199/1018] 7E-ToMBCATk/7E-ToMBCATk_NA_113.520_157.700    offset -3  conf 6.86  (3597 s, ~247 min left)
[200/1018] 7E-ToMBCATk/7E-ToMBCATk_NA_564.740_616.840    offset -4  conf 5.86  (3597 s, ~245 min left)
[201/1018] 7jwWz7bIiJw/7jwWz7bIiJw_NA_211.866_222.600    offset -2  conf 6.30  (3597 s, ~244 min left)
[202/1018] 6ztCfJo3yAY/6ztCfJo3yAY_NA_499.033_504.833    offset +1  conf 6.45  (3597 s, ~242 min left)
[203/1018] 87Vzz_fpIZE/87Vzz_fpIZE_NA_260.380_281.320    offset +0  conf 6.51  (3666 s, ~245 min left)
[204/1018] 7jwWz7bIiJw/7jwWz7bIiJw_NA_420.800_450.800    offset -2  conf 5.66  (3669 s, ~244 min left)
[205/1018] 7r1Y2VnEqEM/7r1Y2VnEqEM_NA_90.139_95.378      offset +1  conf 8.04  (3679 s, ~243 min left)
[206/1018] 7r1Y2VnEqEM/7r1Y2VnEqEM_NA_265.465_334.417    offset +1  conf 7.73  (3683 s, ~242 min left)
[207/1018] 8UNJIovoQ3g/8UNJIovoQ3g_NA_0.975_11.244       offset -3  conf 8.37  (3730 s, ~244 min left)
[208/1018] 87Vzz_fpIZE/87Vzz_fpIZE_NA_901.660_916.920    offset -3  conf 8.30  (3730 s, ~242 min left)
[209/1018] 8UNJIovoQ3g/8UNJIovoQ3g_NA_554.153_582.607    offset -3  conf 7.83  (3743 s, ~241 min left)
[210/1018] 8qOMTqedPrk/8qOMTqedPrk_NA_100.780_107.300    offset -1  conf 7.87  (3743 s, ~240 min left)
[211/1018] 9JE-x6L8Q48/9JE-x6L8Q48_NA_6.422_310.426      offset +1  conf 7.72  (3792 s, ~242 min left)
[212/1018] 8qOMTqedPrk/8qOMTqedPrk_NA_83.020_89.620      offset -1  conf 9.52  (3792 s, ~240 min left)
[213/1018] 9Rwsd8pyclA/9Rwsd8pyclA_NA_5.230_792.358      offset -1  conf 5.50  (3824 s, ~241 min left)
[214/1018] 9d-dnRhxh20/9d-dnRhxh20_NA_0.100_13.663       offset -2  conf 6.90  (3824 s, ~239 min left)
[215/1018] 9i23PyFWYJo/9i23PyFWYJo_NA_188.204_193.510    offset -2  conf 8.03  (3860 s, ~240 min left)
[216/1018] 9d-dnRhxh20/9d-dnRhxh20_NA_58.324_66.508      offset -2  conf 7.67  (3877 s, ~240 min left)
[217/1018] 9mMFGDCaqBo/9mMFGDCaqBo_NA_105.333_122.133    offset +1  conf 5.57  (3903 s, ~240 min left)
[218/1018] 9i23PyFWYJo/9i23PyFWYJo_NA_475.533_482.173    offset -2  conf 7.78  (3903 s, ~239 min left)
[219/1018] 9mMFGDCaqBo/9mMFGDCaqBo_NA_93.600_105.133     offset +2  conf 4.36  (3949 s, ~240 min left)
[220/1018] 9n84Nrsjh1A/9n84Nrsjh1A_NA_0.100_59.100       offset -2  conf 4.37  (3951 s, ~239 min left)
[221/1018] 9n84Nrsjh1A/9n84Nrsjh1A_NA_868.300_1033.020   offset -2  conf 7.51  (3987 s, ~240 min left)
[222/1018] 9ryatLTdrkA/9ryatLTdrkA_NA_553.444_558.708    offset +0  conf 7.16  (4028 s, ~241 min left)
[223/1018] 9wEbAoK4s-4/9wEbAoK4s-4_NA_14.080_29.996      offset +0  conf 7.83  (4037 s, ~240 min left)
[224/1018] 9wEbAoK4s-4/9wEbAoK4s-4_NA_77.277_91.758      offset +0  conf 9.52  (4037 s, ~238 min left)
[225/1018] A-VRsSVBLvk/A-VRsSVBLvk_NA_100.100_111.900    offset +0  conf 8.99  (4061 s, ~239 min left)
[226/1018] A-VRsSVBLvk/A-VRsSVBLvk_NA_593.733_599.900    offset +0  conf 8.04  (4092 s, ~239 min left)
[227/1018] A2sS00egAzg/A2sS00egAzg_NA_138.320_149.680    offset +1  conf 9.38  (4124 s, ~240 min left)
[228/1018] A2sS00egAzg/A2sS00egAzg_NA_784.280_814.800    offset +1  conf 7.43  (4125 s, ~238 min left)
[229/1018] A63Ko68Td6A/A63Ko68Td6A_NA_188.833_200.666    offset +1  conf 7.97  (4140 s, ~238 min left)
[230/1018] A63Ko68Td6A/A63Ko68Td6A_NA_404.566_410.233    offset +1  conf 8.01  (4159 s, ~237 min left)
[231/1018] AaKCCo_591g/AaKCCo_591g_NA_11.100_16.483      offset -2  conf 6.63  (4193 s, ~238 min left)
[232/1018] ATpg3O9XdCs/ATpg3O9XdCs_NA_1009.308_1024.490  offset +0  conf 8.34  (4193 s, ~237 min left)
[233/1018] ATpg3O9XdCs/ATpg3O9XdCs_NA_947.813_972.538    offset +0  conf 9.93  (4193 s, ~235 min left)
[234/1018] AaKCCo_591g/AaKCCo_591g_NA_50.558_57.358      offset -2  conf 8.09  (4222 s, ~236 min left)
[235/1018] BGkGLbxSQtg/BGkGLbxSQtg_NA_74.566_100.000     offset +2  conf 6.52  (4259 s, ~237 min left)
[236/1018] BGkGLbxSQtg/BGkGLbxSQtg_NA_0.100_16.500       offset +2  conf 4.83  (4259 s, ~235 min left)
[237/1018] BIHgbsglrTc/BIHgbsglrTc_NA_1199.333_1206.933  offset +1  conf 6.00  (4319 s, ~237 min left)
[238/1018] BHtHCfGGWOs/BHtHCfGGWOs_NA_102.020_142.180    offset -1  conf 8.33  (4319 s, ~236 min left)
[239/1018] BIHgbsglrTc/BIHgbsglrTc_NA_846.300_875.966    offset +1  conf 8.53  (4320 s, ~235 min left)
[240/1018] BHtHCfGGWOs/BHtHCfGGWOs_NA_932.060_938.580    offset -1  conf 8.63  (4335 s, ~234 min left)
[241/1018] BIvePQfQ-nI/BIvePQfQ-nI_NA_88.021_93.793      offset +0  conf 7.62  (4384 s, ~236 min left)
[242/1018] BIvePQfQ-nI/BIvePQfQ-nI_NA_148.348_153.887    offset +0  conf 7.56  (4384 s, ~234 min left)
[243/1018] BKnOmI5ZG_A/BKnOmI5ZG_A_NA_916.015_928.594    offset +1  conf 6.25  (4384 s, ~233 min left)
[244/1018] BN253-StVSA/BN253-StVSA_NA_192.166_206.366    offset +0  conf 4.39  (4392 s, ~232 min left)
[245/1018] BRDOVcfpJ2o/BRDOVcfpJ2o_NA_951.533_972.800    offset +1  conf 8.09  (4459 s, ~234 min left)
[246/1018] BO-pyLZbvcg/BO-pyLZbvcg_NA_1004.520_1012.912  offset -1  conf 8.95  (4459 s, ~233 min left)
[247/1018] BO-pyLZbvcg/BO-pyLZbvcg_NA_979.620_989.138    offset -1  conf 9.21  (4459 s, ~232 min left)
[248/1018] BRDOVcfpJ2o/BRDOVcfpJ2o_NA_153.566_160.000    offset +1  conf 6.99  (4459 s, ~231 min left)
[249/1018] BUBsfNrC3ls/BUBsfNrC3ls_NA_128.850_147.233    offset +0  conf 9.97  (4525 s, ~233 min left)
[250/1018] BUBsfNrC3ls/BUBsfNrC3ls_NA_752.016_764.441    offset +0  conf 7.06  (4525 s, ~232 min left)
[251/1018] BSjp_bpA8z8/BSjp_bpA8z8_NA_1088.387_1110.509  offset -1  conf 6.33  (4525 s, ~230 min left)
[252/1018] BSjp_bpA8z8/BSjp_bpA8z8_NA_981.847_1088.187   offset -1  conf 6.30  (4525 s, ~229 min left)
[253/1018] BrCXGqqJnr0/BrCXGqqJnr0_NA_101.800_107.500    offset -2  conf 4.87  (4588 s, ~231 min left)
[254/1018] BZVNRmluHAc/BZVNRmluHAc_NA_655.733_664.866    offset +2  conf 7.59  (4595 s, ~230 min left)
[255/1018] BjwSY9atmsQ/BjwSY9atmsQ_NA_0.100_38.538       offset +1  conf 8.49  (4595 s, ~229 min left)
[256/1018] BZVNRmluHAc/BZVNRmluHAc_NA_394.433_402.500    offset +3  conf 9.07  (4595 s, ~228 min left)
[257/1018] BrCXGqqJnr0/BrCXGqqJnr0_NA_79.933_88.900      offset -2  conf 6.85  (4648 s, ~229 min left)
[258/1018] C-4DnV33TU0/C-4DnV33TU0_NA_872.800_894.800    offset -3  conf 8.76  (4655 s, ~229 min left)
[259/1018] CEAkZhY62YM/CEAkZhY62YM_NA_0.100_28.366       offset +2  conf 7.55  (4655 s, ~227 min left)
[260/1018] C-4DnV33TU0/C-4DnV33TU0_NA_0.100_124.633      offset -3  conf 6.96  (4655 s, ~226 min left)
[261/1018] CEAkZhY62YM/CEAkZhY62YM_NA_97.900_125.833     offset +2  conf 7.41  (4708 s, ~228 min left)
[262/1018] CPlu9SzgyQ0/CPlu9SzgyQ0_NA_0.100_60.683       offset -1  conf 4.57  (4717 s, ~227 min left)
[263/1018] CPlu9SzgyQ0/CPlu9SzgyQ0_NA_984.716_995.450    offset +0  conf 6.59  (4717 s, ~226 min left)
[264/1018] CetgZkixtaM/CetgZkixtaM_NA_115.633_123.066    offset +0  conf 5.79  (4731 s, ~225 min left)
[265/1018] D_9hGI76TdE/D_9hGI76TdE_NA_16.449_21.721      offset +1  conf 7.07  (4778 s, ~226 min left)
[266/1018] D_9hGI76TdE/D_9hGI76TdE_NA_963.595_975.441    offset +1  conf 7.13  (4789 s, ~226 min left)
[267/1018] Ct91hUJB6O8/Ct91hUJB6O8_NA_168.766_175.666    offset +2  conf 6.85  (4789 s, ~225 min left)
[268/1018] CetgZkixtaM/CetgZkixtaM_NA_83.733_91.900      offset +0  conf 4.70  (4792 s, ~223 min left)
[269/1018] D_tOMA7EHbA/D_tOMA7EHbA_NA_166.460_178.780    offset -2  conf 4.97  (4838 s, ~225 min left)
[270/1018] D_tOMA7EHbA/D_tOMA7EHbA_NA_547.540_565.460    offset -2  conf 5.82  (4853 s, ~224 min left)
[271/1018] DbctWcOIOsg/DbctWcOIOsg_NA_133.733_155.366    offset +1  conf 6.94  (4853 s, ~223 min left)
[272/1018] DbctWcOIOsg/DbctWcOIOsg_NA_9.066_16.266       offset +1  conf 6.74  (4853 s, ~222 min left)
[273/1018] Dc-3bv5T22M/Dc-3bv5T22M_NA_312.345_318.434    offset +0  conf 1.37  (4894 s, ~223 min left)
[274/1018] Df0vq2jz5Ws/Df0vq2jz5Ws_NA_0.100_7.260        offset -1  conf 10.17  (4913 s, ~222 min left)
[275/1018] DdYpS53DUmA/DdYpS53DUmA_NA_1033.048_1038.253  offset +1  conf 8.12  (4916 s, ~221 min left)
[276/1018] DdYpS53DUmA/DdYpS53DUmA_NA_972.321_980.913    offset +1  conf 9.02  (4916 s, ~220 min left)
[277/1018] Df0vq2jz5Ws/Df0vq2jz5Ws_NA_472.100_566.660    offset -1  conf 10.34  (4947 s, ~221 min left)
[278/1018] Dg_sbBaiZUw/Dg_sbBaiZUw_NA_740.300_752.133    offset -1  conf 6.33  (4976 s, ~221 min left)
[279/1018] DjM25G0wSXI/DjM25G0wSXI_NA_383.191_404.679    offset +0  conf 9.01  (4976 s, ~220 min left)
[280/1018] Dg_sbBaiZUw/Dg_sbBaiZUw_NA_0.100_16.566       offset -1  conf 5.50  (4976 s, ~219 min left)
[281/1018] DjM25G0wSXI/DjM25G0wSXI_NA_851.241_866.766    offset +0  conf 7.80  (5002 s, ~219 min left)
[282/1018] Dl-LckPNYBs/Dl-LckPNYBs_NA_122.740_130.500    offset -1  conf 7.76  (5039 s, ~219 min left)
[283/1018] Dlep-mfcRAY/Dlep-mfcRAY_NA_8.108_195.795      offset +0  conf 1.89  (5039 s, ~218 min left)
[284/1018] Dl-LckPNYBs/Dl-LckPNYBs_NA_9.900_29.340       offset -1  conf 8.39  (5039 s, ~217 min left)
[285/1018] DmiKntmZBOc/DmiKntmZBOc_NA_278.133_286.633    offset +1  conf 6.12  (5060 s, ~217 min left)
[286/1018] DnJ2czr-Vf0/DnJ2czr-Vf0_NA_73.806_189.722     offset +1  conf 5.53  (5103 s, ~218 min left)
[287/1018] DnJ2czr-Vf0/DnJ2czr-Vf0_NA_0.100_73.606       offset +1  conf 6.28  (5103 s, ~217 min left)
[288/1018] DmiKntmZBOc/DmiKntmZBOc_NA_85.600_93.533      offset +1  conf 4.54  (5103 s, ~216 min left)
[289/1018] Do46B4S5Ghk/Do46B4S5Ghk_NA_0.100_7.707        offset -1  conf 7.41  (5120 s, ~215 min left)
[290/1018] Do46B4S5Ghk/Do46B4S5Ghk_NA_836.368_1453.851   offset -1  conf 7.16  (5175 s, ~217 min left)
[291/1018] DqLXMkjM8L8/DqLXMkjM8L8_NA_117.842_127.110    offset +0  conf 8.38  (5175 s, ~215 min left)
[292/1018] DqLXMkjM8L8/DqLXMkjM8L8_NA_957.556_968.701    offset -1  conf 7.03  (5176 s, ~214 min left)
[293/1018] Drx1W15Fclw/Drx1W15Fclw_NA_275.500_296.566    offset +0  conf 5.43  (5189 s, ~214 min left)
[294/1018] DuVI_AGc8G4/DuVI_AGc8G4_NA_123.333_136.366    offset +0  conf 6.10  (5234 s, ~215 min left)
[295/1018] Dt5xx8GhigU/Dt5xx8GhigU_NA_102.260_108.060    offset +0  conf 5.07  (5234 s, ~214 min left)
[296/1018] Dt5xx8GhigU/Dt5xx8GhigU_NA_85.740_94.460      offset -1  conf 5.60  (5236 s, ~213 min left)
[297/1018] DuVI_AGc8G4/DuVI_AGc8G4_NA_61.166_72.566      offset +0  conf 6.52  (5236 s, ~212 min left)
[298/1018] E0yxTOkhzSI/E0yxTOkhzSI_NA_109.100_114.180    offset -2  conf 8.75  (5284 s, ~213 min left)
[299/1018] DzbrLh4vjis/DzbrLh4vjis_NA_162.929_168.443    offset -2  conf 5.34  (5284 s, ~212 min left)
[300/1018] DzbrLh4vjis/DzbrLh4vjis_NA_938.037_943.801    offset -2  conf 6.58  (5286 s, ~211 min left)
[301/1018] DyNXSFxbxAE/DyNXSFxbxAE_NA_0.100_190.266      offset +1  conf 0.85  (5286 s, ~210 min left)
[302/1018] E2bwzMqBM-M/E2bwzMqBM-M_NA_56.623_103.837     offset +0  conf 7.50  (5342 s, ~211 min left)
[303/1018] E2bwzMqBM-M/E2bwzMqBM-M_NA_107.440_115.315    offset +0  conf 8.43  (5342 s, ~210 min left)
[304/1018] E0yxTOkhzSI/E0yxTOkhzSI_NA_57.620_72.180      offset -2  conf 8.34  (5342 s, ~209 min left)
[305/1018] E3lZSKurZR8/E3lZSKurZR8_NA_192.800_199.133    offset +0  conf 7.39  (5342 s, ~208 min left)
[306/1018] E3lZSKurZR8/E3lZSKurZR8_NA_730.466_739.833    offset +0  conf 9.53  (5403 s, ~210 min left)
[307/1018] E53ZfFx8pwc/E53ZfFx8pwc_NA_110.891_123.525    offset +3  conf 8.59  (5403 s, ~209 min left)
[308/1018] E53ZfFx8pwc/E53ZfFx8pwc_NA_65.141_76.025      offset +2  conf 7.66  (5403 s, ~208 min left)
[309/1018] E5kwbWQh0Zw/E5kwbWQh0Zw_NA_499.000_512.400    offset +1  conf 4.58  (5404 s, ~207 min left)
[310/1018] E7p4LO7H-L8/E7p4LO7H-L8_NA_509.100_514.183    offset +0  conf 4.54  (5452 s, ~208 min left)
[311/1018] E6o4EBTGAhs/E6o4EBTGAhs_NA_0.100_14.381       offset -2  conf 7.03  (5459 s, ~207 min left)
[312/1018] E7HzEIIr-4M/E7HzEIIr-4M_NA_763.100_776.780    offset +0  conf 8.38  (5459 s, ~206 min left)
[313/1018] E6o4EBTGAhs/E6o4EBTGAhs_NA_477.510_535.902    offset -2  conf 7.19  (5459 s, ~205 min left)
[314/1018] E7p4LO7H-L8/E7p4LO7H-L8_NA_586.566_600.766    offset +1  conf 4.38  (5498 s, ~205 min left)
[315/1018] E9KUkxnzpgA/E9KUkxnzpgA_NA_90.156_112.278     offset +2  conf 5.41  (5510 s, ~205 min left)
[316/1018] EA94pj-Luk0/EA94pj-Luk0_NA_355.555_367.834    offset +1  conf 7.10  (5510 s, ~204 min left)
[317/1018] E9KUkxnzpgA/E9KUkxnzpgA_NA_0.100_24.791       offset +2  conf 4.65  (5510 s, ~203 min left)
[318/1018] EA94pj-Luk0/EA94pj-Luk0_NA_996.595_1008.874   offset +2  conf 6.59  (5542 s, ~203 min left)
[319/1018] EFDm9cSIt8Q/EFDm9cSIt8Q_NA_96.100_107.900     offset +2  conf 5.26  (5562 s, ~203 min left)
[320/1018] EDkaQj7K5_c/EDkaQj7K5_c_NA_498.850_505.275    offset +1  conf 8.48  (5562 s, ~202 min left)
[321/1018] EFDm9cSIt8Q/EFDm9cSIt8Q_NA_0.100_6.466        offset +1  conf 5.65  (5562 s, ~201 min left)
[322/1018] EG98MzbPYv8/EG98MzbPYv8_NA_93.359_100.000     offset +1  conf 5.54  (5589 s, ~201 min left)
[323/1018] EKEYTSVURkA/EKEYTSVURkA_NA_1000.033_1009.900  offset +1  conf 10.00  (5614 s, ~201 min left)
[324/1018] EI-NFiBtJok/EI-NFiBtJok_NA_0.100_108.500      offset -2  conf 7.92  (5620 s, ~201 min left)
[325/1018] EI-NFiBtJok/EI-NFiBtJok_NA_603.980_720.000    offset -2  conf 9.21  (5620 s, ~200 min left)
[326/1018] EKEYTSVURkA/EKEYTSVURkA_NA_993.933_999.833    offset +1  conf 10.04  (5634 s, ~199 min left)
[327/1018] ELJbNoRCY_Y/ELJbNoRCY_Y_NA_292.000_300.266    offset +0  conf 5.59  (5658 s, ~199 min left)
[328/1018] ELJbNoRCY_Y/ELJbNoRCY_Y_NA_755.200_762.133    offset -2  conf 6.69  (5670 s, ~199 min left)
[329/1018] EPQ0SodHiOw/EPQ0SodHiOw_NA_1025.040_1046.020  offset -1  conf 8.16  (5670 s, ~198 min left)
[330/1018] EPQ0SodHiOw/EPQ0SodHiOw_NA_93.440_98.800      offset -1  conf 6.48  (5678 s, ~197 min left)
[331/1018] EPiFYxAl-tk/EPiFYxAl-tk_NA_18.166_24.466      offset +0  conf 5.95  (5701 s, ~197 min left)
[332/1018] EQyKLxRuwaQ/EQyKLxRuwaQ_NA_797.796_806.038    offset +0  conf 4.21  (5723 s, ~197 min left)
[333/1018] EPiFYxAl-tk/EPiFYxAl-tk_NA_49.300_58.333      offset +0  conf 5.07  (5723 s, ~196 min left)
[334/1018] EQyKLxRuwaQ/EQyKLxRuwaQ_NA_5.972_13.713       offset +0  conf 2.81  (5723 s, ~195 min left)
[335/1018] ESkKY6wHTGw/ESkKY6wHTGw_NA_352.833_387.766    offset +2  conf 4.97  (5746 s, ~195 min left)
[336/1018] EUdIpoyEDOk/EUdIpoyEDOk_NA_107.640_115.048    offset +0  conf 4.30  (5779 s, ~196 min left)
[337/1018] EUdIpoyEDOk/EUdIpoyEDOk_NA_86.252_95.996      offset -1  conf 4.00  (5779 s, ~195 min left)
[338/1018] ESkKY6wHTGw/ESkKY6wHTGw_NA_391.333_480.933    offset +2  conf 3.30  (5779 s, ~194 min left)
[339/1018] EVpStAbN76k/EVpStAbN76k_NA_0.100_9.910        offset +0  conf 5.96  (5793 s, ~193 min left)
[340/1018] EVpStAbN76k/EVpStAbN76k_NA_865.781_872.721    offset +0  conf 7.10  (5828 s, ~194 min left)
[341/1018] EX2rgOzI7iY/EX2rgOzI7iY_NA_144.433_475.466    offset +1  conf 7.05  (5828 s, ~193 min left)
[342/1018] EX2rgOzI7iY/EX2rgOzI7iY_NA_8.533_27.100       offset +1  conf 6.94  (5828 s, ~192 min left)
[343/1018] EZaldeF0q0Q/EZaldeF0q0Q_NA_224.016_299.800    offset -1  conf 8.56  (5841 s, ~192 min left)
[344/1018] Eclnp5jOdjg/Eclnp5jOdjg_NA_14.214_19.586      offset +1  conf 4.76  (5881 s, ~192 min left)
[345/1018] EZaldeF0q0Q/EZaldeF0q0Q_NA_667.350_738.733    offset +0  conf 9.60  (5881 s, ~191 min left)
[346/1018] Eclnp5jOdjg/Eclnp5jOdjg_NA_787.553_798.431    offset +1  conf 6.10  (5881 s, ~190 min left)
[347/1018] EeVqulqnofo/EeVqulqnofo_NA_120.119_127.861    offset +0  conf 7.60  (5888 s, ~190 min left)
[348/1018] EeVqulqnofo/EeVqulqnofo_NA_74.591_80.030      offset +0  conf 8.02  (5929 s, ~190 min left)
[349/1018] Ef4xeMlSQKo/Ef4xeMlSQKo_NA_0.766_60.483       offset -1  conf 6.80  (5932 s, ~190 min left)
[350/1018] EnWuWuyccag/EnWuWuyccag_NA_0.100_34.733       offset +1  conf 8.55  (5932 s, ~189 min left)
[351/1018] EnWuWuyccag/EnWuWuyccag_NA_74.200_160.966     offset +2  conf 4.20  (5938 s, ~188 min left)
[352/1018] EsxM1M4QTtM/EsxM1M4QTtM_NA_90.100_95.333      offset +0  conf 4.83  (5982 s, ~189 min left)
[353/1018] EsxM1M4QTtM/EsxM1M4QTtM_NA_112.800_123.400    offset +0  conf 5.24  (5982 s, ~188 min left)
[354/1018] EplyAJxxF3E/EplyAJxxF3E_NA_30.700_58.366      offset -1  conf 6.02  (5983 s, ~187 min left)
[355/1018] EplyAJxxF3E/EplyAJxxF3E_NA_0.100_18.233       offset +0  conf 7.23  (5983 s, ~186 min left)
[356/1018] Eu1a3LXHddc/Eu1a3LXHddc_NA_109.250_169.050    offset +2  conf 6.83  (6039 s, ~187 min left)
[357/1018] EwGo6lm42bw/EwGo6lm42bw_NA_671.133_679.133    offset +1  conf 6.34  (6039 s, ~186 min left)
[358/1018] EwGo6lm42bw/EwGo6lm42bw_NA_1244.332_1256.566  offset +1  conf 6.08  (6039 s, ~186 min left)
[359/1018] Ezj9oi0NXzs/Ezj9oi0NXzs_NA_122.033_142.366    offset -1  conf 5.11  (6039 s, ~185 min left)
[360/1018] F11eewBggRY/F11eewBggRY_NA_678.844_691.857    offset +1  conf 6.14  (6095 s, ~186 min left)
[361/1018] F11eewBggRY/F11eewBggRY_NA_0.100_10.777       offset +1  conf 8.86  (6095 s, ~185 min left)
[362/1018] Ezj9oi0NXzs/Ezj9oi0NXzs_NA_827.433_928.033    offset -1  conf 4.86  (6095 s, ~184 min left)
[363/1018] F2Rm4dayjdI/F2Rm4dayjdI_NA_18.966_32.600      offset -1  conf 7.90  (6095 s, ~183 min left)
[364/1018] F2Rm4dayjdI/F2Rm4dayjdI_NA_83.100_88.933      offset -1  conf 7.60  (6152 s, ~184 min left)
[365/1018] F6ZL058V840/F6ZL058V840_NA_197.005_208.358    offset -4  conf 7.38  (6152 s, ~183 min left)
[366/1018] F5RN__P-e_U/F5RN__P-e_U_NA_118.460_253.180    offset -1  conf 8.15  (6153 s, ~183 min left)
[367/1018] F5RN__P-e_U/F5RN__P-e_U_NA_256.300_353.060    offset -1  conf 7.32  (6153 s, ~182 min left)
[368/1018] F98uC_r50oE/F98uC_r50oE_NA_392.716_399.983    offset -3  conf 6.50  (6210 s, ~183 min left)
[369/1018] FC4jcrB4RHc/FC4jcrB4RHc_NA_19.666_25.966      offset +1  conf 7.97  (6210 s, ~182 min left)
[370/1018] F98uC_r50oE/F98uC_r50oE_NA_80.983_87.900      offset -3  conf 5.82  (6210 s, ~181 min left)
[371/1018] F6ZL058V840/F6ZL058V840_NA_84.017_126.693     offset -4  conf 7.54  (6210 s, ~180 min left)
[372/1018] FC4jcrB4RHc/FC4jcrB4RHc_NA_544.300_549.866    offset +1  conf 8.15  (6263 s, ~181 min left)
[373/1018] FCBWt2U_bmQ/FCBWt2U_bmQ_NA_214.380_220.780    offset -1  conf 7.01  (6263 s, ~181 min left)
[374/1018] FGEIpSSbvrc/FGEIpSSbvrc_NA_0.100_7.557        offset +0  conf 6.24  (6264 s, ~180 min left)
[375/1018] FCBWt2U_bmQ/FCBWt2U_bmQ_NA_576.020_595.020    offset -1  conf 9.82  (6265 s, ~179 min left)
[376/1018] FNMU-AtF8pw/FNMU-AtF8pw_NA_54.433_91.833      offset +0  conf 4.46  (6323 s, ~180 min left)
[377/1018] FNMU-AtF8pw/FNMU-AtF8pw_NA_180.566_208.400    offset +0  conf 5.82  (6323 s, ~179 min left)
[378/1018] FLxt4Sbpud4/FLxt4Sbpud4_NA_466.533_522.166    offset +1  conf 5.50  (6324 s, ~178 min left)
[379/1018] FLxt4Sbpud4/FLxt4Sbpud4_NA_0.100_9.666        offset +1  conf 6.09  (6324 s, ~178 min left)
[380/1018] FPD8cTKwtc8/FPD8cTKwtc8_NA_106.180_111.460    offset -1  conf 8.71  (6378 s, ~178 min left)
[381/1018] FPctx5SX6Mo/FPctx5SX6Mo_NA_99.282_108.550     offset -1  conf 7.37  (6378 s, ~178 min left)
[382/1018] FPctx5SX6Mo/FPctx5SX6Mo_NA_110.460_120.979    offset -1  conf 7.01  (6379 s, ~177 min left)
[383/1018] FPD8cTKwtc8/FPD8cTKwtc8_NA_72.100_80.220      offset -1  conf 8.44  (6379 s, ~176 min left)
[384/1018] FVUkKKc3Vvk/FVUkKKc3Vvk_NA_545.100_564.775    offset -1  conf 7.82  (6434 s, ~177 min left)
[385/1018] FVUkKKc3Vvk/FVUkKKc3Vvk_NA_597.683_622.733    offset -1  conf 8.33  (6434 s, ~176 min left)
[386/1018] FSvkdMifFg4/FSvkdMifFg4_NA_336.769_355.788    offset +0  conf 5.85  (6434 s, ~176 min left)
[387/1018] FSvkdMifFg4/FSvkdMifFg4_NA_748.280_763.462    offset +0  conf 4.84  (6434 s, ~175 min left)
[388/1018] FXtHVmUB-LA/FXtHVmUB-LA_NA_230.196_236.870    offset +0  conf 6.93  (6488 s, ~176 min left)
[389/1018] FZ9QcAu6AO8/FZ9QcAu6AO8_NA_447.260_453.020    offset -1  conf 6.86  (6488 s, ~175 min left)
[390/1018] FXtHVmUB-LA/FXtHVmUB-LA_NA_535.868_565.198    offset +0  conf 5.46  (6488 s, ~174 min left)
[391/1018] FZ9QcAu6AO8/FZ9QcAu6AO8_NA_274.980_280.060    offset -2  conf 6.82  (6488 s, ~173 min left)
[392/1018] F_BAAhKIFlo/F_BAAhKIFlo_NA_430.266_440.033    offset -2  conf 6.80  (6549 s, ~174 min left)
[393/1018] F_BAAhKIFlo/F_BAAhKIFlo_NA_182.900_191.266    offset -2  conf 4.52  (6549 s, ~174 min left)
[394/1018] FayyOOS6qB8/FayyOOS6qB8_NA_96.446_119.144     offset +14  conf 0.48  (6549 s, ~173 min left)
[395/1018] FfagcFOzntU/FfagcFOzntU_NA_0.100_315.133      offset -1  conf 7.85  (6549 s, ~172 min left)
[396/1018] FfagcFOzntU/FfagcFOzntU_NA_619.700_1094.800   offset -1  conf 7.86  (6604 s, ~173 min left)
[397/1018] Fgki-jZeV3I/Fgki-jZeV3I_NA_398.900_475.866    offset +0  conf 7.29  (6614 s, ~172 min left)
[398/1018] Fgki-jZeV3I/Fgki-jZeV3I_NA_170.433_183.633    offset +1  conf 6.56  (6614 s, ~172 min left)
[399/1018] Fj63jHuCjrQ/Fj63jHuCjrQ_NA_11.653_37.354      offset -2  conf 6.05  (6615 s, ~171 min left)
[400/1018] Fj63jHuCjrQ/Fj63jHuCjrQ_NA_997.846_1012.119   offset -2  conf 6.65  (6658 s, ~171 min left)
[401/1018] FmjPtdP0Pv0/FmjPtdP0Pv0_NA_202.400_219.500    offset +2  conf 7.57  (6674 s, ~171 min left)
[402/1018] FlwziqbfpNI/FlwziqbfpNI_NA_3713.580_3729.980  offset +0  conf 7.80  (6674 s, ~170 min left)
[403/1018] FlwziqbfpNI/FlwziqbfpNI_NA_1028.300_1077.620  offset +1  conf 7.76  (6674 s, ~170 min left)
[404/1018] FmjPtdP0Pv0/FmjPtdP0Pv0_NA_654.200_683.833    offset +2  conf 7.61  (6710 s, ~170 min left)
[405/1018] G5eLn6C7wvU/G5eLn6C7wvU_NA_496.833_556.900    offset +1  conf 8.02  (6726 s, ~170 min left)
[406/1018] FpiWSFcL3-c/FpiWSFcL3-c_NA_89.856_94.953      offset -2  conf 8.31  (6726 s, ~169 min left)
[407/1018] FpiWSFcL3-c/FpiWSFcL3-c_NA_0.100_6.907        offset -2  conf 8.72  (6726 s, ~168 min left)
[408/1018] G5eLn6C7wvU/G5eLn6C7wvU_NA_557.100_589.933    offset +1  conf 7.96  (6773 s, ~169 min left)
[409/1018] GOWSGt2iFrg/GOWSGt2iFrg_NA_70.420_107.549     offset -2  conf 3.74  (6825 s, ~169 min left)
[410/1018] GE8-oNbgBkw/GE8-oNbgBkw_NA_44.911_56.523      offset +1  conf 9.44  (6826 s, ~169 min left)
[411/1018] GOWSGt2iFrg/GOWSGt2iFrg_NA_210.310_221.329    offset -2  conf 4.13  (6826 s, ~168 min left)
[412/1018] GQDToCghFhA/GQDToCghFhA_NA_0.100_13.866       offset -3  conf 6.67  (6909 s, ~169 min left)
[413/1018] GStVQB3s1-0/GStVQB3s1-0_NA_10.243_26.726      offset +4  conf 6.47  (6910 s, ~169 min left)
[414/1018] GRjW7KfsmaA/GRjW7KfsmaA_NA_3608.533_3614.233  offset +2  conf 6.20  (6915 s, ~168 min left)
[415/1018] GQDToCghFhA/GQDToCghFhA_NA_627.400_643.700    offset -3  conf 6.41  (6960 s, ~169 min left)
[416/1018] GWDyq3LKAh4/GWDyq3LKAh4_NA_95.220_133.100     offset +0  conf 6.62  (6990 s, ~169 min left)
[417/1018] GWDyq3LKAh4/GWDyq3LKAh4_NA_133.300_151.940    offset +0  conf 6.29  (6991 s, ~168 min left)
[418/1018] GStVQB3s1-0/GStVQB3s1-0_NA_984.283_1004.169   offset +4  conf 6.13  (6991 s, ~167 min left)
[419/1018] GXd4to5ceb4/GXd4to5ceb4_NA_0.100_215.315      offset +2  conf 7.54  (7025 s, ~167 min left)
[420/1018] GYpayTHfpP0/GYpayTHfpP0_NA_3.636_31.031       offset -1  conf 6.91  (7071 s, ~168 min left)
[421/1018] GZW13_DpMOQ/GZW13_DpMOQ_NA_0.100_135.740      offset -2  conf 9.20  (7118 s, ~168 min left)
[422/1018] GYyoAZhiVLE/GYyoAZhiVLE_NA_1418.900_1453.433  offset +0  conf 7.21  (7126 s, ~168 min left)
[423/1018] GYyoAZhiVLE/GYyoAZhiVLE_NA_765.033_864.100    offset +0  conf 7.10  (7126 s, ~167 min left)
[424/1018] GZW13_DpMOQ/GZW13_DpMOQ_NA_271.300_425.020    offset -2  conf 9.05  (7154 s, ~167 min left)
[425/1018] GbOSmQlAQrs/GbOSmQlAQrs_NA_227.220_266.260    offset -2  conf 6.58  (7195 s, ~167 min left)
[426/1018] GdQkyQrQawM/GdQkyQrQawM_NA_13.379_30.897      offset +0  conf 7.52  (7205 s, ~167 min left)
[427/1018] GbOSmQlAQrs/GbOSmQlAQrs_NA_866.900_876.180    offset -2  conf 5.34  (7205 s, ~166 min left)
[428/1018] GdQkyQrQawM/GdQkyQrQawM_NA_595.995_614.000    offset +0  conf 9.39  (7238 s, ~166 min left)
[429/1018] Gg7irtN09dY/Gg7irtN09dY_NA_106.800_113.200    offset +0  conf 5.78  (7282 s, ~167 min left)
[430/1018] Gg7irtN09dY/Gg7irtN09dY_NA_752.833_762.566    offset +0  conf 5.71  (7314 s, ~167 min left)
[431/1018] GemYSW04UI4/GemYSW04UI4_NA_1028.540_1037.460  offset -1  conf 5.15  (7344 s, ~167 min left)
[432/1018] GhyByoZoHMw/GhyByoZoHMw_NA_105.820_131.620    offset -1  conf 7.70  (7353 s, ~166 min left)
[433/1018] GemYSW04UI4/GemYSW04UI4_NA_968.620_976.700    offset -1  conf 5.49  (7353 s, ~166 min left)
[434/1018] GhyByoZoHMw/GhyByoZoHMw_NA_477.980_489.460    offset -1  conf 7.48  (7383 s, ~166 min left)
[435/1018] HCgI4F3unXE/HCgI4F3unXE_NA_228.000_235.240    offset -2  conf 7.45  (7394 s, ~165 min left)
[436/1018] HCgI4F3unXE/HCgI4F3unXE_NA_95.560_103.960     offset -2  conf 5.47  (7405 s, ~165 min left)
[437/1018] HDQofcdlkGY/HDQofcdlkGY_NA_183.149_188.321    offset +0  conf 2.81  (7405 s, ~164 min left)
[438/1018] HF8yzM5qfg0/HF8yzM5qfg0_NA_131.533_145.800    offset +2  conf 3.60  (7429 s, ~164 min left)
[439/1018] HF8yzM5qfg0/HF8yzM5qfg0_NA_98.166_131.333     offset +6  conf 4.48  (7444 s, ~164 min left)
[440/1018] HGPuIebqobk/HGPuIebqobk_NA_961.540_980.180    offset -1  conf 4.90  (7458 s, ~163 min left)
[441/1018] HGPuIebqobk/HGPuIebqobk_NA_1009.460_1054.060  offset -1  conf 6.46  (7458 s, ~163 min left)
[442/1018] HGt5IKB0GqU/HGt5IKB0GqU_NA_11.400_27.200      offset +0  conf 8.19  (7479 s, ~162 min left)
[443/1018] HGt5IKB0GqU/HGt5IKB0GqU_NA_329.733_335.866    offset +0  conf 10.07  (7495 s, ~162 min left)
[444/1018] HHNJgzd9HUU/HHNJgzd9HUU_NA_0.100_52.000       offset +0  conf 6.88  (7509 s, ~162 min left)
[445/1018] HHNJgzd9HUU/HHNJgzd9HUU_NA_71.566_267.433     offset +0  conf 6.18  (7509 s, ~161 min left)
[446/1018] HIPyl_AbixQ/HIPyl_AbixQ_NA_0.100_18.533       offset +0  conf 6.54  (7531 s, ~161 min left)
[447/1018] HIPyl_AbixQ/HIPyl_AbixQ_NA_422.833_448.666    offset -1  conf 7.85  (7548 s, ~161 min left)
[448/1018] HK28XBubH6U/HK28XBubH6U_NA_1225.791_1249.581  offset -1  conf 6.60  (7563 s, ~160 min left)
[449/1018] HK28XBubH6U/HK28XBubH6U_NA_854.186_864.396    offset -1  conf 5.16  (7563 s, ~160 min left)
[450/1018] HLwvyD1MbSM/HLwvyD1MbSM_NA_216.190_223.039    offset -1  conf 6.73  (7584 s, ~160 min left)
  [lse] could not parse run_syncnet.py output for clip.mp4:

2026-10-07 20:47:25,066 SyncNetInstance INFO: Using device: cuda
2026-10-07 20:47:25,908 __main__ INFO: Model data/syncnet_v2.model loaded.

[451/1018] HRoolaQ-WKw/HRoolaQ-WKw_NA_228.033_264.933    offset +nan  conf nan  (7603 s, ~159 min left)
[452/1018] HQi4jaN3G0A/HQi4jaN3G0A_NA_6.397_304.537      offset +0  conf 5.87  (7603 s, ~159 min left)
[453/1018] HURkewhFaso/HURkewhFaso_NA_150.233_156.200    offset +1  conf 7.87  (7606 s, ~158 min left)
[454/1018] HURkewhFaso/HURkewhFaso_NA_160.366_168.133    offset +1  conf 8.53  (7633 s, ~158 min left)
[455/1018] HZ3j4hHMO5E/HZ3j4hHMO5E_NA_964.396_975.124    offset -1  conf 8.52  (7658 s, ~158 min left)
[456/1018] HZ3j4hHMO5E/HZ3j4hHMO5E_NA_1173.730_1182.247  offset -1  conf 6.96  (7658 s, ~157 min left)
[457/1018] H_Y_iM5npnw/H_Y_iM5npnw_NA_104.003_112.178    offset +0  conf 6.06  (7664 s, ~157 min left)
[458/1018] H_Y_iM5npnw/H_Y_iM5npnw_NA_868.500_874.607    offset +0  conf 4.05  (7678 s, ~156 min left)
[459/1018] HcjslpQN1W8/HcjslpQN1W8_NA_104.304_110.977    offset +0  conf 7.70  (7712 s, ~157 min left)
[460/1018] HawrtQ4t17M/HawrtQ4t17M_NA_0.100_8.233        offset +0  conf 6.68  (7713 s, ~156 min left)
[461/1018] HawrtQ4t17M/HawrtQ4t17M_NA_388.633_400.500    offset +1  conf 6.10  (7713 s, ~155 min left)
[462/1018] Hdh9dCG_MCQ/Hdh9dCG_MCQ_NA_0.100_157.466      offset +0  conf 5.93  (7732 s, ~155 min left)
[463/1018] Hg8ZIQcbqZc/Hg8ZIQcbqZc_NA_27.544_33.183      offset +0  conf 7.75  (7759 s, ~155 min left)
[464/1018] Hg8ZIQcbqZc/Hg8ZIQcbqZc_NA_1132.522_1140.247  offset -1  conf 8.52  (7759 s, ~154 min left)
[465/1018] HhrA02faSi0/HhrA02faSi0_NA_14.500_28.540      offset -2  conf 8.21  (7760 s, ~154 min left)
[466/1018] HhrA02faSi0/HhrA02faSi0_NA_57.340_68.060      offset -2  conf 7.92  (7781 s, ~154 min left)
[467/1018] IKiAyENr2lc/IKiAyENr2lc_NA_1007.189_1016.231  offset +2  conf 3.02  (7818 s, ~154 min left)
[468/1018] HwMZY1wguSE/HwMZY1wguSE_NA_192.100_203.900    offset +0  conf 3.51  (7818 s, ~153 min left)
[469/1018] IKiAyENr2lc/IKiAyENr2lc_NA_996.078_1006.739   offset +2  conf 3.26  (7818 s, ~153 min left)
[470/1018] Is-SR4ThC-c/Is-SR4ThC-c_NA_0.100_15.380       offset -1  conf 7.34  (7834 s, ~152 min left)
[471/1018] Is-SR4ThC-c/Is-SR4ThC-c_NA_96.820_109.060     offset -1  conf 9.50  (7875 s, ~152 min left)
[472/1018] KgR02SfFMbc/KgR02SfFMbc_NA_111.002_119.352    offset -3  conf 8.21  (7875 s, ~152 min left)
[473/1018] JoS0SqGsaow/JoS0SqGsaow_NA_0.100_56.366       offset +2  conf 9.69  (7876 s, ~151 min left)
[474/1018] KgR02SfFMbc/KgR02SfFMbc_NA_77.385_87.821      offset -3  conf 7.81  (7888 s, ~151 min left)
[475/1018] Ltp7I1Bm3qI/Ltp7I1Bm3qI_NA_36.733_43.200      offset -1  conf 7.62  (7932 s, ~151 min left)
[476/1018] LZrw2AflObQ/LZrw2AflObQ_NA_463.666_468.933    offset +2  conf 4.36  (7932 s, ~151 min left)
[477/1018] LZrw2AflObQ/LZrw2AflObQ_NA_617.933_634.033    offset +2  conf 6.71  (7932 s, ~150 min left)
[478/1018] MV4UViKjJ34/MV4UViKjJ34_NA_206.097_218.535    offset -1  conf 8.34  (7962 s, ~150 min left)
[479/1018] MjPQQEPtCJ8/MjPQQEPtCJ8_NA_94.527_104.295     offset -2  conf 6.50  (7988 s, ~150 min left)
[480/1018] MjPQQEPtCJ8/MjPQQEPtCJ8_NA_0.100_6.197        offset -2  conf 6.37  (7988 s, ~149 min left)
[481/1018] Nip4M7TQcq8/Nip4M7TQcq8_NA_155.333_160.900    offset +0  conf 7.61  (7988 s, ~149 min left)
[482/1018] Nip4M7TQcq8/Nip4M7TQcq8_NA_495.900_505.200    offset +0  conf 5.39  (8013 s, ~149 min left)
[483/1018] Oh16TVM9Gc0/Oh16TVM9Gc0_NA_95.583_136.333     offset +1  conf 5.48  (8043 s, ~148 min left)
[484/1018] Oh16TVM9Gc0/Oh16TVM9Gc0_NA_1.266_95.383       offset +1  conf 6.26  (8043 s, ~148 min left)
[485/1018] Ovglvrzg7nQ/Ovglvrzg7nQ_NA_0.100_16.266       offset +0  conf 7.83  (8062 s, ~148 min left)
[486/1018] Ovglvrzg7nQ/Ovglvrzg7nQ_NA_806.000_1301.333   offset +0  conf 6.56  (8082 s, ~147 min left)
[487/1018] PdUlqmzyV58/PdUlqmzyV58_NA_103.558_109.316    offset -2  conf 8.44  (8114 s, ~147 min left)
[488/1018] PPQBCDGE2eQ/PPQBCDGE2eQ_NA_13.012_38.571      offset -1  conf 6.36  (8120 s, ~147 min left)
[489/1018] PPQBCDGE2eQ/PPQBCDGE2eQ_NA_73.806_79.946      offset -1  conf 5.65  (8120 s, ~146 min left)
[490/1018] PdUlqmzyV58/PdUlqmzyV58_NA_83.266_100.233     offset -2  conf 8.21  (8138 s, ~146 min left)
[491/1018] Q-8D1srWkwM/Q-8D1srWkwM_NA_1259.980_1302.540  offset +3  conf 6.86  (8159 s, ~146 min left)
[492/1018] QFIqTWRpTdQ/QFIqTWRpTdQ_NA_1064.400_1170.400  offset +1  conf 5.66  (8179 s, ~146 min left)
[493/1018] Q-8D1srWkwM/Q-8D1srWkwM_NA_1439.900_1507.340  offset +1  conf 7.12  (8179 s, ~145 min left)
[494/1018] QFIqTWRpTdQ/QFIqTWRpTdQ_NA_909.200_982.433    offset +1  conf 5.28  (8189 s, ~145 min left)
[495/1018] QcO-X4FHs7c/QcO-X4FHs7c_NA_0.100_9.874        offset +4  conf 6.95  (8209 s, ~145 min left)
[496/1018] QcO-X4FHs7c/QcO-X4FHs7c_NA_81.369_115.444     offset +4  conf 6.97  (8229 s, ~144 min left)
[497/1018] QycO5HdGFeY/QycO5HdGFeY_NA_589.805_594.894    offset -1  conf 5.12  (8229 s, ~144 min left)
[498/1018] RKx_7Xdk8ig/RKx_7Xdk8ig_NA_263.071_270.128    offset -1  conf 7.14  (8237 s, ~143 min left)
[499/1018] ROeDKCEDqn8/ROeDKCEDqn8_NA_0.100_89.540       offset -1  conf 7.74  (8254 s, ~143 min left)
[500/1018] RudfbIAYnLM/RudfbIAYnLM_NA_1013.940_1019.420  offset -1  conf 8.24  (8276 s, ~143 min left)
[501/1018] ROeDKCEDqn8/ROeDKCEDqn8_NA_661.380_690.580    offset -1  conf 8.45  (8284 s, ~142 min left)
[502/1018] RudfbIAYnLM/RudfbIAYnLM_NA_860.540_866.580    offset -1  conf 8.20  (8288 s, ~142 min left)
[503/1018] S72O0P1pSvk/S72O0P1pSvk_NA_216.399_221.704    offset -1  conf 7.50  (8304 s, ~142 min left)
[504/1018] S72O0P1pSvk/S72O0P1pSvk_NA_99.490_106.965     offset -1  conf 7.02  (8326 s, ~142 min left)
[505/1018] SM5r7zpYAk4/SM5r7zpYAk4_NA_986.550_1025.716   offset +2  conf 8.19  (8346 s, ~141 min left)
[506/1018] SM5r7zpYAk4/SM5r7zpYAk4_NA_1055.716_1064.716  offset +2  conf 8.00  (8346 s, ~141 min left)
[507/1018] ShBlXuXTujg/ShBlXuXTujg_NA_190.100_197.000    offset -15  conf 0.65  (8355 s, ~140 min left)
[508/1018] TNNoEMJqCTg/TNNoEMJqCTg_NA_30.964_36.603      offset +0  conf 8.58  (8388 s, ~140 min left)
[509/1018] Tr_wXf_aaHw/Tr_wXf_aaHw_NA_481.633_500.200    offset +1  conf 5.83  (8401 s, ~140 min left)
[510/1018] TuJNZWBvtFo/TuJNZWBvtFo_NA_0.100_37.395       offset -1  conf 7.39  (8401 s, ~139 min left)
[511/1018] TuJNZWBvtFo/TuJNZWBvtFo_NA_762.987_808.499    offset -1  conf 5.82  (8405 s, ~139 min left)
[512/1018] TwqES24jgRA/TwqES24jgRA_NA_109.100_119.983    offset -3  conf 7.76  (8442 s, ~139 min left)
[513/1018] TwqES24jgRA/TwqES24jgRA_NA_62.183_108.900     offset -2  conf 5.93  (8453 s, ~139 min left)
[514/1018] Tylguuqx2fk/Tylguuqx2fk_NA_110.944_116.950    offset +1  conf 6.24  (8454 s, ~138 min left)
[515/1018] Tylguuqx2fk/Tylguuqx2fk_NA_98.131_104.170     offset +1  conf 5.87  (8454 s, ~138 min left)
[516/1018] U-ocPKQGs-o/U-ocPKQGs-o_NA_0.100_19.319       offset +0  conf 9.27  (8497 s, ~138 min left)
[517/1018] U0id0yUxk9Q/U0id0yUxk9Q_NA_166.666_172.333    offset +2  conf 2.61  (8511 s, ~137 min left)
[518/1018] U0id0yUxk9Q/U0id0yUxk9Q_NA_113.666_129.833    offset +1  conf 2.92  (8515 s, ~137 min left)
[519/1018] U-ocPKQGs-o/U-ocPKQGs-o_NA_20.887_86.019      offset +0  conf 8.49  (8515 s, ~136 min left)
[520/1018] U2nL-PlT7po/U2nL-PlT7po_NA_117.016_123.890    offset -1  conf 5.21  (8547 s, ~136 min left)
[521/1018] U2nL-PlT7po/U2nL-PlT7po_NA_212.345_240.840    offset +0  conf 5.03  (8570 s, ~136 min left)
[522/1018] U3ZyZQPim-A/U3ZyZQPim-A_NA_1068.800_1074.700  offset -1  conf 5.79  (8571 s, ~136 min left)
[523/1018] U3ZyZQPim-A/U3ZyZQPim-A_NA_994.500_1004.000   offset +0  conf 7.04  (8571 s, ~135 min left)
[524/1018] U4D70vcwipc/U4D70vcwipc_NA_12.966_22.666      offset +1  conf 2.91  (8594 s, ~135 min left)
[525/1018] U5Wjl0is5UQ/U5Wjl0is5UQ_NA_277.033_434.700    offset +0  conf 6.37  (8626 s, ~135 min left)
[526/1018] U4D70vcwipc/U4D70vcwipc_NA_91.833_117.366     offset +1  conf 3.79  (8626 s, ~134 min left)
[527/1018] U5Wjl0is5UQ/U5Wjl0is5UQ_NA_0.100_7.466        offset +0  conf 5.70  (8627 s, ~134 min left)
[528/1018] U7BfcwUOThg/U7BfcwUOThg_NA_12.145_19.386      offset -2  conf 5.76  (8645 s, ~134 min left)
[529/1018] U8X74kPNxvk/U8X74kPNxvk_NA_1181.100_1470.180  offset +0  conf 7.41  (8683 s, ~134 min left)
[530/1018] U7BfcwUOThg/U7BfcwUOThg_NA_1926.824_1935.934  offset +0  conf 9.27  (8683 s, ~133 min left)
[531/1018] U8X74kPNxvk/U8X74kPNxvk_NA_74.620_80.940      offset -1  conf 8.04  (8683 s, ~133 min left)
[532/1018] U9QTl0DXsuw/U9QTl0DXsuw_NA_57.031_66.800      offset -2  conf 9.10  (8697 s, ~132 min left)
[533/1018] UB_mEY1kCjs/UB_mEY1kCjs_NA_117.391_123.483    offset -2  conf 7.46  (8745 s, ~133 min left)
[534/1018] UEYxbiZdVaU/UEYxbiZdVaU_NA_176.700_200.700    offset +0  conf 8.03  (8745 s, ~132 min left)
[535/1018] UB_mEY1kCjs/UB_mEY1kCjs_NA_68.891_79.400      offset -2  conf 5.38  (8745 s, ~132 min left)
[536/1018] UEYxbiZdVaU/UEYxbiZdVaU_NA_98.780_116.300     offset +0  conf 7.11  (8747 s, ~131 min left)
[537/1018] UHi47HrXfNg/UHi47HrXfNg_NA_0.100_54.980       offset -1  conf 6.93  (8808 s, ~131 min left)
[538/1018] UHi47HrXfNg/UHi47HrXfNg_NA_3384.820_3401.540  offset -1  conf 6.58  (8808 s, ~131 min left)
[539/1018] UurpLqOQC-o/UurpLqOQC-o_NA_13.980_26.660      offset +0  conf 5.41  (8809 s, ~130 min left)
[540/1018] UYD7-Tuehtg/UYD7-Tuehtg_NA_0.100_191.580      offset +0  conf 6.68  (8810 s, ~130 min left)
[541/1018] Wkf3bm4VmZI/Wkf3bm4VmZI_NA_142.733_175.566    offset +0  conf 7.43  (8871 s, ~130 min left)
[542/1018] WP7SXhtcssc/WP7SXhtcssc_NA_876.759_892.525    offset +2  conf 8.09  (8871 s, ~130 min left)
[543/1018] WP7SXhtcssc/WP7SXhtcssc_NA_126.826_145.779    offset +2  conf 5.07  (8871 s, ~129 min left)
[544/1018] UurpLqOQC-o/UurpLqOQC-o_NA_936.780_946.740    offset +0  conf 7.72  (8871 s, ~129 min left)
[545/1018] Wkf3bm4VmZI/Wkf3bm4VmZI_NA_6.166_17.166       offset +0  conf 8.26  (8926 s, ~129 min left)
[546/1018] XEmWV6t4TwE/XEmWV6t4TwE_NA_73.300_143.260     offset -1  conf 8.23  (8926 s, ~129 min left)
[547/1018] XRkgIK637lo/XRkgIK637lo_NA_70.266_118.900     offset +0  conf 6.94  (8950 s, ~128 min left)
[548/1018] XRkgIK637lo/XRkgIK637lo_NA_0.100_8.200        offset +1  conf 6.92  (8950 s, ~128 min left)
[549/1018] Xj05tsrf6zw/Xj05tsrf6zw_NA_1135.380_1154.980  offset -1  conf 7.10  (8981 s, ~128 min left)
[550/1018] Xj05tsrf6zw/Xj05tsrf6zw_NA_642.140_659.620    offset -1  conf 7.35  (8981 s, ~127 min left)
[551/1018] Ycw5YG4gC1k/Ycw5YG4gC1k_NA_4.533_320.600      offset +1  conf 5.79  (9004 s, ~127 min left)
[552/1018] Ycw5YG4gC1k/Ycw5YG4gC1k_NA_734.333_783.066    offset +1  conf 4.99  (9004 s, ~127 min left)
[553/1018] Yokda-nmXMQ/Yokda-nmXMQ_NA_1141.233_1157.200  offset +0  conf 1.78  (9031 s, ~127 min left)
[554/1018] Yokda-nmXMQ/Yokda-nmXMQ_NA_1899.833_1930.233  offset +1  conf 7.78  (9032 s, ~126 min left)
[555/1018] ZVAj9EW2lUM/ZVAj9EW2lUM_NA_97.000_163.333     offset -1  conf 5.18  (9055 s, ~126 min left)
[556/1018] ZVAj9EW2lUM/ZVAj9EW2lUM_NA_219.900_229.500    offset -1  conf 4.08  (9055 s, ~125 min left)
[557/1018] ZoDwrQs_RBA/ZoDwrQs_RBA_NA_101.141_107.858    offset -1  conf 9.54  (9084 s, ~125 min left)
[558/1018] ZoDwrQs_RBA/ZoDwrQs_RBA_NA_7.225_14.941       offset -1  conf 9.06  (9084 s, ~125 min left)
[559/1018] _ksIc1X9kbg/_ksIc1X9kbg_NA_33.700_39.900      offset -1  conf 6.11  (9106 s, ~125 min left)
[560/1018] __xtvxlI9Pc/__xtvxlI9Pc_NA_413.095_449.807    offset -1  conf 4.47  (9107 s, ~124 min left)
[561/1018] _ksIc1X9kbg/_ksIc1X9kbg_NA_76.700_86.266      offset +0  conf 5.76  (9131 s, ~124 min left)
[562/1018] _oPJk1Zb49g/_oPJk1Zb49g_NA_128.560_135.760    offset -1  conf 8.85  (9138 s, ~124 min left)
[563/1018] _oPJk1Zb49g/_oPJk1Zb49g_NA_179.080_190.780    offset -1  conf 7.64  (9160 s, ~123 min left)
[564/1018] _pEZuSzLsXM/_pEZuSzLsXM_NA_147.000_153.033    offset +0  conf 5.52  (9160 s, ~123 min left)
[565/1018] aDFH_NR18CU/aDFH_NR18CU_NA_265.231_272.071    offset +0  conf 4.12  (9184 s, ~123 min left)
[566/1018] _qsTm11_aEI/_qsTm11_aEI_NA_0.100_445.900      offset +0  conf 5.23  (9184 s, ~122 min left)
[567/1018] a_tWUrBQ9Vw/a_tWUrBQ9Vw_NA_259.566_302.333    offset -3  conf 7.56  (9216 s, ~122 min left)
[568/1018] a_tWUrBQ9Vw/a_tWUrBQ9Vw_NA_700.733_716.000    offset +3  conf 8.08  (9216 s, ~122 min left)
[569/1018] avagSCdkiDs/avagSCdkiDs_NA_1035.580_1051.500  offset -1  conf 5.33  (9240 s, ~122 min left)
[570/1018] avagSCdkiDs/avagSCdkiDs_NA_964.060_988.380    offset -1  conf 7.85  (9241 s, ~121 min left)
[571/1018] bAS1Ntq54YM/bAS1Ntq54YM_NA_306.700_349.666    offset +1  conf 6.99  (9274 s, ~121 min left)
[572/1018] bAS1Ntq54YM/bAS1Ntq54YM_NA_910.966_980.133    offset +2  conf 6.88  (9274 s, ~121 min left)
[573/1018] buZBzGKo52Y/buZBzGKo52Y_NA_473.600_486.133    offset +0  conf 5.40  (9298 s, ~120 min left)
[574/1018] d53MnBgs5KY/d53MnBgs5KY_NA_123.566_129.233    offset +1  conf 6.07  (9348 s, ~121 min left)
[575/1018] d53MnBgs5KY/d53MnBgs5KY_NA_90.800_123.366     offset +0  conf 6.76  (9382 s, ~120 min left)
[576/1018] dVS0DDNnd_Y/dVS0DDNnd_Y_NA_193.626_200.900    offset -1  conf 7.91  (9397 s, ~120 min left)
[577/1018] cBK8sQ1iiv4/cBK8sQ1iiv4_NA_280.254_285.476    offset -1  conf 6.37  (9397 s, ~120 min left)
[578/1018] cBK8sQ1iiv4/cBK8sQ1iiv4_NA_148.581_153.762    offset -1  conf 5.73  (9399 s, ~119 min left)
[579/1018] dlocLYgfFEM/dlocLYgfFEM_NA_1476.966_1559.766  offset -3  conf 6.01  (9435 s, ~119 min left)
[580/1018] eH5QAdnVWsc/eH5QAdnVWsc_NA_122.055_132.949    offset +0  conf 5.35  (9458 s, ~119 min left)
[581/1018] eH5QAdnVWsc/eH5QAdnVWsc_NA_80.388_90.240      offset +0  conf 7.25  (9458 s, ~119 min left)
[582/1018] dlocLYgfFEM/dlocLYgfFEM_NA_442.133_458.133    offset -2  conf 6.85  (9458 s, ~118 min left)
[583/1018] elhGjk6kWIY/elhGjk6kWIY_NA_1045.200_1065.433  offset -2  conf 3.59  (9483 s, ~118 min left)
[584/1018] fRhy2uZef3o/fRhy2uZef3o_NA_177.516_182.733    offset +13  conf 0.34  (9510 s, ~118 min left)
[585/1018] gT5VitWd1q0/gT5VitWd1q0_NA_157.566_170.933    offset +0  conf 5.39  (9511 s, ~117 min left)
[586/1018] feoK_8BJ834/feoK_8BJ834_NA_146.079_243.393    offset -3  conf 9.00  (9523 s, ~117 min left)
[587/1018] gT5VitWd1q0/gT5VitWd1q0_NA_81.666_133.100     offset +0  conf 5.49  (9534 s, ~117 min left)
[588/1018] hH7F-CPYJf8/hH7F-CPYJf8_NA_384.766_393.316    offset -2  conf 8.57  (9564 s, ~117 min left)
[589/1018] hH7F-CPYJf8/hH7F-CPYJf8_NA_18.683_24.566      offset -2  conf 9.08  (9564 s, ~116 min left)
[590/1018] heT5cCRJgHs/heT5cCRJgHs_NA_1031.966_1244.733  offset +1  conf 6.14  (9576 s, ~116 min left)
[591/1018] heT5cCRJgHs/heT5cCRJgHs_NA_283.900_1031.766   offset +2  conf 6.12  (9588 s, ~115 min left)
[592/1018] iSwvlsicfNI/iSwvlsicfNI_NA_243.676_286.319    offset -2  conf 11.06  (9620 s, ~115 min left)
[593/1018] iIsfKdZrL0A/iIsfKdZrL0A_NA_623.322_638.070    offset +0  conf 7.63  (9620 s, ~115 min left)
[594/1018] iSwvlsicfNI/iSwvlsicfNI_NA_612.278_630.646    offset -2  conf 8.85  (9629 s, ~115 min left)
[595/1018] iqps2Faf5nA/iqps2Faf5nA_NA_0.100_21.621       offset +1  conf 7.59  (9643 s, ~114 min left)
[596/1018] ix23QhClB6s/ix23QhClB6s_NA_336.200_372.533    offset +1  conf 6.59  (9670 s, ~114 min left)
[597/1018] j07WFk3r4ZU/j07WFk3r4ZU_NA_115.050_120.433    offset +1  conf 6.46  (9682 s, ~114 min left)
[598/1018] iys34ZdJa-g/iys34ZdJa-g_NA_106.700_119.833    offset -4  conf 6.13  (9689 s, ~113 min left)
[599/1018] j07WFk3r4ZU/j07WFk3r4ZU_NA_793.583_805.500    offset +1  conf 5.48  (9699 s, ~113 min left)
[600/1018] j2H3qk0ZN5Q/j2H3qk0ZN5Q_NA_125.600_131.072    offset +1  conf 4.39  (9732 s, ~113 min left)
[601/1018] j4QAA8Fwy1c/j4QAA8Fwy1c_NA_398.831_404.470    offset -1  conf 4.07  (9753 s, ~113 min left)
[602/1018] j4QAA8Fwy1c/j4QAA8Fwy1c_NA_732.248_738.471    offset -1  conf 5.80  (9757 s, ~112 min left)
[603/1018] j2H3qk0ZN5Q/j2H3qk0ZN5Q_NA_76.885_91.324      offset +1  conf 7.56  (9758 s, ~112 min left)
[604/1018] j6CyCivBQSU/j6CyCivBQSU_NA_353.619_402.093    offset +0  conf 8.54  (9798 s, ~112 min left)
[605/1018] jC8g-7Eek_M/jC8g-7Eek_M_NA_118.918_159.626    offset -1  conf 5.95  (9852 s, ~112 min left)
[606/1018] jC8g-7Eek_M/jC8g-7Eek_M_NA_81.648_109.909     offset -1  conf 5.94  (9896 s, ~112 min left)
[607/1018] jD4uFkmY6HA/jD4uFkmY6HA_NA_0.100_31.031       offset -2  conf 5.44  (9919 s, ~112 min left)
[608/1018] j97XK9_0raw/j97XK9_0raw_NA_167.433_174.616    offset -1  conf 9.31  (9919 s, ~111 min left)
[609/1018] j97XK9_0raw/j97XK9_0raw_NA_72.463_82.941      offset -1  conf 6.93  (9922 s, ~111 min left)
[610/1018] jD4uFkmY6HA/jD4uFkmY6HA_NA_94.627_126.659     offset -2  conf 7.76  (9956 s, ~111 min left)
[611/1018] jH7eVAnyEXM/jH7eVAnyEXM_NA_79.260_88.900      offset -1  conf 10.90  (9983 s, ~111 min left)
[612/1018] jIiCLDAKQ4M/jIiCLDAKQ4M_NA_1135.620_1158.100  offset -1  conf 9.08  (9989 s, ~110 min left)
[613/1018] jH7eVAnyEXM/jH7eVAnyEXM_NA_0.100_29.700       offset -1  conf 8.84  (9989 s, ~110 min left)
[614/1018] jIiCLDAKQ4M/jIiCLDAKQ4M_NA_932.560_987.800    offset -1  conf 7.73  (10019 s, ~110 min left)
[615/1018] jNd03qc59R8/jNd03qc59R8_NA_710.600_717.733    offset +2  conf 7.54  (10059 s, ~110 min left)
[616/1018] jKgCLM14s70/jKgCLM14s70_NA_173.308_183.275    offset +1  conf 8.37  (10073 s, ~110 min left)
[617/1018] jKgCLM14s70/jKgCLM14s70_NA_8.850_21.525       offset +1  conf 8.62  (10073 s, ~109 min left)
[618/1018] jOcXgos6LGs/jOcXgos6LGs_NA_1057.306_1062.878  offset +0  conf 6.78  (10077 s, ~109 min left)
[619/1018] jOcXgos6LGs/jOcXgos6LGs_NA_703.319_744.710    offset +0  conf 8.04  (10120 s, ~109 min left)
[620/1018] jS1vyoLsGH4/jS1vyoLsGH4_NA_111.294_117.642    offset +1  conf 7.91  (10134 s, ~108 min left)
[621/1018] jRjVW16ZS3Y/jRjVW16ZS3Y_NA_97.000_113.733     offset +0  conf 7.59  (10134 s, ~108 min left)
[622/1018] jRjVW16ZS3Y/jRjVW16ZS3Y_NA_124.500_137.500    offset +0  conf 7.40  (10134 s, ~108 min left)
[623/1018] jS1vyoLsGH4/jS1vyoLsGH4_NA_266.115_275.758    offset +3  conf 6.09  (10180 s, ~108 min left)
[624/1018] jTAqnyAdycM/jTAqnyAdycM_NA_156.733_163.933    offset +3  conf 6.15  (10221 s, ~108 min left)
[625/1018] jVNGPKcL73U/jVNGPKcL73U_NA_140.406_149.249    offset +0  conf 7.20  (10221 s, ~107 min left)
[626/1018] jTAqnyAdycM/jTAqnyAdycM_NA_88.133_109.133     offset +2  conf 6.62  (10221 s, ~107 min left)
[627/1018] jVNGPKcL73U/jVNGPKcL73U_NA_9.776_106.606      offset +1  conf 8.68  (10258 s, ~107 min left)
[628/1018] jYBD1a3jy80/jYBD1a3jy80_NA_0.100_31.433       offset +0  conf 6.78  (10284 s, ~106 min left)
[629/1018] jYBD1a3jy80/jYBD1a3jy80_NA_991.333_1093.666   offset +0  conf 9.39  (10284 s, ~106 min left)
[630/1018] jX28SEx4jAo/jX28SEx4jAo_NA_262.900_280.620    offset -1  conf 8.21  (10299 s, ~106 min left)
[631/1018] jYwcdb1fAfg/jYwcdb1fAfg_NA_113.683_119.608    offset -1  conf 5.96  (10310 s, ~105 min left)
[632/1018] jcf9EPyL-Q8/jcf9EPyL-Q8_NA_11.733_17.466      offset +2  conf 4.42  (10327 s, ~105 min left)
[633/1018] jcf9EPyL-Q8/jcf9EPyL-Q8_NA_997.066_1098.500   offset +2  conf 6.96  (10344 s, ~105 min left)
[634/1018] j_22ohmTe1s/j_22ohmTe1s_NA_16.116_32.332      offset +1  conf 5.41  (10352 s, ~104 min left)
[635/1018] j_22ohmTe1s/j_22ohmTe1s_NA_56.523_72.872      offset +2  conf 4.55  (10352 s, ~104 min left)
[636/1018] jcwH37EKQB8/jcwH37EKQB8_NA_692.066_697.433    offset +1  conf 6.66  (10367 s, ~104 min left)
[637/1018] jecROocIQ90/jecROocIQ90_NA_185.060_199.900    offset -1  conf 7.85  (10375 s, ~103 min left)
[638/1018] jecROocIQ90/jecROocIQ90_NA_200.100_400.820    offset -1  conf 7.56  (10385 s, ~103 min left)
[639/1018] jeulyHojAtY/jeulyHojAtY_NA_168.433_200.133    offset +1  conf 8.28  (10399 s, ~103 min left)
[640/1018] jeulyHojAtY/jeulyHojAtY_NA_91.866_99.266      offset +1  conf 8.43  (10419 s, ~103 min left)
[641/1018] jgEb2uO6JmU/jgEb2uO6JmU_NA_0.100_33.166       offset -3  conf 6.67  (10432 s, ~102 min left)
[642/1018] jgEb2uO6JmU/jgEb2uO6JmU_NA_429.900_457.000    offset -3  conf 5.80  (10445 s, ~102 min left)
[643/1018] jhitqMy300g/jhitqMy300g_NA_0.100_16.958       offset +0  conf 5.74  (10446 s, ~102 min left)
[644/1018] jhitqMy300g/jhitqMy300g_NA_34.300_41.524      offset +1  conf 3.75  (10472 s, ~101 min left)
[645/1018] jj5QuQdS0v4/jj5QuQdS0v4_NA_0.100_51.866       offset -1  conf 8.91  (10482 s, ~101 min left)
[646/1018] jlcbjkTMksg/jlcbjkTMksg_NA_87.624_94.180      offset -3  conf 3.62  (10497 s, ~101 min left)
[647/1018] jmT3Y_be_FA/jmT3Y_be_FA_NA_454.833_555.466    offset +2  conf 6.48  (10504 s, ~100 min left)
[648/1018] jj5QuQdS0v4/jj5QuQdS0v4_NA_545.300_604.166    offset -2  conf 7.90  (10509 s, ~100 min left)
[649/1018] jmT3Y_be_FA/jmT3Y_be_FA_NA_555.666_562.566    offset +2  conf 5.64  (10513 s, ~100 min left)
[650/1018] jopqHKJUVjQ/jopqHKJUVjQ_NA_138.366_149.566    offset +1  conf 6.62  (10541 s, ~99 min left)
[651/1018] jopqHKJUVjQ/jopqHKJUVjQ_NA_642.400_648.166    offset +0  conf 6.32  (10543 s, ~99 min left)
[652/1018] jnzgVHRnQNA/jnzgVHRnQNA_NA_759.266_765.616    offset +0  conf 4.72  (10551 s, ~99 min left)
[653/1018] jnzgVHRnQNA/jnzgVHRnQNA_NA_158.650_191.600    offset +0  conf 6.00  (10551 s, ~98 min left)
[654/1018] jqI9415Wu40/jqI9415Wu40_NA_11.366_29.466      offset +0  conf 5.92  (10573 s, ~98 min left)
[655/1018] jr3rgJCzeuI/jr3rgJCzeuI_NA_1389.900_1398.300  offset -1  conf 6.06  (10573 s, ~98 min left)
[656/1018] jr3rgJCzeuI/jr3rgJCzeuI_NA_96.100_110.940     offset -1  conf 7.98  (10584 s, ~97 min left)
[657/1018] jrLymlTBiQU/jrLymlTBiQU_NA_13.820_24.180      offset +0  conf 6.81  (10598 s, ~97 min left)
[658/1018] jrZ5aoCyzXo/jrZ5aoCyzXo_NA_109.133_117.766    offset +2  conf 8.52  (10605 s, ~97 min left)
[659/1018] jrZ5aoCyzXo/jrZ5aoCyzXo_NA_55.366_80.400      offset +2  conf 9.36  (10615 s, ~96 min left)
[660/1018] jrLymlTBiQU/jrLymlTBiQU_NA_95.340_137.580     offset -1  conf 6.84  (10624 s, ~96 min left)
[661/1018] juoH1uR_PSo/juoH1uR_PSo_NA_31.900_40.466      offset +1  conf 5.84  (10635 s, ~96 min left)
[662/1018] jsOYSHox40M/jsOYSHox40M_NA_136.500_154.820    offset -2  conf 6.58  (10644 s, ~95 min left)
[663/1018] jvDrRBhe_kk/jvDrRBhe_kk_NA_1239.671_1270.736  offset +0  conf 4.52  (10659 s, ~95 min left)
[664/1018] jyCa3dSntMQ/jyCa3dSntMQ_NA_276.576_369.102    offset +2  conf 6.83  (10664 s, ~95 min left)
[665/1018] jvDrRBhe_kk/jvDrRBhe_kk_NA_83.316_281.381     offset +1  conf 6.89  (10671 s, ~94 min left)
[666/1018] k0IdG24HX18/k0IdG24HX18_NA_0.100_85.100       offset +0  conf 7.51  (10673 s, ~94 min left)
[667/1018] k0IdG24HX18/k0IdG24HX18_NA_988.766_1245.433   offset +0  conf 9.22  (10690 s, ~94 min left)
[668/1018] k1C8KJMbz1I/k1C8KJMbz1I_NA_446.445_460.960    offset +0  conf 8.87  (10695 s, ~93 min left)
[669/1018] k4VjbbwU81c/k4VjbbwU81c_NA_160.766_168.900    offset +1  conf 9.19  (10703 s, ~93 min left)
[670/1018] k5KIe0MlH5I/k5KIe0MlH5I_NA_101.000_106.072    offset +0  conf 10.26  (10713 s, ~93 min left)
[671/1018] k8HB17jGAFg/k8HB17jGAFg_NA_618.718_650.091    offset +3  conf 6.30  (10721 s, ~92 min left)
[672/1018] k8HB17jGAFg/k8HB17jGAFg_NA_982.706_990.222    offset +2  conf 8.09  (10733 s, ~92 min left)
[673/1018] k5KIe0MlH5I/k5KIe0MlH5I_NA_50.517_68.768      offset +0  conf 5.35  (10738 s, ~92 min left)
[674/1018] kCyHAQS9tb0/kCyHAQS9tb0_NA_139.100_165.166    offset -1  conf 7.43  (10741 s, ~91 min left)
[675/1018] kCyHAQS9tb0/kCyHAQS9tb0_NA_966.933_994.900    offset -1  conf 8.12  (10749 s, ~91 min left)
[676/1018] kFJX7xOyAR4/kFJX7xOyAR4_NA_403.100_445.525    offset -3  conf 7.42  (10762 s, ~91 min left)
[677/1018] kFJX7xOyAR4/kFJX7xOyAR4_NA_616.516_626.483    offset -3  conf 7.20  (10767 s, ~90 min left)
[678/1018] kIRn8NO6sjE/kIRn8NO6sjE_NA_359.540_367.020    offset +0  conf 7.48  (10769 s, ~90 min left)
[679/1018] kIRn8NO6sjE/kIRn8NO6sjE_NA_84.540_94.460      offset +0  conf 8.21  (10777 s, ~90 min left)
[680/1018] kL3USNDmEes/kL3USNDmEes_NA_0.100_35.900       offset -1  conf 3.88  (10791 s, ~89 min left)
[681/1018] kL3USNDmEes/kL3USNDmEes_NA_72.100_148.000     offset -1  conf 5.66  (10799 s, ~89 min left)
[682/1018] kTg3ljJb7lI/kTg3ljJb7lI_NA_449.433_473.600    offset +1  conf 6.89  (10799 s, ~89 min left)
[683/1018] kTg3ljJb7lI/kTg3ljJb7lI_NA_535.400_545.933    offset +1  conf 7.07  (10804 s, ~88 min left)
[684/1018] kWNxkDI9b-U/kWNxkDI9b-U_NA_0.100_8.074        offset -2  conf 7.75  (10817 s, ~88 min left)
[685/1018] kZyy-UoTXjY/kZyy-UoTXjY_NA_1077.980_1083.140  offset -1  conf 9.63  (10830 s, ~88 min left)
[686/1018] kZyy-UoTXjY/kZyy-UoTXjY_NA_976.940_982.620    offset -1  conf 9.27  (10830 s, ~87 min left)
[687/1018] kWNxkDI9b-U/kWNxkDI9b-U_NA_898.414_942.174    offset -2  conf 7.03  (10830 s, ~87 min left)
[688/1018] kdzAiQIhMW4/kdzAiQIhMW4_NA_138.033_206.600    offset +1  conf 5.70  (10845 s, ~87 min left)
[689/1018] kdzAiQIhMW4/kdzAiQIhMW4_NA_70.466_83.900      offset +0  conf 6.29  (10862 s, ~86 min left)
[690/1018] kgBAl9sA1n8/kgBAl9sA1n8_NA_389.566_416.966    offset +1  conf 6.24  (10875 s, ~86 min left)
[691/1018] kgBAl9sA1n8/kgBAl9sA1n8_NA_234.333_242.466    offset +1  conf 6.65  (10875 s, ~86 min left)
[692/1018] kkGNWbEkh6s/kkGNWbEkh6s_NA_219.266_226.766    offset +1  conf 4.88  (10875 s, ~85 min left)
[693/1018] kkGNWbEkh6s/kkGNWbEkh6s_NA_63.733_69.333      offset +1  conf 5.24  (10886 s, ~85 min left)
[694/1018] kp6yBNezGh4/kp6yBNezGh4_NA_0.100_8.266        offset -2  conf 6.36  (10910 s, ~85 min left)
[695/1018] knrpZ39OJ7A/knrpZ39OJ7A_NA_134.020_148.460    offset -1  conf 4.67  (10910 s, ~85 min left)
[696/1018] knrpZ39OJ7A/knrpZ39OJ7A_NA_53.540_69.980      offset -1  conf 5.87  (10910 s, ~84 min left)
[697/1018] kp6yBNezGh4/kp6yBNezGh4_NA_916.666_1043.733   offset -2  conf 7.95  (10914 s, ~84 min left)
[698/1018] ksVL41ELclM/ksVL41ELclM_NA_12.045_18.585      offset +0  conf 6.75  (10942 s, ~84 min left)
[699/1018] kxTapQtjf2c/kxTapQtjf2c_NA_141.199_164.731    offset -1  conf 9.63  (10949 s, ~83 min left)
[700/1018] ksVL41ELclM/ksVL41ELclM_NA_872.972_881.213    offset +0  conf 5.48  (10949 s, ~83 min left)
[701/1018] kxTapQtjf2c/kxTapQtjf2c_NA_570.586_725.583    offset -1  conf 9.92  (10949 s, ~83 min left)
[702/1018] l1c5RfkvDJ4/l1c5RfkvDJ4_NA_262.595_292.559    offset -1  conf 8.04  (10970 s, ~82 min left)
[703/1018] l43CLP47D4s/l43CLP47D4s_NA_962.700_1017.466   offset +0  conf 7.41  (10985 s, ~82 min left)
[704/1018] l1c5RfkvDJ4/l1c5RfkvDJ4_NA_59.259_95.862      offset -1  conf 4.27  (10985 s, ~82 min left)
[705/1018] l43CLP47D4s/l43CLP47D4s_NA_1021.033_1066.866  offset +0  conf 6.51  (10985 s, ~81 min left)
[706/1018] lAQYP3J9KP4/lAQYP3J9KP4_NA_284.966_298.066    offset +2  conf 7.05  (11002 s, ~81 min left)
[707/1018] lB_rjfkMCEw/lB_rjfkMCEw_NA_3041.905_3048.645  offset +14  conf 0.25  (11018 s, ~81 min left)
[708/1018] lHAbKN-M3wM/lHAbKN-M3wM_NA_156.673_164.397    offset -2  conf 6.63  (11024 s, ~80 min left)
[709/1018] lNppWlTyz64/lNppWlTyz64_NA_180.500_224.900    offset +3  conf 6.30  (11024 s, ~80 min left)
[710/1018] lNppWlTyz64/lNppWlTyz64_NA_97.800_111.633     offset +3  conf 5.38  (11032 s, ~80 min left)
[711/1018] lVn9tQ9fvLQ/lVn9tQ9fvLQ_NA_0.100_34.108       offset +0  conf 6.49  (11047 s, ~79 min left)
[712/1018] lVn9tQ9fvLQ/lVn9tQ9fvLQ_NA_90.308_198.691     offset +0  conf 3.37  (11059 s, ~79 min left)
[713/1018] lXQCObTtTD4/lXQCObTtTD4_NA_129.600_142.266    offset +1  conf 3.66  (11060 s, ~79 min left)
[714/1018] laAK5_UEAYk/laAK5_UEAYk_NA_149.766_156.356    offset +0  conf 7.17  (11060 s, ~78 min left)
[715/1018] laAK5_UEAYk/laAK5_UEAYk_NA_465.197_478.077    offset +0  conf 7.61  (11076 s, ~78 min left)
[716/1018] ldTu96qtU_Q/ldTu96qtU_Q_NA_12.233_27.100      offset -1  conf 5.23  (11098 s, ~78 min left)
[717/1018] lhUaoKTPJ1A/lhUaoKTPJ1A_NA_292.340_298.660    offset +0  conf 7.60  (11098 s, ~78 min left)
[718/1018] ldTu96qtU_Q/ldTu96qtU_Q_NA_364.700_387.233    offset -1  conf 5.10  (11098 s, ~77 min left)
[719/1018] lhUaoKTPJ1A/lhUaoKTPJ1A_NA_323.900_329.740    offset -1  conf 4.33  (11106 s, ~77 min left)
[720/1018] mM3152AfHP8/mM3152AfHP8_NA_128.860_134.420    offset -1  conf 10.57  (11132 s, ~77 min left)
[721/1018] mM3152AfHP8/mM3152AfHP8_NA_361.100_398.500    offset -1  conf 11.52  (11137 s, ~76 min left)
[722/1018] mYDeBA-OZ0Q/mYDeBA-OZ0Q_NA_267.166_274.274    offset +0  conf 9.86  (11148 s, ~76 min left)
[723/1018] mYDeBA-OZ0Q/mYDeBA-OZ0Q_NA_501.601_525.224    offset +1  conf 9.30  (11152 s, ~76 min left)
[724/1018] mZ35KnFMOKA/mZ35KnFMOKA_NA_123.489_135.835    offset -1  conf 6.52  (11165 s, ~76 min left)
[725/1018] mZ35KnFMOKA/mZ35KnFMOKA_NA_465.298_476.909    offset -1  conf 5.73  (11169 s, ~75 min left)
[726/1018] maBxrmsMljM/maBxrmsMljM_NA_1733.373_1754.444  offset -1  conf 7.34  (11181 s, ~75 min left)
[727/1018] maBxrmsMljM/maBxrmsMljM_NA_741.215_1696.928   offset +0  conf 8.69  (11183 s, ~75 min left)
[728/1018] mcMIqRlzJ-Y/mcMIqRlzJ-Y_NA_119.066_128.100    offset +1  conf 4.76  (11194 s, ~74 min left)
[729/1018] mcMIqRlzJ-Y/mcMIqRlzJ-Y_NA_81.600_97.633      offset +0  conf 6.20  (11198 s, ~74 min left)
[730/1018] mdbE8Zuz3HU/mdbE8Zuz3HU_NA_0.100_74.933       offset +2  conf 6.08  (11212 s, ~74 min left)
[731/1018] mdbE8Zuz3HU/mdbE8Zuz3HU_NA_925.166_939.933    offset -1  conf 5.82  (11214 s, ~73 min left)
[732/1018] mfOS4x_ynwE/mfOS4x_ynwE_NA_44.340_50.180      offset +0  conf 5.33  (11222 s, ~73 min left)
[733/1018] mgUT5lbsBRQ/mgUT5lbsBRQ_NA_114.547_139.172    offset +0  conf 5.94  (11226 s, ~73 min left)
[734/1018] mgUT5lbsBRQ/mgUT5lbsBRQ_NA_696.896_704.804    offset +0  conf 5.28  (11243 s, ~73 min left)
[735/1018] mhAEHETS6qE/mhAEHETS6qE_NA_0.100_566.566      offset +0  conf 8.63  (11243 s, ~72 min left)
[736/1018] mhAEHETS6qE/mhAEHETS6qE_NA_883.515_894.560    offset +0  conf 8.98  (11252 s, ~72 min left)
[737/1018] mj-zmZVhjoI/mj-zmZVhjoI_NA_201.617_393.626    offset +4  conf 7.02  (11254 s, ~72 min left)
[738/1018] mm9_A1j8XLY/mm9_A1j8XLY_NA_106.900_119.800    offset +6  conf 3.95  (11273 s, ~71 min left)
[739/1018] mm9_A1j8XLY/mm9_A1j8XLY_NA_96.000_106.700     offset +5  conf 6.08  (11273 s, ~71 min left)
[740/1018] mmyPObbuRAs/mmyPObbuRAs_NA_41.474_46.613      offset -1  conf 7.88  (11277 s, ~71 min left)
[741/1018] mmyPObbuRAs/mmyPObbuRAs_NA_842.232_848.456    offset -2  conf 9.33  (11281 s, ~70 min left)
[742/1018] modgQh23iRA/modgQh23iRA_NA_984.500_989.655    offset +0  conf 8.01  (11301 s, ~70 min left)
[743/1018] modgQh23iRA/modgQh23iRA_NA_1035.567_1043.709  offset -1  conf 8.73  (11307 s, ~70 min left)
[744/1018] mqty9s1_MRs/mqty9s1_MRs_NA_60.894_67.734      offset +0  conf 6.63  (11309 s, ~69 min left)
[745/1018] mqty9s1_MRs/mqty9s1_MRs_NA_227.393_234.968    offset +0  conf 7.82  (11312 s, ~69 min left)
[746/1018] mre5CGX6hPQ/mre5CGX6hPQ_NA_131.189_136.911    offset -1  conf 6.57  (11325 s, ~69 min left)
[747/1018] mre5CGX6hPQ/mre5CGX6hPQ_NA_842.024_847.163    offset +0  conf 6.51  (11331 s, ~69 min left)
[748/1018] mt-9V0qL1X0/mt-9V0qL1X0_NA_105.380_112.940    offset -1  conf 6.64  (11340 s, ~68 min left)
[749/1018] mt-9V0qL1X0/mt-9V0qL1X0_NA_672.460_679.660    offset -1  conf 8.55  (11342 s, ~68 min left)
[750/1018] mv39V4fOivI/mv39V4fOivI_NA_405.872_412.578    offset -1  conf 6.04  (11352 s, ~68 min left)
[751/1018] mwqsrfue5Aw/mwqsrfue5Aw_NA_50.666_56.100      offset -2  conf 6.00  (11356 s, ~67 min left)
[752/1018] mwqsrfue5Aw/mwqsrfue5Aw_NA_700.033_706.933    offset -2  conf 6.12  (11369 s, ~67 min left)
[753/1018] n-fSSqy0Ivw/n-fSSqy0Ivw_NA_120.860_132.500    offset -2  conf 5.19  (11375 s, ~67 min left)
[754/1018] n-fSSqy0Ivw/n-fSSqy0Ivw_NA_96.860_105.980     offset -2  conf 4.31  (11384 s, ~66 min left)
[755/1018] n1R03pv0izg/n1R03pv0izg_NA_34.633_101.833     offset +1  conf 3.88  (11389 s, ~66 min left)
[756/1018] n3SJi7s85Bc/n3SJi7s85Bc_NA_954.620_960.292    offset +0  conf 6.48  (11421 s, ~66 min left)
[757/1018] n3SJi7s85Bc/n3SJi7s85Bc_NA_123.022_131.197    offset -1  conf 6.16  (11424 s, ~66 min left)
[758/1018] n1c7RuLK8pI/n1c7RuLK8pI_NA_0.100_57.600       offset -1  conf 5.43  (11435 s, ~65 min left)
[759/1018] n1c7RuLK8pI/n1c7RuLK8pI_NA_57.800_104.833     offset -1  conf 7.46  (11442 s, ~65 min left)
  [lse] could not parse run_syncnet.py output for clip.mp4:

2026-10-07 21:51:56,791 SyncNetInstance INFO: Using device: cuda
2026-10-07 21:51:57,331 __main__ INFO: Model data/syncnet_v2.model loaded.

[760/1018] n4zDsMBRzR8/n4zDsMBRzR8_NA_174.383_180.400    offset +nan  conf nan  (11472 s, ~65 min left)
[761/1018] n5olnV-S5p4/n5olnV-S5p4_NA_0.100_22.340       offset -1  conf 7.17  (11484 s, ~65 min left)
[762/1018] n5FiF4SLoeU/n5FiF4SLoeU_NA_24.900_39.066      offset +0  conf 8.40  (11486 s, ~64 min left)
[763/1018] n5FiF4SLoeU/n5FiF4SLoeU_NA_78.933_138.100     offset +0  conf 5.55  (11490 s, ~64 min left)
[764/1018] n5olnV-S5p4/n5olnV-S5p4_NA_878.220_916.020    offset -1  conf 5.66  (11502 s, ~64 min left)
[765/1018] n6f78-uWa4g/n6f78-uWa4g_NA_1000.966_1006.133  offset +0  conf 5.54  (11515 s, ~63 min left)
[766/1018] n6f78-uWa4g/n6f78-uWa4g_NA_968.166_974.900    offset +0  conf 7.49  (11517 s, ~63 min left)
[767/1018] n8KhoqfAcdQ/n8KhoqfAcdQ_NA_213.875_220.429    offset +0  conf 7.83  (11534 s, ~63 min left)
[768/1018] n8uuYfaM-ys/n8uuYfaM-ys_NA_97.600_104.483     offset -1  conf 7.49  (11546 s, ~63 min left)
[769/1018] n8uuYfaM-ys/n8uuYfaM-ys_NA_84.391_94.691      offset -1  conf 7.44  (11547 s, ~62 min left)
[770/1018] n8KhoqfAcdQ/n8KhoqfAcdQ_NA_524.115_534.966    offset +1  conf 9.45  (11559 s, ~62 min left)
[771/1018] n9j3j0tz36s/n9j3j0tz36s_NA_206.500_228.866    offset +2  conf 7.60  (11566 s, ~62 min left)
[772/1018] nDJlP4mOS0M/nDJlP4mOS0M_NA_331.166_337.133    offset +1  conf 6.33  (11584 s, ~62 min left)
[773/1018] nDJlP4mOS0M/nDJlP4mOS0M_NA_86.966_92.233      offset +1  conf 5.86  (11593 s, ~61 min left)
[774/1018] nBNG5YbVdZQ/nBNG5YbVdZQ_NA_19.860_30.100      offset -1  conf 7.87  (11611 s, ~61 min left)
[775/1018] nE8VHqk_VS8/nE8VHqk_VS8_NA_1005.838_1016.849  offset -1  conf 6.08  (11613 s, ~61 min left)
[776/1018] nBNG5YbVdZQ/nBNG5YbVdZQ_NA_97.460_145.340     offset +0  conf 8.71  (11617 s, ~60 min left)
[777/1018] nE8VHqk_VS8/nE8VHqk_VS8_NA_956.855_1005.638   offset -1  conf 5.20  (11628 s, ~60 min left)
[778/1018] nIp0J9_g0hs/nIp0J9_g0hs_NA_0.100_5.533        offset +3  conf 8.41  (11659 s, ~60 min left)
[779/1018] nIp0J9_g0hs/nIp0J9_g0hs_NA_779.700_784.800    offset +2  conf 8.50  (11688 s, ~60 min left)
[780/1018] nFqXTeEoUuk/nFqXTeEoUuk_NA_86.640_104.280     offset +1  conf 5.27  (11698 s, ~59 min left)
[781/1018] nHPJfNRUk5k/nHPJfNRUk5k_NA_92.766_107.866     offset +1  conf 5.91  (11709 s, ~59 min left)
[782/1018] nHPJfNRUk5k/nHPJfNRUk5k_NA_160.700_184.566    offset +0  conf 6.83  (11709 s, ~59 min left)
[783/1018] nKLIX2HMdEU/nKLIX2HMdEU_NA_391.820_432.780    offset +0  conf 7.54  (11721 s, ~59 min left)
[784/1018] nMeM_jbIksg/nMeM_jbIksg_NA_351.933_385.533    offset -2  conf 5.01  (11730 s, ~58 min left)
[785/1018] nOTLPi0fta4/nOTLPi0fta4_NA_830.879_978.978    offset +2  conf 7.63  (11757 s, ~58 min left)
[786/1018] nQ6y-6d-FQY/nQ6y-6d-FQY_NA_1039.100_1046.866  offset +1  conf 6.22  (11763 s, ~58 min left)
[787/1018] nNMsYsiooxc/nNMsYsiooxc_NA_720.100_1275.500   offset -2  conf 6.95  (11782 s, ~58 min left)
[788/1018] nQ6y-6d-FQY/nQ6y-6d-FQY_NA_929.233_935.866    offset +0  conf 6.96  (11784 s, ~57 min left)
[789/1018] nNMsYsiooxc/nNMsYsiooxc_NA_1275.700_1295.780  offset +2  conf 6.82  (11784 s, ~57 min left)
[790/1018] nS25p6lLitk/nS25p6lLitk_NA_0.100_5.689        offset +1  conf 9.08  (11788 s, ~57 min left)
[791/1018] nS25p6lLitk/nS25p6lLitk_NA_96.563_167.817     offset +1  conf 7.93  (11818 s, ~57 min left)
[792/1018] nUg-dZMrEjA/nUg-dZMrEjA_NA_141.491_149.758    offset -1  conf 4.25  (11824 s, ~56 min left)
[793/1018] nT6XPzqMpS8/nT6XPzqMpS8_NA_152.300_159.340    offset -1  conf 5.63  (11824 s, ~56 min left)
[794/1018] nT6XPzqMpS8/nT6XPzqMpS8_NA_690.900_714.140    offset -1  conf 6.62  (11824 s, ~56 min left)
[795/1018] n_EoSGm5FBc/n_EoSGm5FBc_NA_282.632_287.979    offset -2  conf 6.71  (11845 s, ~55 min left)
[796/1018] naJ-YOfTBMc/naJ-YOfTBMc_NA_0.100_5.400        offset -2  conf 6.03  (11857 s, ~55 min left)
[797/1018] n_EoSGm5FBc/n_EoSGm5FBc_NA_864.254_891.665    offset -2  conf 7.90  (11857 s, ~55 min left)
[798/1018] naJ-YOfTBMc/naJ-YOfTBMc_NA_96.850_105.650     offset -2  conf 6.86  (11861 s, ~54 min left)
[799/1018] ney9HGiVbPo/ney9HGiVbPo_NA_10.733_15.800      offset +1  conf 7.26  (11888 s, ~54 min left)
[800/1018] ney9HGiVbPo/ney9HGiVbPo_NA_455.500_472.833    offset +1  conf 6.41  (11893 s, ~54 min left)
[801/1018] nlLFuGIjOpg/nlLFuGIjOpg_NA_143.308_152.566    offset -1  conf 7.97  (11894 s, ~54 min left)
[802/1018] ncoiotldS-8/ncoiotldS-8_NA_8.260_16.180       offset -2  conf 5.73  (11906 s, ~53 min left)
[803/1018] nlLFuGIjOpg/nlLFuGIjOpg_NA_989.766_1041.775   offset -1  conf 7.81  (11914 s, ~53 min left)
[804/1018] nm2LM6Hvhic/nm2LM6Hvhic_NA_109.442_125.658    offset -3  conf 5.80  (11925 s, ~53 min left)
[805/1018] nm2LM6Hvhic/nm2LM6Hvhic_NA_413.012_420.920    offset -2  conf 4.81  (11925 s, ~53 min left)
[806/1018] ns_ZXoYQDis/ns_ZXoYQDis_NA_299.300_309.000    offset +1  conf 9.20  (11932 s, ~52 min left)
[807/1018] nuNzm-VSj9Y/nuNzm-VSj9Y_NA_0.100_107.066      offset +2  conf 7.93  (11942 s, ~52 min left)
[808/1018] nzZfMvaReWA/nzZfMvaReWA_NA_986.485_992.291    offset -2  conf 3.80  (11954 s, ~52 min left)
[809/1018] nzZfMvaReWA/nzZfMvaReWA_NA_0.100_14.781       offset -1  conf 5.27  (11954 s, ~51 min left)
[810/1018] o0dXLE3Nr_4/o0dXLE3Nr_4_NA_1013.862_1026.717  offset -1  conf 5.32  (11961 s, ~51 min left)
[811/1018] o0dXLE3Nr_4/o0dXLE3Nr_4_NA_890.698_959.108    offset -1  conf 4.74  (11969 s, ~51 min left)
[812/1018] o8_IDZITni0/o8_IDZITni0_NA_13.866_136.766     offset +1  conf 8.46  (11999 s, ~51 min left)
[813/1018] o2CuWFbEbqc/o2CuWFbEbqc_NA_1218.400_1239.433  offset +0  conf 2.86  (11999 s, ~50 min left)
[814/1018] o2CuWFbEbqc/o2CuWFbEbqc_NA_905.533_976.133    offset +0  conf 2.28  (11999 s, ~50 min left)
[815/1018] oAndT4Nk3Yw/oAndT4Nk3Yw_NA_390.740_427.677    offset +0  conf 7.11  (12001 s, ~50 min left)
[816/1018] oEKK5xpWpfM/oEKK5xpWpfM_NA_14.058_61.483      offset +3  conf 8.07  (12036 s, ~50 min left)
[817/1018] oEKK5xpWpfM/oEKK5xpWpfM_NA_549.558_634.983    offset +3  conf 9.63  (12036 s, ~49 min left)
[818/1018] oJOc8mR6m-w/oJOc8mR6m-w_NA_151.180_159.260    offset -2  conf 5.65  (12040 s, ~49 min left)
[819/1018] oAndT4Nk3Yw/oAndT4Nk3Yw_NA_957.723_997.863    offset +0  conf 4.72  (12040 s, ~49 min left)
[820/1018] oTf7g59LQ_Y/oTf7g59LQ_Y_NA_62.929_68.301      offset +1  conf 7.81  (12070 s, ~49 min left)
[821/1018] oTf7g59LQ_Y/oTf7g59LQ_Y_NA_57.056_62.729      offset -4  conf 0.22  (12074 s, ~48 min left)
[822/1018] oNkjh1L6Zbg/oNkjh1L6Zbg_NA_0.100_72.500       offset -3  conf 3.10  (12074 s, ~48 min left)
[823/1018] oJOc8mR6m-w/oJOc8mR6m-w_NA_62.860_79.020      offset -2  conf 5.71  (12075 s, ~48 min left)
[824/1018] oZWEeM6ToK0/oZWEeM6ToK0_NA_605.700_621.200    offset +2  conf 4.66  (12104 s, ~47 min left)
[825/1018] ocBEKIlVhCo/ocBEKIlVhCo_NA_19.800_24.900      offset +3  conf 4.08  (12105 s, ~47 min left)
[826/1018] oZWEeM6ToK0/oZWEeM6ToK0_NA_995.833_1018.700   offset +1  conf 7.48  (12110 s, ~47 min left)
[827/1018] ocBEKIlVhCo/ocBEKIlVhCo_NA_597.900_610.400    offset +2  conf 4.28  (12110 s, ~47 min left)
[828/1018] oejBbQx-Sqo/oejBbQx-Sqo_NA_95.460_104.820     offset -1  conf 7.96  (12148 s, ~46 min left)
[829/1018] oiEZbqMOZcE/oiEZbqMOZcE_NA_187.487_218.251    offset -1  conf 4.76  (12150 s, ~46 min left)
[830/1018] oejBbQx-Sqo/oejBbQx-Sqo_NA_14.940_25.180      offset -1  conf 7.60  (12150 s, ~46 min left)
[831/1018] oiEZbqMOZcE/oiEZbqMOZcE_NA_95.245_106.106     offset +0  conf 4.54  (12150 s, ~46 min left)
[832/1018] ok1-W1EL0VA/ok1-W1EL0VA_NA_97.430_120.353     offset +0  conf 7.24  (12186 s, ~45 min left)
[833/1018] ok1-W1EL0VA/ok1-W1EL0VA_NA_3.870_47.414       offset -1  conf 6.96  (12186 s, ~45 min left)
[834/1018] or65hpfgVRM/or65hpfgVRM_NA_25.959_41.074      offset +0  conf 6.71  (12188 s, ~45 min left)
[835/1018] or65hpfgVRM/or65hpfgVRM_NA_70.670_82.615      offset +1  conf 7.07  (12191 s, ~45 min left)
[836/1018] owtSR-9Cupo/owtSR-9Cupo_NA_268.733_290.633    offset +7  conf 9.90  (12227 s, ~44 min left)
[837/1018] owtSR-9Cupo/owtSR-9Cupo_NA_3.133_268.533      offset +7  conf 8.81  (12227 s, ~44 min left)
[838/1018] oyeoyzNY2Jk/oyeoyzNY2Jk_NA_756.856_765.231    offset -1  conf 8.08  (12227 s, ~44 min left)
[839/1018] p29BCHkh9fw/p29BCHkh9fw_NA_1146.278_1161.126  offset -1  conf 9.30  (12228 s, ~43 min left)
[840/1018] p6KBVYaWapQ/p6KBVYaWapQ_NA_107.800_113.600    offset +3  conf 7.35  (12259 s, ~43 min left)
[841/1018] p6KBVYaWapQ/p6KBVYaWapQ_NA_764.400_801.000    offset +3  conf 6.09  (12266 s, ~43 min left)
[842/1018] pB7Z___u7EI/pB7Z___u7EI_NA_57.740_65.382      offset -2  conf 8.35  (12266 s, ~43 min left)
[843/1018] pB7Z___u7EI/pB7Z___u7EI_NA_197.588_503.444    offset -1  conf 8.14  (12266 s, ~42 min left)
[844/1018] pC9iEgTvrnc/pC9iEgTvrnc_NA_144.677_162.262    offset +0  conf 6.85  (12287 s, ~42 min left)
[845/1018] pE0-hE2p5nw/pE0-hE2p5nw_NA_67.125_76.851      offset -1  conf 6.14  (12293 s, ~42 min left)
[846/1018] pC9iEgTvrnc/pC9iEgTvrnc_NA_67.400_74.307      offset +1  conf 5.50  (12298 s, ~42 min left)
[847/1018] pFV3DYYby8o/pFV3DYYby8o_NA_108.133_123.233    offset +1  conf 5.81  (12298 s, ~41 min left)
[848/1018] pFV3DYYby8o/pFV3DYYby8o_NA_9.933_17.966       offset +1  conf 5.44  (12312 s, ~41 min left)
[849/1018] pHUvitJJTVs/pHUvitJJTVs_NA_99.880_105.900     offset -1  conf 7.04  (12318 s, ~41 min left)
[850/1018] pJzx-IF7HdA/pJzx-IF7HdA_NA_0.100_8.158        offset -1  conf 3.50  (12329 s, ~41 min left)
[851/1018] pJzx-IF7HdA/pJzx-IF7HdA_NA_40.974_65.090      offset -1  conf 3.92  (12329 s, ~40 min left)
[852/1018] pPN9ajRtGEs/pPN9ajRtGEs_NA_225.000_301.766    offset +3  conf 8.75  (12341 s, ~40 min left)
[853/1018] pRbcUO04egE/pRbcUO04egE_NA_0.100_15.749       offset +0  conf 3.70  (12347 s, ~40 min left)
[854/1018] pRbcUO04egE/pRbcUO04egE_NA_78.811_135.168     offset +0  conf 5.20  (12362 s, ~40 min left)
[855/1018] pYObqmerY4M/pYObqmerY4M_NA_0.100_87.270       offset -1  conf 7.94  (12363 s, ~39 min left)
[856/1018] pYObqmerY4M/pYObqmerY4M_NA_87.470_119.786     offset -1  conf 9.08  (12373 s, ~39 min left)
[857/1018] pacPDhlesqs/pacPDhlesqs_NA_128.311_137.370    offset +0  conf 8.40  (12377 s, ~39 min left)
[858/1018] pacPDhlesqs/pacPDhlesqs_NA_258.358_302.493    offset +0  conf 10.22  (12396 s, ~39 min left)
[859/1018] ph36Z3cFBPM/ph36Z3cFBPM_NA_0.100_147.266      offset +2  conf 6.46  (12396 s, ~38 min left)
[860/1018] psJ1XR4T6Co/psJ1XR4T6Co_NA_81.389_86.778      offset -1  conf 5.83  (12406 s, ~38 min left)
[861/1018] psJ1XR4T6Co/psJ1XR4T6Co_NA_112.128_120.812    offset -1  conf 6.76  (12407 s, ~38 min left)
[862/1018] q02_yimCRdw/q02_yimCRdw_NA_933.083_953.000    offset +3  conf 6.41  (12433 s, ~38 min left)
[863/1018] q02_yimCRdw/q02_yimCRdw_NA_800.916_808.950    offset +3  conf 7.15  (12435 s, ~37 min left)
[864/1018] q4mahzouyNA/q4mahzouyNA_NA_1149.500_1186.380  offset -3  conf 3.38  (12445 s, ~37 min left)
[865/1018] q4mahzouyNA/q4mahzouyNA_NA_2159.340_2170.140  offset -3  conf 3.69  (12446 s, ~37 min left)
[866/1018] qbgWBVY0gR4/qbgWBVY0gR4_NA_159.820_165.100    offset -1  conf 7.41  (12464 s, ~36 min left)
[867/1018] qM4uHkEErws/qM4uHkEErws_NA_34.220_41.900      offset -3  conf 5.63  (12465 s, ~36 min left)
[868/1018] qbgWBVY0gR4/qbgWBVY0gR4_NA_98.100_104.860     offset -1  conf 7.11  (12478 s, ~36 min left)
[869/1018] qkrGlmts0Pw/qkrGlmts0Pw_NA_170.069_236.369    offset +0  conf 6.00  (12492 s, ~36 min left)
[870/1018] qo4hK5AOaGc/qo4hK5AOaGc_NA_1155.804_1168.717  offset -1  conf 5.76  (12495 s, ~35 min left)
[871/1018] qpoRO378qRY/qpoRO378qRY_NA_1003.001_1024.590  offset +0  conf 3.20  (12506 s, ~35 min left)
[872/1018] qkrGlmts0Pw/qkrGlmts0Pw_NA_486.552_523.456    offset +0  conf 7.17  (12511 s, ~35 min left)
[873/1018] qpoRO378qRY/qpoRO378qRY_NA_948.947_965.831    offset +0  conf 6.33  (12521 s, ~35 min left)
[874/1018] qrvK_KuIeJk/qrvK_KuIeJk_NA_213.079_237.137    offset -2  conf 7.94  (12524 s, ~34 min left)
[875/1018] qrvK_KuIeJk/qrvK_KuIeJk_NA_686.652_704.537    offset -1  conf 6.44  (12534 s, ~34 min left)
[876/1018] qsnbJZQAD-k/qsnbJZQAD-k_NA_100.825_125.567    offset +0  conf 8.19  (12537 s, ~34 min left)
[877/1018] qsnbJZQAD-k/qsnbJZQAD-k_NA_81.556_87.195      offset +0  conf 7.89  (12545 s, ~34 min left)
[878/1018] quVzBbOoq7c/quVzBbOoq7c_NA_10.510_17.550      offset +0  conf 5.73  (12551 s, ~33 min left)
[879/1018] quVzBbOoq7c/quVzBbOoq7c_NA_35.535_81.047      offset +0  conf 4.35  (12562 s, ~33 min left)
[880/1018] quuCJ_OZ1tE/quuCJ_OZ1tE_NA_0.100_29.433       offset +1  conf 5.58  (12565 s, ~33 min left)
[881/1018] quuCJ_OZ1tE/quuCJ_OZ1tE_NA_620.200_644.366    offset +0  conf 6.17  (12572 s, ~33 min left)
[882/1018] qx3WJLxlfsc/qx3WJLxlfsc_NA_1064.566_1072.733  offset +1  conf 9.46  (12578 s, ~32 min left)
[883/1018] qx3WJLxlfsc/qx3WJLxlfsc_NA_994.033_1064.366   offset +1  conf 9.44  (12593 s, ~32 min left)
[884/1018] r0NLCemzvwQ/r0NLCemzvwQ_NA_122.460_149.540    offset -3  conf 6.90  (12594 s, ~32 min left)
[885/1018] r0NLCemzvwQ/r0NLCemzvwQ_NA_91.260_98.740      offset -3  conf 7.64  (12598 s, ~32 min left)
[886/1018] r0m-iSnbKvc/r0m-iSnbKvc_NA_0.100_15.216       offset +0  conf 8.95  (12605 s, ~31 min left)
[887/1018] r0m-iSnbKvc/r0m-iSnbKvc_NA_65.933_175.066     offset -1  conf 7.64  (12626 s, ~31 min left)
[888/1018] r15Akxzcf5c/r15Akxzcf5c_NA_902.766_908.600    offset +1  conf 7.29  (12627 s, ~31 min left)
[889/1018] r2sRsxiSzh8/r2sRsxiSzh8_NA_139.973_186.419    offset +0  conf 9.95  (12627 s, ~31 min left)
[890/1018] r2sRsxiSzh8/r2sRsxiSzh8_NA_31.498_61.795      offset +0  conf 9.90  (12631 s, ~30 min left)
[891/1018] r5KZzRt-wPI/r5KZzRt-wPI_NA_336.433_342.400    offset +1  conf 6.58  (12663 s, ~30 min left)
[892/1018] r5KZzRt-wPI/r5KZzRt-wPI_NA_0.100_12.033       offset +2  conf 4.02  (12667 s, ~30 min left)
[893/1018] r3Pzk69xc-M/r3Pzk69xc-M_NA_356.633_369.200    offset +1  conf 4.94  (12667 s, ~30 min left)
[894/1018] r71Yv5NzSW0/r71Yv5NzSW0_NA_112.866_125.766    offset +1  conf 8.45  (12669 s, ~29 min left)
[895/1018] r71Yv5NzSW0/r71Yv5NzSW0_NA_93.833_112.666     offset +1  conf 8.10  (12691 s, ~29 min left)
[896/1018] rAAha2yVXZU/rAAha2yVXZU_NA_91.433_102.000     offset +0  conf 5.70  (12707 s, ~29 min left)
[897/1018] rAAha2yVXZU/rAAha2yVXZU_NA_0.100_10.366       offset +0  conf 4.70  (12708 s, ~29 min left)
[898/1018] rCWfj6lV4JI/rCWfj6lV4JI_NA_608.833_693.000    offset +1  conf 6.02  (12708 s, ~28 min left)
[899/1018] rCWfj6lV4JI/rCWfj6lV4JI_NA_969.300_983.700    offset +0  conf 4.82  (12722 s, ~28 min left)
[900/1018] rExTYlcUHQ4/rExTYlcUHQ4_NA_0.100_24.933       offset +1  conf 8.67  (12741 s, ~28 min left)
[901/1018] rDK9u0ywAi0/rDK9u0ywAi0_NA_0.100_80.533       offset +0  conf 7.69  (12745 s, ~28 min left)
[902/1018] rDK9u0ywAi0/rDK9u0ywAi0_NA_927.666_956.933    offset +1  conf 7.63  (12745 s, ~27 min left)
[903/1018] rExTYlcUHQ4/rExTYlcUHQ4_NA_943.433_970.900    offset +1  conf 7.33  (12749 s, ~27 min left)
[904/1018] rGBFmy5_aDc/rGBFmy5_aDc_NA_1030.750_1113.433  offset +2  conf 7.28  (12779 s, ~27 min left)
[905/1018] rM6FUF-X1_o/rM6FUF-X1_o_NA_417.433_423.700    offset +1  conf 7.29  (12780 s, ~27 min left)
[906/1018] rPUUNklc6Pc/rPUUNklc6Pc_NA_110.780_116.420    offset -1  conf 8.29  (12783 s, ~26 min left)
[907/1018] rGBFmy5_aDc/rGBFmy5_aDc_NA_987.433_1030.550   offset +1  conf 7.27  (12784 s, ~26 min left)
[908/1018] rRIUAU7czu0/rRIUAU7czu0_NA_116.316_133.500    offset +1  conf 6.16  (12814 s, ~26 min left)
[909/1018] rRIUAU7czu0/rRIUAU7czu0_NA_928.250_934.883    offset +1  conf 4.81  (12815 s, ~26 min left)
[910/1018] rPUUNklc6Pc/rPUUNklc6Pc_NA_678.300_690.260    offset -1  conf 9.44  (12819 s, ~25 min left)
[911/1018] rUC7AXnqOgs/rUC7AXnqOgs_NA_1.933_9.766        offset +1  conf 3.31  (12819 s, ~25 min left)
[912/1018] r_ddN3LvKtM/r_ddN3LvKtM_NA_796.862_802.017    offset +1  conf 9.00  (12845 s, ~25 min left)
[913/1018] r_ddN3LvKtM/r_ddN3LvKtM_NA_862.011_867.082    offset +1  conf 6.43  (12851 s, ~25 min left)
[914/1018] rW-j-VZmF5g/rW-j-VZmF5g_NA_565.766_696.366    offset +0  conf 5.24  (12852 s, ~24 min left)
[915/1018] rcYXV9Fy9Xk/rcYXV9Fy9Xk_NA_186.119_198.498    offset +0  conf 7.62  (12852 s, ~24 min left)
[916/1018] rcYXV9Fy9Xk/rcYXV9Fy9Xk_NA_594.260_599.582    offset +0  conf 5.30  (12870 s, ~24 min left)
[917/1018] reMnRjhDv68/reMnRjhDv68_NA_128.540_148.700    offset -2  conf 7.21  (12885 s, ~24 min left)
[918/1018] rgSJ0DUejVI/rgSJ0DUejVI_NA_136.600_173.860    offset -1  conf 8.53  (12886 s, ~23 min left)
[919/1018] reMnRjhDv68/reMnRjhDv68_NA_718.340_766.020    offset -2  conf 6.93  (12886 s, ~23 min left)
[920/1018] rgSJ0DUejVI/rgSJ0DUejVI_NA_680.520_690.740    offset -2  conf 6.01  (12899 s, ~23 min left)
[921/1018] rhg7kjTUG6A/rhg7kjTUG6A_NA_349.065_354.220    offset +1  conf 2.45  (12918 s, ~23 min left)
[922/1018] rk2_eH4IilM/rk2_eH4IilM_NA_54.700_60.200      offset +3  conf 4.90  (12918 s, ~22 min left)
[923/1018] rk2_eH4IilM/rk2_eH4IilM_NA_87.533_95.566      offset +3  conf 1.74  (12918 s, ~22 min left)
[924/1018] rlKYunUBbhU/rlKYunUBbhU_NA_0.100_99.466       offset +0  conf 7.12  (12927 s, ~22 min left)
[925/1018] rlKYunUBbhU/rlKYunUBbhU_NA_459.458_466.466    offset +1  conf 6.76  (12957 s, ~22 min left)
[926/1018] rnrohC-jRbg/rnrohC-jRbg_NA_30.330_96.162      offset +0  conf 4.81  (12957 s, ~21 min left)
[927/1018] rq3OqdzRwEI/rq3OqdzRwEI_NA_3.333_16.066       offset +0  conf 6.58  (12959 s, ~21 min left)
[928/1018] rsFj7uF6HAA/rsFj7uF6HAA_NA_552.766_560.200    offset +1  conf 3.92  (12961 s, ~21 min left)
[929/1018] rtLbuRINHTg/rtLbuRINHTg_NA_821.503_851.150    offset +0  conf 6.10  (12998 s, ~21 min left)
[930/1018] rwOo71asAno/rwOo71asAno_NA_17.700_25.633      offset +1  conf 6.24  (12999 s, ~20 min left)
[931/1018] rtLbuRINHTg/rtLbuRINHTg_NA_1154.636_1184.983  offset +0  conf 6.77  (13000 s, ~20 min left)
[932/1018] rsFj7uF6HAA/rsFj7uF6HAA_NA_714.200_732.533    offset +2  conf 4.75  (13000 s, ~20 min left)
[933/1018] s-qC2wTOqto/s-qC2wTOqto_NA_15.048_24.658      offset -1  conf 4.67  (13030 s, ~20 min left)
[934/1018] rwOo71asAno/rwOo71asAno_NA_72.500_85.600      offset +1  conf 7.93  (13038 s, ~20 min left)
[935/1018] rzASSEp4hb0/rzASSEp4hb0_NA_0.100_11.966       offset -1  conf 7.30  (13038 s, ~19 min left)
[936/1018] rzASSEp4hb0/rzASSEp4hb0_NA_44.066_58.733      offset -1  conf 5.99  (13038 s, ~19 min left)
[937/1018] s-qC2wTOqto/s-qC2wTOqto_NA_799.999_929.662    offset +0  conf 3.08  (13056 s, ~19 min left)
[938/1018] s6MSGzRribA/s6MSGzRribA_NA_239.116_261.000    offset +0  conf 8.18  (13073 s, ~19 min left)
[939/1018] s46ZYKbSTVg/s46ZYKbSTVg_NA_315.566_322.266    offset -2  conf 4.98  (13075 s, ~18 min left)
[940/1018] s46ZYKbSTVg/s46ZYKbSTVg_NA_6.966_14.266       offset -1  conf 4.69  (13075 s, ~18 min left)
[941/1018] s6MSGzRribA/s6MSGzRribA_NA_80.450_110.183     offset -1  conf 7.40  (13086 s, ~18 min left)
[942/1018] sQra0lnlhoM/sQra0lnlhoM_NA_137.900_245.366    offset -3  conf 5.57  (13112 s, ~18 min left)
[943/1018] sQra0lnlhoM/sQra0lnlhoM_NA_730.433_840.466    offset -2  conf 5.96  (13112 s, ~17 min left)
[944/1018] s_er309IecE/s_er309IecE_NA_0.100_145.266      offset +1  conf 7.75  (13122 s, ~17 min left)
[945/1018] s_er309IecE/s_er309IecE_NA_935.833_941.200    offset +1  conf 7.15  (13124 s, ~17 min left)
[946/1018] squYKgRWZN0/squYKgRWZN0_NA_236.636_242.375    offset +0  conf 7.81  (13142 s, ~17 min left)
[947/1018] squYKgRWZN0/squYKgRWZN0_NA_124.224_137.804    offset +0  conf 7.85  (13144 s, ~16 min left)
[948/1018] suePC4suIIQ/suePC4suIIQ_NA_159.633_169.766    offset +1  conf 4.80  (13154 s, ~16 min left)
[949/1018] suePC4suIIQ/suePC4suIIQ_NA_50.666_138.566     offset +1  conf 5.84  (13154 s, ~16 min left)
[950/1018] sw-cCDdXKck/sw-cCDdXKck_NA_17.075_25.175      offset -1  conf 8.99  (13174 s, ~16 min left)
[951/1018] sw-cCDdXKck/sw-cCDdXKck_NA_831.138_847.163    offset +3  conf 8.00  (13175 s, ~15 min left)
[952/1018] sxw-ZvRKI8A/sxw-ZvRKI8A_NA_886.735_891.874    offset -1  conf 6.84  (13183 s, ~15 min left)
[953/1018] sxw-ZvRKI8A/sxw-ZvRKI8A_NA_12.737_29.763      offset +14  conf 0.27  (13186 s, ~15 min left)
[954/1018] t0G3wte1gec/t0G3wte1gec_NA_100.817_111.027    offset -1  conf 6.79  (13208 s, ~15 min left)
  [lse] could not parse run_syncnet.py output for clip.mp4:

2026-10-07 22:20:54,901 SyncNetInstance INFO: Using device: cuda
2026-10-07 22:20:55,790 __main__ INFO: Model data/syncnet_v2.model loaded.

[955/1018] t1cUhCK2ZXM/t1cUhCK2ZXM_NA_126.180_133.300    offset +nan  conf nan  (13211 s, ~15 min left)
[956/1018] t0G3wte1gec/t0G3wte1gec_NA_904.787_914.997    offset +3  conf 7.13  (13211 s, ~14 min left)
[957/1018] t1cUhCK2ZXM/t1cUhCK2ZXM_NA_14.340_21.020      offset +0  conf 8.98  (13215 s, ~14 min left)
[958/1018] t2XyFA0eKmg/t2XyFA0eKmg_NA_847.433_941.966    offset +2  conf 2.87  (13237 s, ~14 min left)
[959/1018] t3ZwAGBif3s/t3ZwAGBif3s_NA_726.200_732.298    offset +15  conf 1.08  (13244 s, ~14 min left)
[960/1018] t2h0UqrVFqo/t2h0UqrVFqo_NA_11.544_21.288      offset +0  conf 7.58  (13249 s, ~13 min left)
[961/1018] t5wWv22_ug8/t5wWv22_ug8_NA_141.366_170.300    offset +2  conf 10.24  (13249 s, ~13 min left)
[962/1018] t5wWv22_ug8/t5wWv22_ug8_NA_914.900_1062.566   offset +2  conf 8.46  (13271 s, ~13 min left)
[963/1018] tBDRVktCQLU/tBDRVktCQLU_NA_0.834_220.000      offset +0  conf 6.36  (13278 s, ~13 min left)
[964/1018] tkVF39AkCJM/tkVF39AkCJM_NA_189.533_195.133    offset -15  conf 0.52  (13298 s, ~12 min left)
[965/1018] tkVF39AkCJM/tkVF39AkCJM_NA_216.500_222.366    offset -15  conf 0.17  (13304 s, ~12 min left)
[966/1018] tGCOAutaf-s/tGCOAutaf-s_NA_1215.233_1227.700  offset +2  conf 7.67  (13312 s, ~12 min left)
[967/1018] tGCOAutaf-s/tGCOAutaf-s_NA_392.800_400.333    offset +2  conf 5.56  (13312 s, ~12 min left)
[968/1018] tu3rdwHVk0M/tu3rdwHVk0M_NA_815.481_824.523    offset -1  conf 5.92  (13325 s, ~11 min left)
[969/1018] uCqBuIgD9q0/uCqBuIgD9q0_NA_614.413_680.780    offset +1  conf 8.88  (13332 s, ~11 min left)
[970/1018] udzoyd5c9AU/udzoyd5c9AU_NA_0.100_153.266      offset +1  conf 6.26  (13345 s, ~11 min left)
[971/1018] uCqBuIgD9q0/uCqBuIgD9q0_NA_7.474_19.819       offset +1  conf 7.84  (13345 s, ~11 min left)
[972/1018] udzoyd5c9AU/udzoyd5c9AU_NA_245.066_314.400    offset +2  conf 5.67  (13355 s, ~11 min left)
[973/1018] v8Vo9kGkJRk/v8Vo9kGkJRk_NA_201.501_209.609    offset +0  conf 5.64  (13363 s, ~10 min left)
[974/1018] v8Vo9kGkJRk/v8Vo9kGkJRk_NA_521.187_542.809    offset +0  conf 6.60  (13374 s, ~10 min left)
[975/1018] vefHnNqK6dA/vefHnNqK6dA_NA_245.366_250.566    offset -2  conf 1.87  (13383 s, ~10 min left)
[976/1018] w3hL2cgg_aY/w3hL2cgg_aY_NA_207.066_232.833    offset -3  conf 5.28  (13390 s, ~10 min left)
[977/1018] vefHnNqK6dA/vefHnNqK6dA_NA_386.866_393.466    offset -2  conf 5.50  (13395 s, ~9 min left)
[978/1018] w3hL2cgg_aY/w3hL2cgg_aY_NA_882.900_888.566    offset -2  conf 6.45  (13399 s, ~9 min left)
[979/1018] wbg3dFkwHhM/wbg3dFkwHhM_NA_1331.033_1361.633  offset +2  conf 7.42  (13410 s, ~9 min left)
[980/1018] wbg3dFkwHhM/wbg3dFkwHhM_NA_746.133_756.600    offset +2  conf 5.77  (13420 s, ~9 min left)
[981/1018] xJF48u52zNo/xJF48u52zNo_NA_516.849_627.393    offset +1  conf 9.72  (13424 s, ~8 min left)
[982/1018] xJF48u52zNo/xJF48u52zNo_NA_78.411_378.144     offset +1  conf 9.32  (13427 s, ~8 min left)
[983/1018] xbK9el8lVQw/xbK9el8lVQw_NA_0.100_21.421       offset +0  conf 4.95  (13442 s, ~8 min left)
[984/1018] xbK9el8lVQw/xbK9el8lVQw_NA_75.341_85.819      offset -1  conf 4.23  (13454 s, ~8 min left)
[985/1018] y1w4VSQZ0Ec/y1w4VSQZ0Ec_NA_982.815_1005.337   offset +2  conf 6.58  (13460 s, ~8 min left)
[986/1018] yHKKtxliYaY/yHKKtxliYaY_NA_361.586_426.409    offset -2  conf 5.67  (13481 s, ~7 min left)
[987/1018] yHKKtxliYaY/yHKKtxliYaY_NA_738.087_764.705    offset -2  conf 4.23  (13506 s, ~7 min left)
[988/1018] yOuU3om9sxQ/yOuU3om9sxQ_NA_13.213_19.986      offset +1  conf 9.52  (13513 s, ~7 min left)
[989/1018] yNXuXrByu7M/yNXuXrByu7M_NA_331.700_338.300    offset +0  conf 5.73  (13513 s, ~7 min left)
[990/1018] yLA-H5FG0jQ/yLA-H5FG0jQ_NA_13.179_21.855      offset -1  conf 5.65  (13523 s, ~6 min left)
[991/1018] yOuU3om9sxQ/yOuU3om9sxQ_NA_76.843_83.416      offset +1  conf 8.11  (13544 s, ~6 min left)
[992/1018] yWjTFS5KgIU/yWjTFS5KgIU_NA_10.233_16.666      offset +0  conf 5.05  (13574 s, ~6 min left)
[993/1018] yV570MIHOjU/yV570MIHOjU_NA_561.033_581.866    offset +3  conf 8.76  (13574 s, ~6 min left)
[994/1018] yWjTFS5KgIU/yWjTFS5KgIU_NA_89.300_104.700     offset +0  conf 6.60  (13585 s, ~5 min left)
[995/1018] yZDPqgHDhbs/yZDPqgHDhbs_NA_207.173_227.760    offset +1  conf 10.00  (13599 s, ~5 min left)
[996/1018] yaB6s7kVKGs/yaB6s7kVKGs_NA_995.227_1000.532   offset +1  conf 7.77  (13630 s, ~5 min left)
[997/1018] yaB6s7kVKGs/yaB6s7kVKGs_NA_1040.005_1048.080  offset +0  conf 7.99  (13640 s, ~5 min left)
[998/1018] yZDPqgHDhbs/yZDPqgHDhbs_NA_705.571_734.100    offset +1  conf 9.56  (13651 s, ~5 min left)
[999/1018] ygPu26aTTOM/ygPu26aTTOM_NA_42.033_47.100      offset +0  conf 7.51  (13688 s, ~4 min left)
[1000/1018] ygPu26aTTOM/ygPu26aTTOM_NA_110.866_132.400    offset +0  conf 4.63  (13694 s, ~4 min left)
[1001/1018] ycCJ5IYcQ-4/ycCJ5IYcQ-4_NA_298.933_306.608    offset -1  conf 6.60  (13702 s, ~4 min left)
[1002/1018] ycCJ5IYcQ-4/ycCJ5IYcQ-4_NA_831.975_869.275    offset -1  conf 8.86  (13729 s, ~4 min left)
[1003/1018] yi9hfQOJc0E/yi9hfQOJc0E_NA_25.666_30.800      offset +1  conf 7.61  (13732 s, ~3 min left)
[1004/1018] yi9hfQOJc0E/yi9hfQOJc0E_NA_390.533_395.800    offset +2  conf 6.26  (13740 s, ~3 min left)
[1005/1018] yiv-SWPYQok/yiv-SWPYQok_NA_149.315_164.297    offset +1  conf 5.87  (13756 s, ~3 min left)
[1006/1018] yiv-SWPYQok/yiv-SWPYQok_NA_636.469_656.072    offset +1  conf 5.87  (13785 s, ~3 min left)
[1007/1018] ynWZR9ZqiQk/ynWZR9ZqiQk_NA_23.433_33.000      offset +0  conf 7.29  (13791 s, ~3 min left)
[1008/1018] yjiowRmkT7c/yjiowRmkT7c_NA_0.100_14.700       offset +2  conf 7.93  (13797 s, ~2 min left)
[1009/1018] yjiowRmkT7c/yjiowRmkT7c_NA_750.166_760.000    offset +2  conf 6.26  (13801 s, ~2 min left)
[1010/1018] ynWZR9ZqiQk/ynWZR9ZqiQk_NA_66.733_90.333      offset +0  conf 7.25  (13817 s, ~2 min left)
[1011/1018] yp2gb_8yx4s/yp2gb_8yx4s_NA_1099.698_1105.371  offset +1  conf 7.73  (13867 s, ~2 min left)
[1012/1018] yrsTnxQwGSQ/yrsTnxQwGSQ_NA_114.766_162.525    offset -3  conf 6.39  (13873 s, ~1 min left)
[1013/1018] yp2gb_8yx4s/yp2gb_8yx4s_NA_966.331_972.471    offset +1  conf 7.38  (13882 s, ~1 min left)
[1014/1018] yrsTnxQwGSQ/yrsTnxQwGSQ_NA_43.850_61.066      offset -2  conf 6.45  (13886 s, ~1 min left)
[1015/1018] zMdnygBfGXY/zMdnygBfGXY_NA_432.130_437.464    offset -1  conf 5.58  (13916 s, ~1 min left)
[1016/1018] zMdnygBfGXY/zMdnygBfGXY_NA_190.760_197.335    offset -1  conf 8.05  (13919 s, ~0 min left)
[1017/1018] ytxnVErphSQ/ytxnVErphSQ_NA_0.100_79.133       offset +1  conf 4.74  (13922 s, ~0 min left)
[1018/1018] ytxnVErphSQ/ytxnVErphSQ_NA_79.333_87.266      offset +2  conf 6.63  (13924 s, ~0 min left)
shard 2 done in 13924 s
