[job] 176699 on gpu06 | gpu: NVIDIA A100-PCIE-40GB | cpus: 8 | env: avcodec | commit: 43e114a | 2026-10-07 15:53:37
[job] python -u scripts/sync_offsets.py --nshards 3
shard 1/3: 574 videos, 1013 clips to measure (0 already done), 4 workers, 8 s each -> /beegfs/work/achakraborti/SANG/cache/motion_lp/sync/offsets_001.jsonl
[1/1013] -1TVYsuu_yo/-1TVYsuu_yo_NA_394.160_399.360    offset -1  conf 3.69  (65 s, ~1088 min left)
[2/1013] -2Z04szScZw/-2Z04szScZw_NA_45.100_58.800      offset +1  conf 6.00  (68 s, ~571 min left)
[3/1013] -59cJcC2HJY/-59cJcC2HJY_NA_111.669_117.434    offset -1  conf 9.23  (122 s, ~686 min left)
[4/1013] -59cJcC2HJY/-59cJcC2HJY_NA_659.425_665.773    offset -1  conf 8.97  (131 s, ~551 min left)
[5/1013] -0F1owya2oo/-0F1owya2oo_NA_189.664_197.388    offset -2  conf 8.18  (161 s, ~542 min left)
[6/1013] -0F1owya2oo/-0F1owya2oo_NA_72.088_86.403      offset -2  conf 8.91  (172 s, ~482 min left)
[7/1013] -76uFR25H3s/-76uFR25H3s_NA_1119.466_1134.700  offset +0  conf 7.99  (178 s, ~426 min left)
[8/1013] -76uFR25H3s/-76uFR25H3s_NA_945.300_956.166    offset +0  conf 6.43  (195 s, ~408 min left)
[9/1013] -9KbGti4reE/-9KbGti4reE_NA_178.466_408.000    offset +4  conf 7.92  (209 s, ~389 min left)
[10/1013] -BCXrjwPrIg/-BCXrjwPrIg_NA_284.100_332.060    offset -1  conf 8.13  (228 s, ~381 min left)
[11/1013] -9KbGti4reE/-9KbGti4reE_NA_465.800_626.333    offset +4  conf 8.05  (234 s, ~356 min left)
[12/1013] -BCXrjwPrIg/-BCXrjwPrIg_NA_930.620_948.340    offset -2  conf 6.79  (244 s, ~339 min left)
[13/1013] -BvcToPZCLI/-BvcToPZCLI_NA_138.266_144.358    offset -1  conf 9.56  (248 s, ~318 min left)
[14/1013] -CfPcZWAPH4/-CfPcZWAPH4_NA_122.000_135.500    offset +1  conf 4.09  (293 s, ~349 min left)
[15/1013] -DxFBiYIm6k/-DxFBiYIm6k_NA_224.350_231.983    offset +1  conf 8.43  (301 s, ~334 min left)
[16/1013] -CfPcZWAPH4/-CfPcZWAPH4_NA_92.933_100.000     offset +1  conf 4.52  (301 s, ~313 min left)
[17/1013] -DxFBiYIm6k/-DxFBiYIm6k_NA_494.083_509.716    offset +1  conf 8.50  (309 s, ~302 min left)
[18/1013] -E__YQCJumY/-E__YQCJumY_NA_0.100_5.205        offset +0  conf 4.22  (339 s, ~312 min left)
[19/1013] -IYnk79D9tM/-IYnk79D9tM_NA_99.816_105.005     offset +0  conf 6.14  (359 s, ~313 min left)
[20/1013] -Js8-h1BKCA/-Js8-h1BKCA_NA_0.100_37.704       offset -1  conf 7.17  (369 s, ~306 min left)
[21/1013] -E__YQCJumY/-E__YQCJumY_NA_198.598_232.765    offset +0  conf 7.77  (370 s, ~291 min left)
[22/1013] -IYnk79D9tM/-IYnk79D9tM_NA_12.645_26.159      offset +0  conf 7.34  (370 s, ~278 min left)
[23/1013] -Js8-h1BKCA/-Js8-h1BKCA_NA_663.395_680.947    offset -1  conf 6.98  (386 s, ~277 min left)
[24/1013] -NSbGPiZDXA/-NSbGPiZDXA_NA_14.833_21.866      offset -2  conf 6.47  (403 s, ~277 min left)
[25/1013] -NSbGPiZDXA/-NSbGPiZDXA_NA_83.966_95.366      offset -2  conf 7.26  (403 s, ~266 min left)
[26/1013] -LaLgUNwo3U/-LaLgUNwo3U_NA_1295.193_1380.078  offset +0  conf 4.33  (404 s, ~256 min left)
[27/1013] -OIQE5nMD5c/-OIQE5nMD5c_NA_1466.000_1472.266  offset -1  conf 6.62  (411 s, ~250 min left)
[28/1013] -Q3g-6jFl2c/-Q3g-6jFl2c_NA_439.739_444.811    offset +0  conf 8.25  (432 s, ~253 min left)
[29/1013] -PEekljx5bE/-PEekljx5bE_NA_838.366_843.700    offset -5  conf 6.39  (432 s, ~244 min left)
[30/1013] -Q3g-6jFl2c/-Q3g-6jFl2c_NA_736.569_741.674    offset +0  conf 6.04  (437 s, ~239 min left)
[31/1013] -PEekljx5bE/-PEekljx5bE_NA_1482.600_1489.100  offset -5  conf 4.60  (437 s, ~231 min left)
[32/1013] -RQU94CkL_c/-RQU94CkL_c_NA_138.800_149.133    offset +2  conf 6.41  (461 s, ~236 min left)
[33/1013] -RQU94CkL_c/-RQU94CkL_c_NA_69.533_85.633      offset +2  conf 4.95  (464 s, ~230 min left)
[34/1013] -Ss3rFginAs/-Ss3rFginAs_NA_57.490_69.302      offset -1  conf 6.82  (473 s, ~227 min left)
[35/1013] -Ss3rFginAs/-Ss3rFginAs_NA_93.893_128.995     offset -1  conf 8.14  (473 s, ~220 min left)
[36/1013] -WkZJhqrAXw/-WkZJhqrAXw_NA_0.100_51.368       offset +0  conf 7.68  (490 s, ~222 min left)
[37/1013] -WkZJhqrAXw/-WkZJhqrAXw_NA_92.909_101.434     offset +1  conf 7.67  (493 s, ~217 min left)
[38/1013] -XrkF8mnLZw/-XrkF8mnLZw_NA_156.140_219.980    offset -1  conf 5.41  (506 s, ~216 min left)
[39/1013] -XrkF8mnLZw/-XrkF8mnLZw_NA_682.340_706.420    offset -1  conf 5.37  (506 s, ~211 min left)
[40/1013] -_RdzIEqPjg/-_RdzIEqPjg_NA_81.200_89.266      offset +7  conf 3.44  (524 s, ~212 min left)
[41/1013] -_RdzIEqPjg/-_RdzIEqPjg_NA_109.800_117.066    offset +7  conf 4.75  (524 s, ~207 min left)
[42/1013] -cbQccPdvzk/-cbQccPdvzk_NA_8.733_18.466       offset -1  conf 5.23  (539 s, ~208 min left)
[43/1013] -b_Qtdk1SiI/-b_Qtdk1SiI_NA_510.066_666.466    offset +3  conf 6.79  (539 s, ~203 min left)
[44/1013] -dM7WZb7Jjk/-dM7WZb7Jjk_NA_141.866_151.466    offset -2  conf 8.21  (566 s, ~208 min left)
[45/1013] -dM7WZb7Jjk/-dM7WZb7Jjk_NA_71.233_80.066      offset +1  conf 7.07  (566 s, ~203 min left)
[46/1013] -enjIUU17SI/-enjIUU17SI_NA_139.333_145.166    offset +0  conf 3.40  (572 s, ~200 min left)
[47/1013] -enjIUU17SI/-enjIUU17SI_NA_440.933_452.933    offset +0  conf 4.05  (572 s, ~196 min left)
[48/1013] -gZeAuuFilU/-gZeAuuFilU_NA_856.666_861.733    offset +2  conf 4.60  (593 s, ~199 min left)
[49/1013] -iJaAr5uBbg/-iJaAr5uBbg_NA_237.503_250.617    offset +0  conf 7.94  (595 s, ~195 min left)
[50/1013] -iJaAr5uBbg/-iJaAr5uBbg_NA_595.294_600.600    offset +1  conf 6.24  (601 s, ~193 min left)
[51/1013] -jtvPUmpvCc/-jtvPUmpvCc_NA_374.700_387.000    offset +15  conf 0.28  (601 s, ~189 min left)
[52/1013] -kOE7Q79JLs/-kOE7Q79JLs_NA_16.816_51.618      offset -1  conf 9.21  (624 s, ~192 min left)
[53/1013] -nMy_M4lUrM/-nMy_M4lUrM_NA_118.800_125.200    offset -1  conf 6.21  (625 s, ~189 min left)
[54/1013] 0TfV1u1-9XQ/0TfV1u1-9XQ_NA_1036.633_1043.366  offset +1  conf 5.12  (634 s, ~188 min left)
[55/1013] -nMy_M4lUrM/-nMy_M4lUrM_NA_94.300_118.600     offset -1  conf 6.25  (639 s, ~186 min left)
[56/1013] 0TfV1u1-9XQ/0TfV1u1-9XQ_NA_664.566_675.766    offset +2  conf 7.32  (657 s, ~187 min left)
[57/1013] 13EMkpOVrNU/13EMkpOVrNU_NA_175.066_193.400    offset +0  conf 5.78  (671 s, ~188 min left)
[58/1013] 0lC4qoTYo-Y/0lC4qoTYo-Y_NA_1012.300_1030.000  offset -1  conf 7.41  (681 s, ~187 min left)
[59/1013] 0lC4qoTYo-Y/0lC4qoTYo-Y_NA_998.500_1004.766   offset -1  conf 9.28  (685 s, ~185 min left)
[60/1013] 13EMkpOVrNU/13EMkpOVrNU_NA_84.500_174.866     offset +0  conf 7.23  (692 s, ~183 min left)
[61/1013] 1j-CGxlGREo/1j-CGxlGREo_NA_0.100_5.260        offset +1  conf 3.77  (727 s, ~189 min left)
[62/1013] 1XGX1SL1KFo/1XGX1SL1KFo_NA_123.133_134.533    offset +1  conf 5.45  (733 s, ~187 min left)
[63/1013] 1gO45C0Fr1k/1gO45C0Fr1k_NA_6.233_11.833       offset +1  conf 7.37  (741 s, ~186 min left)
[64/1013] 1XGX1SL1KFo/1XGX1SL1KFo_NA_60.900_71.166      offset +1  conf 7.08  (747 s, ~185 min left)
[65/1013] 1j-CGxlGREo/1j-CGxlGREo_NA_987.700_1021.180   offset +1  conf 7.60  (766 s, ~186 min left)
[66/1013] 1jko4J8QASk/1jko4J8QASk_NA_214.047_221.221    offset +0  conf 7.37  (782 s, ~187 min left)
[67/1013] 1meE-gQj3mU/1meE-gQj3mU_NA_707.366_712.766    offset +0  conf 6.93  (791 s, ~186 min left)
[68/1013] 1jko4J8QASk/1jko4J8QASk_NA_380.346_388.905    offset -1  conf 7.76  (798 s, ~185 min left)
[69/1013] 1pBGlhbC2-0/1pBGlhbC2-0_NA_135.000_152.166    offset -2  conf 2.83  (821 s, ~187 min left)
[70/1013] 1sq_GJiGckM/1sq_GJiGckM_NA_881.096_886.735    offset +1  conf 7.08  (839 s, ~188 min left)
[71/1013] 1sq_GJiGckM/1sq_GJiGckM_NA_1021.820_1032.765  offset +1  conf 5.69  (840 s, ~186 min left)
[72/1013] 1pBGlhbC2-0/1pBGlhbC2-0_NA_86.966_134.800     offset -2  conf 3.86  (850 s, ~185 min left)
[73/1013] 1tmprOjgtX0/1tmprOjgtX0_NA_131.133_209.066    offset +0  conf 6.88  (870 s, ~187 min left)
[74/1013] 1tmprOjgtX0/1tmprOjgtX0_NA_338.700_350.666    offset +1  conf 7.52  (898 s, ~190 min left)
[75/1013] 1yCH1B00MFI/1yCH1B00MFI_NA_153.900_161.300    offset +0  conf 8.70  (919 s, ~192 min left)
[76/1013] 1uyaa4qsD4E/1uyaa4qsD4E_NA_23.580_39.600      offset +15  conf 0.20  (928 s, ~191 min left)
[77/1013] 1uyaa4qsD4E/1uyaa4qsD4E_NA_508.480_518.860    offset +1  conf 9.07  (931 s, ~189 min left)
[78/1013] 1yCH1B00MFI/1yCH1B00MFI_NA_72.500_147.620     offset +0  conf 8.99  (943 s, ~188 min left)
[79/1013] 22rJm6cN4qQ/22rJm6cN4qQ_NA_149.582_164.130    offset +1  conf 9.47  (958 s, ~189 min left)
[80/1013] 24ktGF2so98/24ktGF2so98_NA_501.980_522.540    offset +14  conf 0.16  (976 s, ~190 min left)
[81/1013] 264CBqS6QBw/264CBqS6QBw_NA_0.100_67.483       offset -3  conf 4.55  (981 s, ~188 min left)
[82/1013] 264CBqS6QBw/264CBqS6QBw_NA_87.250_143.933     offset -4  conf 4.76  (993 s, ~188 min left)
[83/1013] 27WucvXpbd4/27WucvXpbd4_NA_28.900_229.566     offset -3  conf 1.98  (1005 s, ~188 min left)
[84/1013] 29F9PCODWoE/29F9PCODWoE_NA_0.100_5.372        offset +1  conf 9.59  (1023 s, ~189 min left)
[85/1013] 29F9PCODWoE/29F9PCODWoE_NA_954.987_1000.866   offset -14  conf 0.16  (1039 s, ~189 min left)
[86/1013] 2CftQf9rjqY/2CftQf9rjqY_NA_17.666_80.600      offset -2  conf 9.07  (1049 s, ~188 min left)
[87/1013] 2DwyccA3bwA/2DwyccA3bwA_NA_122.066_130.583    offset +0  conf 4.51  (1061 s, ~188 min left)
[88/1013] 2DwyccA3bwA/2DwyccA3bwA_NA_956.150_972.433    offset +0  conf 8.10  (1078 s, ~189 min left)
[89/1013] 2EwXVVlHXzU/2EwXVVlHXzU_NA_22.288_32.933      offset +1  conf 7.86  (1094 s, ~189 min left)
[90/1013] 2Hrr40IkYXc/2Hrr40IkYXc_NA_148.600_154.916    offset +2  conf 6.58  (1097 s, ~187 min left)
[91/1013] 2Hrr40IkYXc/2Hrr40IkYXc_NA_68.350_79.133      offset +2  conf 6.15  (1130 s, ~191 min left)
[92/1013] 2Lz3aECI3g0/2Lz3aECI3g0_NA_237.070_246.212    offset +3  conf 8.04  (1162 s, ~194 min left)
[93/1013] 2Lz3aECI3g0/2Lz3aECI3g0_NA_800.232_806.405    offset +2  conf 7.23  (1176 s, ~194 min left)
[94/1013] 2JwnhiGJfHo/2JwnhiGJfHo_NA_1008.433_1018.766  offset -1  conf 7.21  (1194 s, ~195 min left)
[95/1013] 2JwnhiGJfHo/2JwnhiGJfHo_NA_971.833_979.000    offset +0  conf 7.65  (1198 s, ~193 min left)
[96/1013] 2PZoiR-sme8/2PZoiR-sme8_NA_337.737_351.884    offset +0  conf 6.18  (1214 s, ~193 min left)
[97/1013] 2PZoiR-sme8/2PZoiR-sme8_NA_723.856_751.484    offset +0  conf 6.74  (1223 s, ~193 min left)
[98/1013] 2QW8V2gitfA/2QW8V2gitfA_NA_194.994_291.891    offset +0  conf 7.46  (1235 s, ~192 min left)
[99/1013] 2QW8V2gitfA/2QW8V2gitfA_NA_42.208_194.794     offset +0  conf 7.59  (1236 s, ~190 min left)
[100/1013] 2Rh6G9s-tN8/2Rh6G9s-tN8_NA_10.133_22.300      offset +0  conf 5.27  (1283 s, ~195 min left)
[101/1013] 2Rh6G9s-tN8/2Rh6G9s-tN8_NA_702.500_711.033    offset +0  conf 5.53  (1290 s, ~194 min left)
[102/1013] 2gOZFK9H5dQ/2gOZFK9H5dQ_NA_12.112_29.529      offset +1  conf 9.07  (1315 s, ~196 min left)
[103/1013] 2gOZFK9H5dQ/2gOZFK9H5dQ_NA_29.729_162.729     offset +1  conf 8.58  (1331 s, ~196 min left)
[104/1013] 2rtdFChefCA/2rtdFChefCA_NA_49.182_54.254      offset +0  conf 8.00  (1378 s, ~201 min left)
[105/1013] 2rtdFChefCA/2rtdFChefCA_NA_126.125_135.402    offset +0  conf 8.43  (1381 s, ~199 min left)
[106/1013] 34-EMnl8uEM/34-EMnl8uEM_NA_1013.112_1023.222  offset +0  conf 8.10  (1412 s, ~201 min left)
[107/1013] 34-EMnl8uEM/34-EMnl8uEM_NA_990.222_1012.912   offset +0  conf 6.64  (1416 s, ~200 min left)
[108/1013] 35e1x0-5cXc/35e1x0-5cXc_NA_0.100_39.766       offset -1  conf 4.97  (1442 s, ~201 min left)
[109/1013] 35e1x0-5cXc/35e1x0-5cXc_NA_65.066_236.866     offset +0  conf 4.00  (1447 s, ~200 min left)
[110/1013] 3kl_R2Z268s/3kl_R2Z268s_NA_1058.500_1065.333  offset -2  conf 1.56  (1477 s, ~202 min left)
[111/1013] 2SLSser4y6U/2SLSser4y6U_NA_1010.500_1018.300  offset -1  conf 8.75  (1496 s, ~203 min left)
[112/1013] 3Qjr9nWh5cU/3Qjr9nWh5cU_NA_5.780_305.020      offset -3  conf 8.70  (1499 s, ~201 min left)
[113/1013] 3kl_R2Z268s/3kl_R2Z268s_NA_986.866_992.866    offset -2  conf 6.29  (1505 s, ~200 min left)
[114/1013] 46k5h-HWr8M/46k5h-HWr8M_NA_473.266_487.366    offset +0  conf 1.75  (1525 s, ~200 min left)
[115/1013] 48Owmaxh0cM/48Owmaxh0cM_NA_0.100_10.260       offset -1  conf 7.95  (1530 s, ~199 min left)
[116/1013] 49r9VxBt2Nc/49r9VxBt2Nc_NA_0.100_7.100        offset +3  conf 5.88  (1534 s, ~198 min left)
[117/1013] 2SLSser4y6U/2SLSser4y6U_NA_990.060_998.900    offset -1  conf 8.59  (1541 s, ~197 min left)
[118/1013] 49r9VxBt2Nc/49r9VxBt2Nc_NA_74.766_127.133     offset +3  conf 5.77  (1554 s, ~196 min left)
[119/1013] 4AwyVTHEU3s/4AwyVTHEU3s_NA_1077.476_1082.915  offset -2  conf 6.93  (1555 s, ~195 min left)
[120/1013] 4AwyVTHEU3s/4AwyVTHEU3s_NA_991.957_1077.276   offset -2  conf 8.85  (1561 s, ~194 min left)
[121/1013] 4Dy7Q0WMRLE/4Dy7Q0WMRLE_NA_3510.766_3640.900  offset +1  conf 7.90  (1569 s, ~193 min left)
[122/1013] 4Dy7Q0WMRLE/4Dy7Q0WMRLE_NA_4270.200_4300.066  offset +1  conf 10.14  (1583 s, ~193 min left)
[123/1013] 4ENQEX1y7dM/4ENQEX1y7dM_NA_0.100_75.540       offset +0  conf 9.33  (1586 s, ~191 min left)
[124/1013] 4ENQEX1y7dM/4ENQEX1y7dM_NA_81.340_107.340     offset +0  conf 7.42  (1593 s, ~190 min left)
[125/1013] 4FC22hmzOLM/4FC22hmzOLM_NA_309.951_315.590    offset -2  conf 6.07  (1598 s, ~189 min left)
[126/1013] 4FC22hmzOLM/4FC22hmzOLM_NA_708.349_836.986    offset -2  conf 6.90  (1617 s, ~190 min left)
[127/1013] 4Gz-8e5_Ysk/4Gz-8e5_Ysk_NA_17.000_23.800      offset +1  conf 5.48  (1629 s, ~189 min left)
[128/1013] 4G8SdmdJjG0/4G8SdmdJjG0_NA_0.100_8.742        offset -2  conf 8.02  (1642 s, ~189 min left)
[129/1013] 4HWXkfefm9c/4HWXkfefm9c_NA_0.100_15.540       offset +0  conf 7.91  (1645 s, ~188 min left)
[130/1013] 4G8SdmdJjG0/4G8SdmdJjG0_NA_668.184_681.956    offset -2  conf 6.08  (1649 s, ~187 min left)
[131/1013] 4HWXkfefm9c/4HWXkfefm9c_NA_70.220_100.340     offset +0  conf 7.67  (1654 s, ~186 min left)
[132/1013] 4J7qxGJV_Og/4J7qxGJV_Og_NA_118.843_126.234    offset -3  conf 5.37  (1667 s, ~185 min left)
[133/1013] 4JjDgTxzY0E/4JjDgTxzY0E_NA_0.100_6.900        offset +1  conf 4.75  (1671 s, ~184 min left)
[134/1013] 4JjDgTxzY0E/4JjDgTxzY0E_NA_74.633_114.633     offset +0  conf 6.28  (1675 s, ~183 min left)
[135/1013] 4Mv_eD9y3PQ/4Mv_eD9y3PQ_NA_0.100_7.374        offset +1  conf 7.43  (1679 s, ~182 min left)
[136/1013] 4Oi_yM5HzGA/4Oi_yM5HzGA_NA_126.633_168.633    offset +1  conf 5.74  (1694 s, ~182 min left)
[137/1013] 4Oi_yM5HzGA/4Oi_yM5HzGA_NA_708.700_737.700    offset +1  conf 6.53  (1698 s, ~181 min left)
[138/1013] 4RRMhaER3rE/4RRMhaER3rE_NA_0.100_21.133       offset +2  conf 7.21  (1702 s, ~180 min left)
[139/1013] 4RRMhaER3rE/4RRMhaER3rE_NA_541.600_575.000    offset +1  conf 6.47  (1708 s, ~179 min left)
[140/1013] 4XEks7TKPLM/4XEks7TKPLM_NA_176.766_230.866    offset +1  conf 4.58  (1722 s, ~179 min left)
[141/1013] 4XEks7TKPLM/4XEks7TKPLM_NA_489.100_506.100    offset +1  conf 4.67  (1725 s, ~178 min left)
[142/1013] 4fuIAXksnHc/4fuIAXksnHc_NA_321.821_359.726    offset +1  conf 6.96  (1729 s, ~177 min left)
[143/1013] 4fuIAXksnHc/4fuIAXksnHc_NA_885.484_894.794    offset +1  conf 5.59  (1734 s, ~176 min left)
[144/1013] 4jqH0uy5raA/4jqH0uy5raA_NA_135.900_149.700    offset +2  conf 3.14  (1750 s, ~176 min left)
[145/1013] 4jqH0uy5raA/4jqH0uy5raA_NA_305.233_319.166    offset +3  conf 5.51  (1753 s, ~175 min left)
[146/1013] 4quA9WiAPbQ/4quA9WiAPbQ_NA_0.100_11.912       offset +0  conf 8.16  (1757 s, ~174 min left)
[147/1013] 4quA9WiAPbQ/4quA9WiAPbQ_NA_82.982_100.734     offset +0  conf 9.44  (1762 s, ~173 min left)
[148/1013] 53jtGNPn3Q4/53jtGNPn3Q4_NA_1016.815_1025.658  offset +0  conf 6.51  (1778 s, ~173 min left)
[149/1013] 53jtGNPn3Q4/53jtGNPn3Q4_NA_99.299_105.205     offset +0  conf 5.62  (1779 s, ~172 min left)
[150/1013] 5DnfUrFyWpc/5DnfUrFyWpc_NA_1326.525_1954.219  offset +0  conf 7.17  (1785 s, ~171 min left)
[151/1013] 5DnfUrFyWpc/5DnfUrFyWpc_NA_2837.868_2859.456  offset +0  conf 9.67  (1788 s, ~170 min left)
[152/1013] 5e_UNBBbDoU/5e_UNBBbDoU_NA_165.266_189.300    offset +1  conf 8.52  (1807 s, ~171 min left)
[153/1013] 5e_UNBBbDoU/5e_UNBBbDoU_NA_389.633_439.666    offset +2  conf 7.28  (1808 s, ~169 min left)
[154/1013] 5q3sJPup7Gs/5q3sJPup7Gs_NA_554.587_563.062    offset +0  conf 7.49  (1814 s, ~169 min left)
[155/1013] 5q3sJPup7Gs/5q3sJPup7Gs_NA_783.048_788.621    offset +0  conf 5.09  (1817 s, ~168 min left)
[156/1013] 5rwsqg4RYV8/5rwsqg4RYV8_NA_943.776_1001.450   offset +1  conf 6.19  (1840 s, ~168 min left)
[157/1013] 5rwsqg4RYV8/5rwsqg4RYV8_NA_1001.650_1015.915  offset +1  conf 7.17  (1840 s, ~167 min left)
[158/1013] 5tetZKgRMLc/5tetZKgRMLc_NA_1025.566_1033.833  offset -2  conf 5.27  (1866 s, ~168 min left)
[159/1013] 5tetZKgRMLc/5tetZKgRMLc_NA_82.666_96.666      offset -1  conf 6.43  (1868 s, ~167 min left)
[160/1013] 5uPoYCmWnts/5uPoYCmWnts_NA_392.420_417.300    offset -2  conf 7.56  (1873 s, ~166 min left)
[161/1013] 5uPoYCmWnts/5uPoYCmWnts_NA_765.780_773.140    offset -2  conf 7.97  (1873 s, ~165 min left)
[162/1013] 5yxZjvD3Jkk/5yxZjvD3Jkk_NA_0.100_28.633       offset +1  conf 7.52  (1894 s, ~166 min left)
[163/1013] 5yxZjvD3Jkk/5yxZjvD3Jkk_NA_981.600_1108.700   offset +1  conf 6.62  (1899 s, ~165 min left)
[164/1013] 6-ZLyPWXn7s/6-ZLyPWXn7s_NA_0.100_103.837      offset +1  conf 6.75  (1906 s, ~164 min left)
[165/1013] 6-ZLyPWXn7s/6-ZLyPWXn7s_NA_506.372_530.913    offset +2  conf 5.23  (1906 s, ~163 min left)
[166/1013] 64zHoqT2spY/64zHoqT2spY_NA_177.460_182.860    offset -1  conf 7.35  (1922 s, ~163 min left)
[167/1013] 64zHoqT2spY/64zHoqT2spY_NA_752.660_758.220    offset +0  conf 8.30  (1926 s, ~163 min left)
[168/1013] 6BWrSN5LZPc/6BWrSN5LZPc_NA_0.100_5.858        offset +0  conf 8.03  (1936 s, ~162 min left)
[169/1013] 6FH62_8Itz8/6FH62_8Itz8_NA_184.820_193.620    offset +1  conf 6.05  (1937 s, ~161 min left)
[170/1013] 6FH62_8Itz8/6FH62_8Itz8_NA_226.860_235.500    offset +0  conf 4.73  (1949 s, ~161 min left)
[171/1013] 6I7i7lJT7cQ/6I7i7lJT7cQ_NA_139.405_184.042    offset -1  conf 6.94  (1953 s, ~160 min left)
[172/1013] 6OkkM6_9KAM/6OkkM6_9KAM_NA_0.100_18.100       offset +0  conf 5.74  (1965 s, ~160 min left)
[173/1013] 6I7i7lJT7cQ/6I7i7lJT7cQ_NA_978.952_997.771    offset +0  conf 8.52  (1968 s, ~159 min left)
[174/1013] 6OkkM6_9KAM/6OkkM6_9KAM_NA_84.666_92.833      offset +0  conf 6.48  (1976 s, ~159 min left)
[175/1013] 6PrsYgvfmAM/6PrsYgvfmAM_NA_212.660_221.100    offset -1  conf 8.37  (1980 s, ~158 min left)
[176/1013] 6TqmNlJ4Ke8/6TqmNlJ4Ke8_NA_1027.766_1044.233  offset +1  conf 6.30  (1994 s, ~158 min left)
[177/1013] 6TqmNlJ4Ke8/6TqmNlJ4Ke8_NA_463.933_486.333    offset +2  conf 6.28  (1997 s, ~157 min left)
[178/1013] 6Yu0D5YyxY8/6Yu0D5YyxY8_NA_290.640_296.196    offset +0  conf 2.65  (2001 s, ~156 min left)
[179/1013] 6Yu0D5YyxY8/6Yu0D5YyxY8_NA_95.403_124.190     offset +0  conf 9.00  (2010 s, ~156 min left)
[180/1013] 6g027bEZyds/6g027bEZyds_NA_0.100_1202.034     offset +1  conf 6.21  (2026 s, ~156 min left)
[181/1013] 6bZZ3qX1XVg/6bZZ3qX1XVg_NA_90.766_98.433      offset +2  conf 4.74  (2028 s, ~155 min left)
[182/1013] 6gw3TLx4vwc/6gw3TLx4vwc_NA_0.100_6.506        offset +1  conf 8.06  (2029 s, ~154 min left)
[183/1013] 6gw3TLx4vwc/6gw3TLx4vwc_NA_716.615_725.157    offset +1  conf 8.62  (2036 s, ~154 min left)
[184/1013] 6k9HStHN_ws/6k9HStHN_ws_NA_1111.680_1427.000  offset -2  conf 6.00  (2062 s, ~155 min left)
[185/1013] 6k9HStHN_ws/6k9HStHN_ws_NA_908.480_1111.480   offset -2  conf 7.68  (2062 s, ~154 min left)
[186/1013] 6o4xVBL2HyQ/6o4xVBL2HyQ_NA_102.580_117.860    offset +0  conf 8.63  (2064 s, ~153 min left)
[187/1013] 6o4xVBL2HyQ/6o4xVBL2HyQ_NA_89.500_102.380     offset +0  conf 7.38  (2066 s, ~152 min left)
[188/1013] 6qWtslDr4UA/6qWtslDr4UA_NA_119.866_126.066    offset +1  conf 6.97  (2094 s, ~153 min left)
[189/1013] 6qWtslDr4UA/6qWtslDr4UA_NA_218.733_230.066    offset +1  conf 8.33  (2098 s, ~152 min left)
[190/1013] 6xmRArjDoZo/6xmRArjDoZo_NA_0.633_163.663      offset -15  conf 0.29  (2100 s, ~152 min left)
[191/1013] 6xmRArjDoZo/6xmRArjDoZo_NA_2620.117_2633.364  offset +6  conf 0.05  (2100 s, ~151 min left)
[192/1013] 724ASbLWibw/724ASbLWibw_NA_0.100_6.489        offset -3  conf 6.08  (2121 s, ~151 min left)
[193/1013] 7jdbS2dAIoM/7jdbS2dAIoM_NA_1280.812_1316.682  offset -1  conf 4.66  (2136 s, ~151 min left)
[194/1013] 7jdbS2dAIoM/7jdbS2dAIoM_NA_1316.882_1391.490  offset -1  conf 8.74  (2137 s, ~150 min left)
[195/1013] 724ASbLWibw/724ASbLWibw_NA_75.175_143.251     offset -3  conf 5.54  (2137 s, ~149 min left)
[196/1013] 7qzG42GCdfE/7qzG42GCdfE_NA_394.850_406.900    offset +0  conf 4.95  (2147 s, ~149 min left)
[197/1013] 8ElQEzalICk/8ElQEzalICk_NA_107.433_114.400    offset +0  conf 6.97  (2171 s, ~150 min left)
[198/1013] 7qzG42GCdfE/7qzG42GCdfE_NA_422.266_429.466    offset +0  conf 5.04  (2172 s, ~149 min left)
[199/1013] 81xL0BQpJhQ/81xL0BQpJhQ_NA_0.100_15.700       offset +1  conf 3.69  (2173 s, ~148 min left)
[200/1013] 8ElQEzalICk/8ElQEzalICk_NA_37.766_67.650      offset +0  conf 6.96  (2175 s, ~147 min left)
[201/1013] 8cceSTtY9xs/8cceSTtY9xs_NA_284.380_362.380    offset +0  conf 9.61  (2205 s, ~148 min left)
[202/1013] 8cceSTtY9xs/8cceSTtY9xs_NA_67.820_278.840     offset -1  conf 8.23  (2213 s, ~148 min left)
[203/1013] 8z3OkxRATac/8z3OkxRATac_NA_558.633_650.366    offset -3  conf 8.28  (2213 s, ~147 min left)
[204/1013] 8z3OkxRATac/8z3OkxRATac_NA_0.100_26.133       offset -3  conf 7.46  (2213 s, ~146 min left)
[205/1013] 9RHhpg0V3sU/9RHhpg0V3sU_NA_0.100_20.800       offset -1  conf 8.15  (2236 s, ~147 min left)
[206/1013] 9RHhpg0V3sU/9RHhpg0V3sU_NA_91.080_114.580     offset -1  conf 8.82  (2243 s, ~146 min left)
[207/1013] 9aDkfSxwN5I/9aDkfSxwN5I_NA_0.100_38.800       offset +2  conf 8.21  (2295 s, ~149 min left)
[208/1013] 9aDkfSxwN5I/9aDkfSxwN5I_NA_89.433_158.633     offset +3  conf 7.37  (2297 s, ~148 min left)
[209/1013] 9glw1MIKTXQ/9glw1MIKTXQ_NA_17.420_24.740      offset -1  conf 4.17  (2304 s, ~148 min left)
[210/1013] 9glw1MIKTXQ/9glw1MIKTXQ_NA_542.700_605.580    offset -1  conf 5.76  (2308 s, ~147 min left)
[211/1013] 9kurVYhmawI/9kurVYhmawI_NA_0.100_70.740       offset -2  conf 7.20  (2366 s, ~150 min left)
[212/1013] 9kurVYhmawI/9kurVYhmawI_NA_89.380_122.780     offset -1  conf 9.81  (2373 s, ~149 min left)
[213/1013] 9my6RIKw6Bg/9my6RIKw6Bg_NA_0.100_11.161       offset -1  conf 8.73  (2482 s, ~155 min left)
[214/1013] 9my6RIKw6Bg/9my6RIKw6Bg_NA_88.771_108.717     offset -1  conf 7.33  (2494 s, ~155 min left)
[215/1013] 9q45f5ZTJLg/9q45f5ZTJLg_NA_0.100_6.733        offset +0  conf 8.72  (2503 s, ~155 min left)
[216/1013] 9q45f5ZTJLg/9q45f5ZTJLg_NA_817.558_826.316    offset +0  conf 8.59  (2516 s, ~155 min left)
[217/1013] 9v6CLDHK8F8/9v6CLDHK8F8_NA_165.620_170.980    offset -1  conf 4.72  (2520 s, ~154 min left)
[218/1013] 9v6CLDHK8F8/9v6CLDHK8F8_NA_389.460_416.220    offset +0  conf 4.24  (2541 s, ~154 min left)
[219/1013] 9yDBR6xJP2o/9yDBR6xJP2o_NA_0.100_101.833      offset +0  conf 7.70  (2541 s, ~154 min left)
[220/1013] A27KivZ6H04/A27KivZ6H04_NA_317.066_349.533    offset -1  conf 4.02  (2556 s, ~154 min left)
[221/1013] A5eFbkT04f0/A5eFbkT04f0_NA_211.466_219.600    offset +5  conf 4.73  (2566 s, ~153 min left)
[222/1013] AIcaPE-qgX8/AIcaPE-qgX8_NA_131.060_138.380    offset -1  conf 5.71  (2570 s, ~153 min left)
[223/1013] A5eFbkT04f0/A5eFbkT04f0_NA_337.400_343.333    offset +4  conf 5.07  (2577 s, ~152 min left)
[224/1013] AVtvnm6-L2k/AVtvnm6-L2k_NA_182.660_188.120    offset -1  conf 8.59  (2581 s, ~152 min left)
[225/1013] BEVWJL1Osc4/BEVWJL1Osc4_NA_195.266_202.025    offset -1  conf 5.17  (2596 s, ~152 min left)
[226/1013] AVtvnm6-L2k/AVtvnm6-L2k_NA_355.680_366.140    offset -2  conf 7.47  (2596 s, ~151 min left)
[227/1013] BEVWJL1Osc4/BEVWJL1Osc4_NA_207.641_214.400    offset -1  conf 3.45  (2600 s, ~150 min left)
[228/1013] BH712Lzts5Q/BH712Lzts5Q_NA_14.100_24.033      offset +1  conf 6.60  (2608 s, ~150 min left)
[229/1013] BIBibn-rQMw/BIBibn-rQMw_NA_984.249_1022.688   offset +2  conf 6.17  (2625 s, ~150 min left)
[230/1013] BIBibn-rQMw/BIBibn-rQMw_NA_0.100_20.120       offset +2  conf 7.20  (2626 s, ~149 min left)
[231/1013] BIQLPEZVXqw/BIQLPEZVXqw_NA_1594.500_1784.766  offset +1  conf 6.61  (2630 s, ~148 min left)
[232/1013] BKaLDy9grzQ/BKaLDy9grzQ_NA_0.100_96.266       offset -1  conf 7.50  (2634 s, ~148 min left)
[233/1013] BMOauTB8iHo/BMOauTB8iHo_NA_0.100_6.406        offset -2  conf 7.49  (2654 s, ~148 min left)
[234/1013] BKaLDy9grzQ/BKaLDy9grzQ_NA_96.466_106.233     offset +0  conf 7.16  (2662 s, ~148 min left)
[235/1013] BMOauTB8iHo/BMOauTB8iHo_NA_93.610_107.215     offset -2  conf 9.41  (2663 s, ~147 min left)
[236/1013] BNGoLrTlwew/BNGoLrTlwew_NA_0.100_8.900        offset -2  conf 7.83  (2680 s, ~147 min left)
[237/1013] BQO6jOPDdnY/BQO6jOPDdnY_NA_1028.180_1063.020  offset +0  conf 8.57  (2696 s, ~147 min left)
[238/1013] BQO6jOPDdnY/BQO6jOPDdnY_NA_998.260_1018.180   offset -1  conf 0.71  (2699 s, ~146 min left)
[239/1013] BNGoLrTlwew/BNGoLrTlwew_NA_9.100_16.220       offset -2  conf 6.31  (2706 s, ~146 min left)
[240/1013] BSDWlXwGzVE/BSDWlXwGzVE_NA_0.100_11.666       offset -1  conf 6.64  (2706 s, ~145 min left)
[241/1013] BSDWlXwGzVE/BSDWlXwGzVE_NA_874.733_902.400    offset -2  conf 7.57  (2723 s, ~145 min left)
[242/1013] BU0mzNK5tkc/BU0mzNK5tkc_NA_1112.333_1122.866  offset +1  conf 9.03  (2726 s, ~145 min left)
[243/1013] BZ2nSULolKI/BZ2nSULolKI_NA_0.100_28.428       offset -1  conf 6.56  (2736 s, ~144 min left)
[244/1013] BU0mzNK5tkc/BU0mzNK5tkc_NA_991.000_1000.600   offset +1  conf 7.89  (2736 s, ~144 min left)
[245/1013] BZ2nSULolKI/BZ2nSULolKI_NA_98.198_109.259     offset -1  conf 7.04  (2752 s, ~144 min left)
[246/1013] Br7TlR4VqRs/Br7TlR4VqRs_NA_0.100_10.133       offset +2  conf 7.32  (2771 s, ~144 min left)
[247/1013] BwYn4_fGwSI/BwYn4_fGwSI_NA_0.100_7.757        offset +1  conf 6.19  (2778 s, ~144 min left)
[248/1013] Bcyj6dsAJ8s/Bcyj6dsAJ8s_NA_969.535_975.140    offset -15  conf 0.42  (2778 s, ~143 min left)
[249/1013] Bcyj6dsAJ8s/Bcyj6dsAJ8s_NA_93.193_102.469     offset +11  conf 0.28  (2778 s, ~142 min left)
[250/1013] BwYn4_fGwSI/BwYn4_fGwSI_NA_982.481_1023.522   offset +1  conf 7.26  (2797 s, ~142 min left)
[251/1013] C2St2Is5Oxc/C2St2Is5Oxc_NA_53.333_73.533      offset +1  conf 6.95  (2813 s, ~142 min left)
[252/1013] CP6XmcR3_QQ/CP6XmcR3_QQ_NA_10.660_21.220      offset -1  conf 7.43  (2814 s, ~142 min left)
[253/1013] C2St2Is5Oxc/C2St2Is5Oxc_NA_0.100_25.633       offset +1  conf 6.51  (2814 s, ~141 min left)
[254/1013] CP6XmcR3_QQ/CP6XmcR3_QQ_NA_109.380_115.260    offset -1  conf 7.68  (2820 s, ~140 min left)
[255/1013] CShvisQAb3Y/CShvisQAb3Y_NA_919.518_925.958    offset +1  conf 8.86  (2845 s, ~141 min left)
[256/1013] CShvisQAb3Y/CShvisQAb3Y_NA_0.100_13.446       offset +2  conf 7.79  (2848 s, ~140 min left)
[257/1013] CjfKg7eyPus/CjfKg7eyPus_NA_992.758_1000.266   offset +0  conf 6.94  (2852 s, ~140 min left)
[258/1013] CjfKg7eyPus/CjfKg7eyPus_NA_1023.222_1036.936  offset +0  conf 6.58  (2852 s, ~139 min left)
[259/1013] D6h52ZUpDrs/D6h52ZUpDrs_NA_1019.200_1027.066  offset +2  conf 6.90  (2873 s, ~139 min left)
[260/1013] D6h52ZUpDrs/D6h52ZUpDrs_NA_734.833_741.700    offset -15  conf 0.20  (2875 s, ~139 min left)
[261/1013] D_LjJlMzk7s/D_LjJlMzk7s_NA_200.700_221.420    offset +1  conf 6.34  (2883 s, ~138 min left)
[262/1013] D_LjJlMzk7s/D_LjJlMzk7s_NA_163.060_178.220    offset +1  conf 7.22  (2883 s, ~138 min left)
  [lse] could not parse run_syncnet.py output for clip.mp4:

2026-10-07 16:41:59,857 SyncNetInstance INFO: Using device: cuda
2026-10-07 16:42:00,284 __main__ INFO: Model data/syncnet_v2.model loaded.

[263/1013] Da_kzhAvkRw/Da_kzhAvkRw_NA_880.340_886.660    offset +nan  conf nan  (2899 s, ~138 min left)
[264/1013] Da_kzhAvkRw/Da_kzhAvkRw_NA_123.900_133.620    offset -1  conf 8.46  (2903 s, ~137 min left)
[265/1013] Dd9N9DueMHs/Dd9N9DueMHs_NA_1029.760_1035.600  offset -2  conf 8.56  (2911 s, ~137 min left)
[266/1013] DbsWR8fEjTY/DbsWR8fEjTY_NA_111.900_120.166    offset -4  conf 6.78  (2911 s, ~136 min left)
[267/1013] Dd9N9DueMHs/Dd9N9DueMHs_NA_746.860_753.380    offset -2  conf 8.46  (2924 s, ~136 min left)
[268/1013] Ddelb-Tgqew/Ddelb-Tgqew_NA_241.020_682.140    offset +0  conf 10.51  (2930 s, ~136 min left)
[269/1013] DgYinwDLgUw/DgYinwDLgUw_NA_97.288_107.334     offset +3  conf 6.23  (2939 s, ~135 min left)
[270/1013] DgYinwDLgUw/DgYinwDLgUw_NA_0.100_57.144       offset +2  conf 4.29  (2939 s, ~135 min left)
[271/1013] Diurj6LdWGc/Diurj6LdWGc_NA_147.266_174.500    offset +2  conf 5.50  (2951 s, ~135 min left)
[272/1013] Diurj6LdWGc/Diurj6LdWGc_NA_6.866_28.533       offset +1  conf 6.20  (2957 s, ~134 min left)
[273/1013] Dl_-lu4e_Iw/Dl_-lu4e_Iw_NA_15.782_40.757      offset +1  conf 3.99  (2972 s, ~134 min left)
[274/1013] DkbP1cNM8GY/DkbP1cNM8GY_NA_14.300_362.860     offset +0  conf 3.15  (2972 s, ~134 min left)
[275/1013] Dl_-lu4e_Iw/Dl_-lu4e_Iw_NA_80.730_92.993      offset +1  conf 4.34  (2977 s, ~133 min left)
[276/1013] DluMojj-j_Y/DluMojj-j_Y_NA_2045.933_2068.800  offset +0  conf 6.26  (2986 s, ~133 min left)
[277/1013] DnFhtqkIrFg/DnFhtqkIrFg_NA_158.057_163.296    offset +1  conf 7.07  (2999 s, ~133 min left)
[278/1013] DluMojj-j_Y/DluMojj-j_Y_NA_643.033_653.233    offset +1  conf 5.43  (3003 s, ~132 min left)
[279/1013] DnFhtqkIrFg/DnFhtqkIrFg_NA_617.349_628.000    offset +0  conf 8.77  (3004 s, ~132 min left)
[280/1013] DnLI8lDdpi0/DnLI8lDdpi0_NA_160.950_166.800    offset +15  conf 0.64  (3008 s, ~131 min left)
[281/1013] DpqLP_xmdq4/DpqLP_xmdq4_NA_0.100_7.140        offset +1  conf 7.54  (3026 s, ~131 min left)
[282/1013] DpqLP_xmdq4/DpqLP_xmdq4_NA_84.918_91.024      offset +1  conf 7.95  (3032 s, ~131 min left)
[283/1013] Drs75QEDgzo/Drs75QEDgzo_NA_167.866_176.300    offset -15  conf 0.57  (3035 s, ~130 min left)
[284/1013] Drs75QEDgzo/Drs75QEDgzo_NA_296.500_309.266    offset -11  conf 0.63  (3038 s, ~130 min left)
[285/1013] Dsqq3UFMce8/Dsqq3UFMce8_NA_3.900_12.733       offset +0  conf 4.46  (3051 s, ~130 min left)
[286/1013] Dsqq3UFMce8/Dsqq3UFMce8_NA_748.866_973.533    offset +0  conf 5.80  (3062 s, ~130 min left)
[287/1013] DuV6mAF3vXE/DuV6mAF3vXE_NA_1103.100_1127.066  offset -1  conf 8.35  (3066 s, ~129 min left)
[288/1013] DuV6mAF3vXE/DuV6mAF3vXE_NA_791.933_906.608    offset -1  conf 7.74  (3067 s, ~129 min left)
[289/1013] DxRrtwAtGpA/DxRrtwAtGpA_NA_0.100_13.833       offset +1  conf 6.02  (3077 s, ~128 min left)
[290/1013] DxRrtwAtGpA/DxRrtwAtGpA_NA_92.700_110.066     offset +1  conf 7.28  (3091 s, ~128 min left)
[291/1013] Dz-qMuRiyj0/Dz-qMuRiyj0_NA_0.100_56.433       offset +1  conf 6.99  (3096 s, ~128 min left)
[292/1013] Dz-qMuRiyj0/Dz-qMuRiyj0_NA_56.633_123.833     offset +1  conf 7.18  (3097 s, ~127 min left)
[293/1013] E-gTGKdu4uw/E-gTGKdu4uw_NA_0.100_7.407        offset +6  conf 6.56  (3104 s, ~127 min left)
[294/1013] E-gTGKdu4uw/E-gTGKdu4uw_NA_85.318_141.207     offset +5  conf 5.69  (3120 s, ~127 min left)
[295/1013] E1zBLXlC9p8/E1zBLXlC9p8_NA_0.100_6.573        offset -3  conf 9.47  (3125 s, ~127 min left)
[296/1013] E1zBLXlC9p8/E1zBLXlC9p8_NA_992.049_1001.859   offset -3  conf 7.83  (3129 s, ~126 min left)
[297/1013] E3EbJontuZA/E3EbJontuZA_NA_16.099_39.055      offset +1  conf 6.41  (3131 s, ~126 min left)
[298/1013] E4qevlbC_wE/E4qevlbC_wE_NA_330.279_348.214    offset +1  conf 4.06  (3147 s, ~126 min left)
[299/1013] E5CenqVtkZw/E5CenqVtkZw_NA_0.100_502.602      offset +5  conf 5.46  (3154 s, ~126 min left)
[300/1013] E6Zk0eKriK8/E6Zk0eKriK8_NA_1038.554_1043.901  offset -1  conf 8.32  (3159 s, ~125 min left)
[301/1013] E5CenqVtkZw/E5CenqVtkZw_NA_746.612_754.720    offset +5  conf 5.68  (3161 s, ~125 min left)
[302/1013] E6Zk0eKriK8/E6Zk0eKriK8_NA_995.928_1001.442   offset -1  conf 8.43  (3173 s, ~124 min left)
[303/1013] E7-oS6VUGIo/E7-oS6VUGIo_NA_270.937_288.154    offset -1  conf 7.23  (3178 s, ~124 min left)
[304/1013] E7-oS6VUGIo/E7-oS6VUGIo_NA_391.891_397.764    offset -1  conf 7.17  (3185 s, ~124 min left)
[305/1013] E7UzoLz7GEU/E7UzoLz7GEU_NA_0.100_23.290       offset -1  conf 11.21  (3188 s, ~123 min left)
[306/1013] E9KJDOSQAgY/E9KJDOSQAgY_NA_111.866_161.566    offset +1  conf 4.20  (3198 s, ~123 min left)
[307/1013] E9KJDOSQAgY/E9KJDOSQAgY_NA_457.700_479.433    offset +0  conf 5.67  (3207 s, ~123 min left)
[308/1013] E9r7eewoLjc/E9r7eewoLjc_NA_0.100_9.784        offset -1  conf 7.61  (3216 s, ~123 min left)
[309/1013] E9r7eewoLjc/E9r7eewoLjc_NA_82.682_99.666      offset -1  conf 7.24  (3219 s, ~122 min left)
[310/1013] EFiHm6WjhNA/EFiHm6WjhNA_NA_118.451_134.701    offset +1  conf 6.90  (3247 s, ~123 min left)
[311/1013] EEqoqcr_KwU/EEqoqcr_KwU_NA_43.220_55.780      offset +0  conf 8.67  (3249 s, ~122 min left)
[312/1013] EBQfecWaZ8k/EBQfecWaZ8k_NA_0.100_12.829       offset +0  conf 6.03  (3259 s, ~122 min left)
[313/1013] EBQfecWaZ8k/EBQfecWaZ8k_NA_97.197_103.044     offset +0  conf 7.33  (3260 s, ~122 min left)
[314/1013] EGqceKdXr2w/EGqceKdXr2w_NA_4.100_9.366        offset +1  conf 6.29  (3275 s, ~121 min left)
[315/1013] EFiHm6WjhNA/EFiHm6WjhNA_NA_857.690_868.334    offset +0  conf 6.70  (3275 s, ~121 min left)
[316/1013] EI85SSDu07Y/EI85SSDu07Y_NA_116.233_126.633    offset +2  conf 7.77  (3289 s, ~121 min left)
[317/1013] EKmIIK5SPiM/EKmIIK5SPiM_NA_0.100_79.145       offset +0  conf 5.43  (3290 s, ~120 min left)
[318/1013] EKmIIK5SPiM/EKmIIK5SPiM_NA_856.188_912.077    offset +0  conf 7.47  (3308 s, ~120 min left)
[319/1013] ENmNqTdX_4M/ENmNqTdX_4M_NA_146.816_162.633    offset +1  conf 5.28  (3308 s, ~120 min left)
[320/1013] EPa8LT4KYOc/EPa8LT4KYOc_NA_114.800_121.233    offset +1  conf 5.83  (3319 s, ~120 min left)
[321/1013] ENmNqTdX_4M/ENmNqTdX_4M_NA_80.100_90.983      offset +0  conf 4.58  (3321 s, ~119 min left)
[322/1013] EQfkomdhIY0/EQfkomdhIY0_NA_69.569_80.580      offset -2  conf 5.78  (3344 s, ~120 min left)
[323/1013] EPa8LT4KYOc/EPa8LT4KYOc_NA_93.366_102.183     offset +2  conf 5.27  (3344 s, ~119 min left)
[324/1013] ESgapsvuLcE/ESgapsvuLcE_NA_876.260_881.500    offset -1  conf 1.43  (3347 s, ~119 min left)
[325/1013] ESoptc9eWl4/ESoptc9eWl4_NA_657.900_667.940    offset +1  conf 5.87  (3350 s, ~118 min left)
[326/1013] EVboJQuXQzc/EVboJQuXQzc_NA_21.900_293.266     offset +3  conf 7.28  (3381 s, ~119 min left)
[327/1013] EVboJQuXQzc/EVboJQuXQzc_NA_503.633_656.666    offset +3  conf 9.15  (3381 s, ~118 min left)
[328/1013] EWtrRD3YrGA/EWtrRD3YrGA_NA_801.533_814.013    offset +1  conf 8.50  (3388 s, ~118 min left)
[329/1013] EWtrRD3YrGA/EWtrRD3YrGA_NA_1435.300_1443.442  offset +1  conf 8.73  (3388 s, ~117 min left)
[330/1013] EbIwwVK5MDU/EbIwwVK5MDU_NA_169.933_193.300    offset -1  conf 6.86  (3412 s, ~118 min left)
[331/1013] EZ83d7X55RQ/EZ83d7X55RQ_NA_262.800_321.766    offset +1  conf 4.73  (3416 s, ~117 min left)
[332/1013] EbIwwVK5MDU/EbIwwVK5MDU_NA_91.800_169.733     offset -1  conf 6.78  (3421 s, ~117 min left)
[333/1013] EdvrnbWJRFs/EdvrnbWJRFs_NA_0.100_13.580       offset -1  conf 8.79  (3421 s, ~116 min left)
[334/1013] EdvrnbWJRFs/EdvrnbWJRFs_NA_98.656_139.622     offset -1  conf 6.78  (3438 s, ~116 min left)
[335/1013] Ef-WrcTCges/Ef-WrcTCges_NA_0.100_8.909        offset -1  conf 8.13  (3444 s, ~116 min left)
[336/1013] Ef-WrcTCges/Ef-WrcTCges_NA_899.289_992.516    offset -1  conf 7.89  (3454 s, ~116 min left)
[337/1013] Emio2cPeShg/Emio2cPeShg_NA_1003.393_1012.036  offset -1  conf 7.00  (3454 s, ~115 min left)
[338/1013] Emio2cPeShg/Emio2cPeShg_NA_824.173_839.530    offset -1  conf 6.19  (3465 s, ~115 min left)
[339/1013] Eorh7QjzHiU/Eorh7QjzHiU_NA_124.090_133.767    offset +0  conf 4.54  (3470 s, ~115 min left)
[340/1013] EscrMLIeJsg/EscrMLIeJsg_NA_1.800_238.700      offset -2  conf 4.02  (3483 s, ~115 min left)
[341/1013] EtwF5Iq1Sss/EtwF5Iq1Sss_NA_1096.060_1131.020  offset -1  conf 6.73  (3484 s, ~114 min left)
[342/1013] EtwF5Iq1Sss/EtwF5Iq1Sss_NA_67.300_357.820     offset -1  conf 5.04  (3491 s, ~114 min left)
[343/1013] EvzYo-84-Ms/EvzYo-84-Ms_NA_0.100_18.366       offset +0  conf 6.35  (3498 s, ~114 min left)
[344/1013] EvzYo-84-Ms/EvzYo-84-Ms_NA_46.766_57.966      offset -1  conf 4.09  (3513 s, ~114 min left)
[345/1013] Ez8qGA8QBNY/Ez8qGA8QBNY_NA_97.230_445.111     offset -2  conf 6.02  (3514 s, ~113 min left)
[346/1013] F-wWAUGYd_4/F-wWAUGYd_4_NA_200.540_219.060    offset +0  conf 7.06  (3518 s, ~113 min left)
[347/1013] F-wWAUGYd_4/F-wWAUGYd_4_NA_96.660_200.340     offset +0  conf 6.24  (3526 s, ~113 min left)
[348/1013] F1heL3Jg3Fc/F1heL3Jg3Fc_NA_232.566_237.800    offset +1  conf 5.54  (3542 s, ~113 min left)
[349/1013] F4fSndmIHM4/F4fSndmIHM4_NA_1014.200_1022.000  offset +1  conf 4.96  (3547 s, ~112 min left)
[350/1013] F1heL3Jg3Fc/F1heL3Jg3Fc_NA_0.100_168.600      offset +1  conf 8.64  (3547 s, ~112 min left)
[351/1013] F4fSndmIHM4/F4fSndmIHM4_NA_998.833_1009.600   offset +1  conf 5.63  (3552 s, ~112 min left)
[352/1013] F6DSejvzpaE/F6DSejvzpaE_NA_1031.100_1041.000  offset +1  conf 8.07  (3570 s, ~112 min left)
[353/1013] F8PmT2OCNGE/F8PmT2OCNGE_NA_0.666_24.300       offset -2  conf 4.43  (3583 s, ~112 min left)
[354/1013] F6DSejvzpaE/F6DSejvzpaE_NA_885.816_898.750    offset +1  conf 7.17  (3584 s, ~111 min left)
[355/1013] F8PmT2OCNGE/F8PmT2OCNGE_NA_284.200_293.633    offset -2  conf 6.82  (3586 s, ~111 min left)
[356/1013] FBOmLrNQ3oM/FBOmLrNQ3oM_NA_37.633_46.400      offset -1  conf 3.48  (3595 s, ~111 min left)
[357/1013] FBOmLrNQ3oM/FBOmLrNQ3oM_NA_397.866_403.000    offset +0  conf 6.27  (3609 s, ~111 min left)
[358/1013] FC9V2j0mDqw/FC9V2j0mDqw_NA_72.463_83.483      offset -2  conf 7.48  (3616 s, ~110 min left)
[359/1013] FC9V2j0mDqw/FC9V2j0mDqw_NA_1242.341_1255.696  offset -2  conf 7.53  (3616 s, ~110 min left)
[360/1013] FFG7T_NIbO8/FFG7T_NIbO8_NA_921.140_926.460    offset -1  conf 7.12  (3621 s, ~109 min left)
[361/1013] FL1Ok1MA8iQ/FL1Ok1MA8iQ_NA_217.400_225.166    offset -2  conf 7.08  (3636 s, ~109 min left)
[362/1013] FL1Ok1MA8iQ/FL1Ok1MA8iQ_NA_86.769_92.993      offset -2  conf 5.78  (3643 s, ~109 min left)
[363/1013] FMrsqM46sm8/FMrsqM46sm8_NA_0.100_37.133       offset +2  conf 6.90  (3648 s, ~109 min left)
[364/1013] FMrsqM46sm8/FMrsqM46sm8_NA_76.700_371.133     offset +2  conf 5.73  (3650 s, ~108 min left)
[365/1013] FOofVeRCFyM/FOofVeRCFyM_NA_1166.333_1199.033  offset +0  conf 6.15  (3664 s, ~108 min left)
[366/1013] FOofVeRCFyM/FOofVeRCFyM_NA_776.433_786.233    offset -1  conf 6.55  (3670 s, ~108 min left)
[367/1013] FPS7_n17VVo/FPS7_n17VVo_NA_445.978_466.065    offset +3  conf 7.20  (3678 s, ~108 min left)
[368/1013] FPS7_n17VVo/FPS7_n17VVo_NA_466.265_526.826    offset +3  conf 8.15  (3681 s, ~108 min left)
[369/1013] FQH4hexZ5no/FQH4hexZ5no_NA_1244.343_1258.957  offset -5  conf 0.14  (3692 s, ~107 min left)
[370/1013] FQH4hexZ5no/FQH4hexZ5no_NA_890.222_895.795    offset -1  conf 6.10  (3697 s, ~107 min left)
[371/1013] FU0RXqJW33Q/FU0RXqJW33Q_NA_178.933_198.066    offset -2  conf 6.29  (3706 s, ~107 min left)
[372/1013] FU0RXqJW33Q/FU0RXqJW33Q_NA_96.466_106.900     offset +0  conf 5.96  (3709 s, ~107 min left)
[373/1013] FXSJyckb5-E/FXSJyckb5-E_NA_0.100_23.073       offset +1  conf 8.09  (3722 s, ~106 min left)
[374/1013] FXSJyckb5-E/FXSJyckb5-E_NA_75.458_104.371     offset +1  conf 8.83  (3726 s, ~106 min left)
  [lse] could not parse run_syncnet.py output for clip.mp4:

2026-10-07 16:55:55,119 SyncNetInstance INFO: Using device: cuda
2026-10-07 16:55:55,814 __main__ INFO: Model data/syncnet_v2.model loaded.

[375/1013] FYtToHG3b3g/FYtToHG3b3g_NA_661.666_690.333    offset +nan  conf nan  (3734 s, ~106 min left)
[376/1013] FYtToHG3b3g/FYtToHG3b3g_NA_265.066_277.066    offset +0  conf 3.22  (3737 s, ~106 min left)
[377/1013] FZuZv6QUWaM/FZuZv6QUWaM_NA_271.329_278.094    offset -2  conf 9.27  (3749 s, ~105 min left)
[378/1013] FZuZv6QUWaM/FZuZv6QUWaM_NA_578.761_599.040    offset -2  conf 9.70  (3751 s, ~105 min left)
[379/1013] Fa2QsESANAY/Fa2QsESANAY_NA_102.266_109.500    offset -1  conf 6.08  (3763 s, ~105 min left)
[380/1013] Fa2QsESANAY/Fa2QsESANAY_NA_93.666_102.066     offset -1  conf 5.33  (3765 s, ~105 min left)
[381/1013] FehSk6OdSRc/FehSk6OdSRc_NA_25.866_52.133      offset +0  conf 9.21  (3781 s, ~105 min left)
[382/1013] FgNH2o5o2O0/FgNH2o5o2O0_NA_123.806_131.197    offset +0  conf 8.11  (3782 s, ~104 min left)
[383/1013] FgNH2o5o2O0/FgNH2o5o2O0_NA_692.166_704.395    offset +0  conf 7.12  (3795 s, ~104 min left)
[384/1013] FiYgIV891R8/FiYgIV891R8_NA_532.200_540.733    offset -1  conf 3.33  (3796 s, ~104 min left)
[385/1013] FiYgIV891R8/FiYgIV891R8_NA_731.233_737.133    offset -1  conf 2.89  (3809 s, ~104 min left)
[386/1013] Fkbju9lXFwo/Fkbju9lXFwo_NA_1192.557_1247.079  offset +1  conf 8.10  (3814 s, ~103 min left)
[387/1013] FmcotpCIJC4/FmcotpCIJC4_NA_10.810_17.918      offset +2  conf 6.69  (3826 s, ~103 min left)
[388/1013] Fkbju9lXFwo/Fkbju9lXFwo_NA_787.620_809.942    offset +1  conf 7.23  (3828 s, ~103 min left)
[389/1013] FmcotpCIJC4/FmcotpCIJC4_NA_84.601_99.432      offset +2  conf 7.87  (3838 s, ~103 min left)
[390/1013] Fo_JdePfH4U/Fo_JdePfH4U_NA_159.616_168.833    offset +0  conf 7.29  (3843 s, ~102 min left)
[391/1013] Fo_JdePfH4U/Fo_JdePfH4U_NA_616.100_622.883    offset +0  conf 7.07  (3853 s, ~102 min left)
[392/1013] G0e5i6v-TaA/G0e5i6v-TaA_NA_0.100_23.700       offset +1  conf 6.46  (3857 s, ~102 min left)
[393/1013] G0e5i6v-TaA/G0e5i6v-TaA_NA_93.766_114.200     offset +1  conf 6.65  (3866 s, ~102 min left)
[394/1013] G7LJskMnJdg/G7LJskMnJdg_NA_23.633_31.866      offset +1  conf 5.68  (3869 s, ~101 min left)
[395/1013] G7LJskMnJdg/G7LJskMnJdg_NA_597.033_606.300    offset +1  conf 4.07  (3887 s, ~101 min left)
[396/1013] GKCifzbuC0U/GKCifzbuC0U_NA_0.100_22.199       offset -3  conf 7.95  (3890 s, ~101 min left)
[397/1013] GKCifzbuC0U/GKCifzbuC0U_NA_66.666_72.599      offset -3  conf 6.26  (3908 s, ~101 min left)
[398/1013] GR-HM8Vnz-Y/GR-HM8Vnz-Y_NA_143.977_164.397    offset -1  conf 6.96  (3941 s, ~101 min left)
[399/1013] GR-HM8Vnz-Y/GR-HM8Vnz-Y_NA_677.943_715.881    offset -2  conf 6.42  (3956 s, ~101 min left)
[400/1013] GOqEl4ADyVk/GOqEl4ADyVk_NA_1002.060_1007.580  offset -2  conf 8.22  (3957 s, ~101 min left)
[401/1013] GSOan_LjrSY/GSOan_LjrSY_NA_190.225_199.608    offset +2  conf 8.86  (3997 s, ~102 min left)
[402/1013] GOqEl4ADyVk/GOqEl4ADyVk_NA_975.660_988.180    offset -3  conf 9.61  (3997 s, ~101 min left)
[403/1013] GSOan_LjrSY/GSOan_LjrSY_NA_570.891_586.775    offset +0  conf 7.74  (4035 s, ~102 min left)
[404/1013] GW0-4qWM-JA/GW0-4qWM-JA_NA_144.066_240.033    offset -5  conf 4.84  (4098 s, ~103 min left)
[405/1013] GYnQDL7FOBY/GYnQDL7FOBY_NA_10.110_27.894      offset +3  conf 8.49  (4161 s, ~104 min left)
[406/1013] GW0-4qWM-JA/GW0-4qWM-JA_NA_66.000_136.533     offset -5  conf 4.69  (4194 s, ~105 min left)
[407/1013] GYnQDL7FOBY/GYnQDL7FOBY_NA_84.784_90.690      offset +3  conf 7.32  (4212 s, ~105 min left)
[408/1013] GXJQQqfB-ew/GXJQQqfB-ew_NA_91.691_97.414      offset -1  conf 8.35  (4228 s, ~104 min left)
[409/1013] GYxa1qXvcBo/GYxa1qXvcBo_NA_1011.026_1049.281  offset -2  conf 9.42  (4246 s, ~105 min left)
[410/1013] GYxa1qXvcBo/GYxa1qXvcBo_NA_943.417_965.739    offset -2  conf 9.54  (4262 s, ~104 min left)
[411/1013] GZEAvME3lZQ/GZEAvME3lZQ_NA_2518.482_2527.291  offset +2  conf 8.43  (4281 s, ~105 min left)
[412/1013] GXJQQqfB-ew/GXJQQqfB-ew_NA_174.774_182.457    offset -1  conf 8.13  (4294 s, ~104 min left)
[413/1013] GbBNr2TkoQk/GbBNr2TkoQk_NA_140.460_155.380    offset -10  conf 3.94  (4294 s, ~104 min left)
[414/1013] GbBNr2TkoQk/GbBNr2TkoQk_NA_97.060_108.260     offset -4  conf 5.62  (4317 s, ~104 min left)
[415/1013] GcdDl-hldGM/GcdDl-hldGM_NA_0.100_13.914       offset -2  conf 7.12  (4336 s, ~104 min left)
[416/1013] GcdDl-hldGM/GcdDl-hldGM_NA_85.143_123.273     offset -2  conf 5.83  (4350 s, ~104 min left)
[417/1013] Gely6QxhCQ4/Gely6QxhCQ4_NA_99.400_119.600     offset +3  conf 6.18  (4359 s, ~104 min left)
[418/1013] GfJ3bIAQOKg/GfJ3bIAQOKg_NA_118.585_146.479    offset -1  conf 7.95  (4401 s, ~104 min left)
[419/1013] GhbU7XVsEN4/GhbU7XVsEN4_NA_0.100_19.533       offset +0  conf 6.26  (4419 s, ~104 min left)
[420/1013] GhbU7XVsEN4/GhbU7XVsEN4_NA_999.533_1017.166   offset +1  conf 5.90  (4420 s, ~104 min left)
[421/1013] GfJ3bIAQOKg/GfJ3bIAQOKg_NA_465.898_532.231    offset -1  conf 8.12  (4428 s, ~104 min left)
[422/1013] HD1E2HPtxqQ/HD1E2HPtxqQ_NA_206.433_223.200    offset +15  conf 0.40  (4455 s, ~104 min left)
[423/1013] HF5YAi_uMHM/HF5YAi_uMHM_NA_234.233_244.110    offset -1  conf 6.27  (4455 s, ~104 min left)
[424/1013] H6lkLEaPT58/H6lkLEaPT58_NA_0.100_316.150      offset -1  conf 6.79  (4455 s, ~103 min left)
[425/1013] HF5YAi_uMHM/HF5YAi_uMHM_NA_749.548_757.423    offset -1  conf 6.90  (4460 s, ~103 min left)
[426/1013] HG1AHJPkdeY/HG1AHJPkdeY_NA_108.340_115.060    offset +1  conf 8.38  (4489 s, ~103 min left)
[427/1013] HG1AHJPkdeY/HG1AHJPkdeY_NA_72.580_81.660      offset +2  conf 8.17  (4492 s, ~103 min left)
[428/1013] HGbbQ-DEQfU/HGbbQ-DEQfU_NA_101.900_139.666    offset +1  conf 5.83  (4505 s, ~103 min left)
[429/1013] HGbbQ-DEQfU/HGbbQ-DEQfU_NA_58.466_91.666      offset +0  conf 6.48  (4508 s, ~102 min left)
[430/1013] HHMtusfzKeY/HHMtusfzKeY_NA_113.296_128.628    offset +1  conf 8.46  (4517 s, ~102 min left)
[431/1013] HHMtusfzKeY/HHMtusfzKeY_NA_945.761_954.186    offset +1  conf 7.71  (4522 s, ~102 min left)
[432/1013] HIDqtpxa6ig/HIDqtpxa6ig_NA_135.335_144.511    offset +1  conf 5.93  (4531 s, ~102 min left)
[433/1013] HIDqtpxa6ig/HIDqtpxa6ig_NA_278.978_289.122    offset +1  conf 4.93  (4535 s, ~101 min left)
[434/1013] HJz2HN9hDbQ/HJz2HN9hDbQ_NA_128.140_141.780    offset -1  conf 3.90  (4545 s, ~101 min left)
[435/1013] HLRaP_QTOUE/HLRaP_QTOUE_NA_0.100_10.766       offset +0  conf 6.90  (4551 s, ~101 min left)
[436/1013] HMPAX6JCVDw/HMPAX6JCVDw_NA_0.100_5.666        offset +0  conf 5.64  (4562 s, ~101 min left)
[437/1013] HLRaP_QTOUE/HLRaP_QTOUE_NA_989.266_1002.900   offset +0  conf 5.96  (4562 s, ~100 min left)
[438/1013] HMPAX6JCVDw/HMPAX6JCVDw_NA_99.466_107.033     offset +0  conf 4.74  (4569 s, ~100 min left)
[439/1013] HRNNW7fCQSU/HRNNW7fCQSU_NA_879.420_888.660    offset -1  conf 5.41  (4576 s, ~100 min left)
[440/1013] HRNNW7fCQSU/HRNNW7fCQSU_NA_930.380_945.660    offset +0  conf 0.49  (4594 s, ~100 min left)
[441/1013] HTw8AbZEelg/HTw8AbZEelg_NA_179.345_191.724    offset +1  conf 8.76  (4594 s, ~99 min left)
[442/1013] HTw8AbZEelg/HTw8AbZEelg_NA_827.126_857.323    offset +1  conf 9.47  (4598 s, ~99 min left)
[443/1013] HXLQLy1c2tU/HXLQLy1c2tU_NA_126.259_131.664    offset +0  conf 7.89  (4602 s, ~99 min left)
[444/1013] HXLQLy1c2tU/HXLQLy1c2tU_NA_575.241_583.950    offset +0  conf 8.06  (4628 s, ~99 min left)
[445/1013] HaN6LuwS_60/HaN6LuwS_60_NA_110.233_116.666    offset +0  conf 7.47  (4631 s, ~99 min left)
[446/1013] HZQnyWtyorE/HZQnyWtyorE_NA_1015.747_1052.851  offset +0  conf 7.39  (4631 s, ~98 min left)
[447/1013] HZQnyWtyorE/HZQnyWtyorE_NA_701.934_711.877    offset +1  conf 7.36  (4632 s, ~98 min left)
[448/1013] HaN6LuwS_60/HaN6LuwS_60_NA_77.266_86.633      offset +0  conf 6.74  (4658 s, ~98 min left)
[449/1013] Hbu6wlDpXog/Hbu6wlDpXog_NA_66.399_72.939      offset +1  conf 7.42  (4667 s, ~98 min left)
[450/1013] HdK5nQgHgd8/HdK5nQgHgd8_NA_0.100_52.994       offset -1  conf 7.92  (4667 s, ~97 min left)
[451/1013] Hbu6wlDpXog/Hbu6wlDpXog_NA_5.071_66.199       offset +2  conf 7.33  (4670 s, ~97 min left)
[452/1013] HdK5nQgHgd8/HdK5nQgHgd8_NA_981.246_994.894    offset -1  conf 9.23  (4687 s, ~97 min left)
[453/1013] HfbZlowr9N0/HfbZlowr9N0_NA_124.166_151.400    offset -3  conf 6.27  (4701 s, ~97 min left)
[454/1013] HhLzDi0Ekhg/HhLzDi0Ekhg_NA_979.211_996.061    offset +0  conf 8.53  (4705 s, ~97 min left)
[455/1013] HhLzDi0Ekhg/HhLzDi0Ekhg_NA_0.100_58.792       offset +0  conf 8.38  (4705 s, ~96 min left)
[456/1013] Hm-PGEBTheg/Hm-PGEBTheg_NA_3266.496_3333.563  offset +1  conf 5.53  (4713 s, ~96 min left)
[457/1013] Hm-PGEBTheg/Hm-PGEBTheg_NA_3499.529_3507.937  offset +1  conf 1.17  (4728 s, ~96 min left)
[458/1013] I3LH4iVRLVs/I3LH4iVRLVs_NA_1564.183_1573.108  offset -1  conf 7.09  (4740 s, ~96 min left)
[459/1013] I3LH4iVRLVs/I3LH4iVRLVs_NA_780.308_787.900    offset +0  conf 6.43  (4741 s, ~95 min left)
[460/1013] IkU55moQkTw/IkU55moQkTw_NA_125.325_134.667    offset -2  conf 4.76  (4741 s, ~95 min left)
[461/1013] JfGfktwGCao/JfGfktwGCao_NA_117.217_131.906    offset -2  conf 7.91  (4755 s, ~95 min left)
[462/1013] K18IgpnjcfY/K18IgpnjcfY_NA_0.100_49.015       offset +2  conf 8.31  (4775 s, ~95 min left)
[463/1013] K18IgpnjcfY/K18IgpnjcfY_NA_60.426_120.987     offset +2  conf 9.05  (4775 s, ~95 min left)
[464/1013] JfGfktwGCao/JfGfktwGCao_NA_435.576_451.267    offset -2  conf 6.61  (4776 s, ~94 min left)
[465/1013] LBOcWgMD49o/LBOcWgMD49o_NA_121.346_145.045    offset -6  conf 6.52  (4783 s, ~94 min left)
[466/1013] LBOcWgMD49o/LBOcWgMD49o_NA_94.569_100.667     offset -6  conf 5.48  (4808 s, ~94 min left)
[467/1013] LkD2HiSjkds/LkD2HiSjkds_NA_0.100_6.100        offset +1  conf 6.27  (4808 s, ~94 min left)
[468/1013] MEIUkeHXVJY/MEIUkeHXVJY_NA_1.601_6.781        offset -2  conf 4.88  (4812 s, ~93 min left)
[469/1013] LkD2HiSjkds/LkD2HiSjkds_NA_647.600_721.333    offset +1  conf 5.60  (4812 s, ~93 min left)
[470/1013] MeW_i8ZT92M/MeW_i8ZT92M_NA_13.383_18.900      offset +2  conf 7.40  (4841 s, ~93 min left)
[471/1013] MEIUkeHXVJY/MEIUkeHXVJY_NA_630.312_640.122    offset -3  conf 6.33  (4841 s, ~93 min left)
[472/1013] MeW_i8ZT92M/MeW_i8ZT92M_NA_48.600_61.200      offset -2  conf 7.49  (4848 s, ~93 min left)
[473/1013] NAic4tbCRuM/NAic4tbCRuM_NA_173.064_192.258    offset -2  conf 7.86  (4848 s, ~92 min left)
[474/1013] NAic4tbCRuM/NAic4tbCRuM_NA_94.319_109.300     offset -2  conf 8.15  (4881 s, ~93 min left)
[475/1013] OOimDTzA_X0/OOimDTzA_X0_NA_128.200_158.200    offset +3  conf 8.85  (4906 s, ~93 min left)
[476/1013] OOimDTzA_X0/OOimDTzA_X0_NA_772.233_815.700    offset +3  conf 7.69  (4913 s, ~92 min left)
[477/1013] PDgHHo36TvE/PDgHHo36TvE_NA_257.648_263.204    offset +0  conf 5.84  (4934 s, ~92 min left)
[478/1013] PcapI8ZCOVw/PcapI8ZCOVw_NA_1064.112_1078.460  offset +1  conf 9.13  (4945 s, ~92 min left)
[479/1013] PcapI8ZCOVw/PcapI8ZCOVw_NA_94.777_131.681     offset +1  conf 10.22  (4970 s, ~92 min left)
[480/1013] PxS-3AEL7P8/PxS-3AEL7P8_NA_0.100_8.975        offset +1  conf 7.50  (4976 s, ~92 min left)
[481/1013] OuVTQr9kXD0/OuVTQr9kXD0_NA_224.240_245.478    offset -3  conf 6.47  (4991 s, ~92 min left)
[482/1013] PxS-3AEL7P8/PxS-3AEL7P8_NA_9.175_17.250       offset +1  conf 7.50  (4998 s, ~92 min left)
[483/1013] QAAreNZXe-Y/QAAreNZXe-Y_NA_0.100_11.500       offset +0  conf 8.37  (5002 s, ~91 min left)
[484/1013] OuVTQr9kXD0/OuVTQr9kXD0_NA_371.262_382.323    offset -2  conf 4.90  (5008 s, ~91 min left)
[485/1013] QAAreNZXe-Y/QAAreNZXe-Y_NA_610.200_629.000    offset +0  conf 8.16  (5017 s, ~91 min left)
[486/1013] QWdpUEtZYFA/QWdpUEtZYFA_NA_1213.562_1223.580  offset -1  conf 7.73  (5026 s, ~91 min left)
[487/1013] QWdpUEtZYFA/QWdpUEtZYFA_NA_973.781_1018.208   offset -1  conf 7.82  (5030 s, ~91 min left)
[488/1013] QivmsckyEpI/QivmsckyEpI_NA_137.033_142.600    offset +0  conf 5.94  (5035 s, ~90 min left)
[489/1013] QivmsckyEpI/QivmsckyEpI_NA_19.033_26.333      offset +0  conf 4.73  (5043 s, ~90 min left)
[490/1013] RGJyjwWJSz8/RGJyjwWJSz8_NA_0.100_213.366      offset +2  conf 6.27  (5052 s, ~90 min left)
[491/1013] RGJyjwWJSz8/RGJyjwWJSz8_NA_745.033_789.300    offset +2  conf 7.83  (5056 s, ~90 min left)
[492/1013] RNTMRimoG6A/RNTMRimoG6A_NA_1054.987_1136.001  offset +1  conf 8.07  (5061 s, ~89 min left)
[493/1013] RNTMRimoG6A/RNTMRimoG6A_NA_994.593_1054.787   offset +1  conf 8.80  (5072 s, ~89 min left)
[494/1013] RkvykjZX7KU/RkvykjZX7KU_NA_1.701_11.745       offset -1  conf 1.03  (5079 s, ~89 min left)
[495/1013] RkvykjZX7KU/RkvykjZX7KU_NA_93.193_99.666      offset +0  conf 6.90  (5083 s, ~89 min left)
[496/1013] S1og2w-FxQE/S1og2w-FxQE_NA_6.533_79.666       offset -2  conf 6.56  (5088 s, ~88 min left)
[497/1013] SJDhnN2AOKo/SJDhnN2AOKo_NA_0.100_11.678       offset +0  conf 9.00  (5099 s, ~88 min left)
[498/1013] SJDhnN2AOKo/SJDhnN2AOKo_NA_996.295_1010.442   offset +0  conf 7.05  (5106 s, ~88 min left)
[499/1013] Sh-7TVNyuZk/Sh-7TVNyuZk_NA_0.100_36.144       offset +0  conf 5.97  (5110 s, ~88 min left)
[500/1013] Sh-7TVNyuZk/Sh-7TVNyuZk_NA_98.323_129.779     offset +0  conf 5.90  (5114 s, ~87 min left)
[501/1013] T41c8WVBQR8/T41c8WVBQR8_NA_400.266_407.173    offset +0  conf 9.80  (5124 s, ~87 min left)
[502/1013] T41c8WVBQR8/T41c8WVBQR8_NA_417.550_423.856    offset -1  conf 8.53  (5129 s, ~87 min left)
[503/1013] Tqt5PxcRpiI/Tqt5PxcRpiI_NA_109.000_132.566    offset +2  conf 5.79  (5137 s, ~87 min left)
[504/1013] Tqt5PxcRpiI/Tqt5PxcRpiI_NA_85.833_98.166      offset +2  conf 6.94  (5141 s, ~87 min left)
[505/1013] TtCBz1lutsY/TtCBz1lutsY_NA_11.444_705.438     offset -3  conf 6.12  (5152 s, ~86 min left)
[506/1013] Twgc0ORBdDQ/Twgc0ORBdDQ_NA_241.633_273.600    offset +1  conf 5.31  (5156 s, ~86 min left)
[507/1013] Twgc0ORBdDQ/Twgc0ORBdDQ_NA_92.066_120.000     offset +2  conf 8.90  (5164 s, ~86 min left)
[508/1013] TyjzwxEEm5Y/TyjzwxEEm5Y_NA_1015.220_1320.000  offset +1  conf 6.37  (5169 s, ~86 min left)
[509/1013] TyjzwxEEm5Y/TyjzwxEEm5Y_NA_6.100_382.260      offset +0  conf 6.50  (5188 s, ~86 min left)
[510/1013] U-Q3MONl238/U-Q3MONl238_NA_0.100_19.019       offset -2  conf 7.55  (5191 s, ~85 min left)
[511/1013] U0foraMmf1Y/U0foraMmf1Y_NA_22.288_43.877      offset +1  conf 4.18  (5192 s, ~85 min left)
[512/1013] U1ZsZlwIZMc/U1ZsZlwIZMc_NA_115.181_173.106    offset +0  conf 7.39  (5195 s, ~85 min left)
[513/1013] U1ZsZlwIZMc/U1ZsZlwIZMc_NA_94.160_107.540     offset +0  conf 6.96  (5213 s, ~85 min left)
[514/1013] U4BzAdwUfJA/U4BzAdwUfJA_NA_612.611_620.286    offset +1  conf 3.16  (5228 s, ~85 min left)
[515/1013] U31xnQ6Rmgs/U31xnQ6Rmgs_NA_120.553_147.347    offset +3  conf 4.08  (5229 s, ~84 min left)
[516/1013] U31xnQ6Rmgs/U31xnQ6Rmgs_NA_84.350_109.743     offset +3  conf 4.72  (5229 s, ~84 min left)
[517/1013] U4qLQyenrP8/U4qLQyenrP8_NA_1055.020_1099.860  offset +0  conf 7.96  (5242 s, ~84 min left)
[518/1013] U70saggq30E/U70saggq30E_NA_158.400_172.500    offset -2  conf 6.92  (5268 s, ~84 min left)
[519/1013] U70saggq30E/U70saggq30E_NA_28.033_38.300      offset -1  conf 6.97  (5268 s, ~84 min left)
[520/1013] U8RQsJ0Q3Mo/U8RQsJ0Q3Mo_NA_105.460_111.180    offset -1  conf 8.26  (5268 s, ~83 min left)
[521/1013] U4qLQyenrP8/U4qLQyenrP8_NA_915.020_923.980    offset +0  conf 9.36  (5268 s, ~83 min left)
[522/1013] UBZXTSpMkfQ/UBZXTSpMkfQ_NA_1.600_14.400       offset +1  conf 5.45  (5299 s, ~83 min left)
[523/1013] U9BkQ7IgFzA/U9BkQ7IgFzA_NA_989.400_1052.200   offset +3  conf 8.43  (5309 s, ~83 min left)
[524/1013] U8RQsJ0Q3Mo/U8RQsJ0Q3Mo_NA_603.220_611.740    offset -1  conf 6.20  (5309 s, ~83 min left)
[525/1013] U9BkQ7IgFzA/U9BkQ7IgFzA_NA_1108.200_1119.400  offset +3  conf 7.84  (5310 s, ~82 min left)
[526/1013] UBZXTSpMkfQ/UBZXTSpMkfQ_NA_982.300_1024.633   offset +0  conf 5.12  (5326 s, ~82 min left)
[527/1013] UFWyXGGj1js/UFWyXGGj1js_NA_76.420_99.260      offset -2  conf 6.82  (5347 s, ~82 min left)
[528/1013] UDA0ZAN9eJs/UDA0ZAN9eJs_NA_695.100_715.000    offset +0  conf 7.92  (5347 s, ~82 min left)
[529/1013] UFWyXGGj1js/UFWyXGGj1js_NA_0.100_8.940        offset -2  conf 7.61  (5347 s, ~82 min left)
[530/1013] UJdFrpG1i8Y/UJdFrpG1i8Y_NA_0.100_46.880       offset +1  conf 6.09  (5353 s, ~81 min left)
[531/1013] UJdFrpG1i8Y/UJdFrpG1i8Y_NA_990.989_1005.104   offset +1  conf 7.17  (5384 s, ~81 min left)
[532/1013] W6ueVbGRITM/W6ueVbGRITM_NA_159.509_165.482    offset -1  conf 5.97  (5385 s, ~81 min left)
[533/1013] UidLBnncfds/UidLBnncfds_NA_3984.847_4036.415  offset +1  conf 5.90  (5385 s, ~81 min left)
[534/1013] UidLBnncfds/UidLBnncfds_NA_3592.622_3629.425  offset +1  conf 5.19  (5386 s, ~81 min left)
[535/1013] W6ueVbGRITM/W6ueVbGRITM_NA_99.782_106.673     offset -1  conf 8.02  (5428 s, ~81 min left)
[536/1013] XDoLbl8v1zA/XDoLbl8v1zA_NA_170.169_200.533    offset +2  conf 9.13  (5428 s, ~81 min left)
[537/1013] W_h0kIoUiiU/W_h0kIoUiiU_NA_829.428_899.899    offset +1  conf 5.24  (5428 s, ~80 min left)
[538/1013] W_h0kIoUiiU/W_h0kIoUiiU_NA_1214.112_1289.354  offset +1  conf 4.22  (5428 s, ~80 min left)
[539/1013] XQKDlwlKigc/XQKDlwlKigc_NA_1016.700_1033.000  offset +1  conf 7.83  (5466 s, ~80 min left)
[540/1013] XQKDlwlKigc/XQKDlwlKigc_NA_96.400_105.866     offset +1  conf 6.68  (5466 s, ~80 min left)
[541/1013] XZHZ_Ltbv08/XZHZ_Ltbv08_NA_1028.660_1058.460  offset -1  conf 6.93  (5471 s, ~80 min left)
[542/1013] XDoLbl8v1zA/XDoLbl8v1zA_NA_91.724_132.499     offset +2  conf 7.08  (5472 s, ~79 min left)
[543/1013] XZHZ_Ltbv08/XZHZ_Ltbv08_NA_782.540_824.020    offset -1  conf 9.36  (5502 s, ~79 min left)
[544/1013] YTIBxNceq9Y/YTIBxNceq9Y_NA_0.100_52.200       offset +0  conf 6.73  (5502 s, ~79 min left)
[545/1013] YnErHv5oq4Y/YnErHv5oq4Y_NA_70.920_79.729      offset -1  conf 4.33  (5508 s, ~79 min left)
[546/1013] YnErHv5oq4Y/YnErHv5oq4Y_NA_140.740_150.633    offset -1  conf 2.04  (5508 s, ~79 min left)
[547/1013] ZEOI3jFMP54/ZEOI3jFMP54_NA_130.413_207.474    offset +0  conf 6.69  (5542 s, ~79 min left)
[548/1013] ZEOI3jFMP54/ZEOI3jFMP54_NA_0.100_130.213      offset +0  conf 6.09  (5542 s, ~78 min left)
[549/1013] _VtMj6ggkWg/_VtMj6ggkWg_NA_975.533_1007.433   offset +2  conf 9.43  (5575 s, ~79 min left)
[550/1013] _VtMj6ggkWg/_VtMj6ggkWg_NA_466.033_581.533    offset +1  conf 8.97  (5576 s, ~78 min left)
[551/1013] Zgy9ve4mPEo/Zgy9ve4mPEo_NA_1095.194_1109.274  offset +0  conf 8.63  (5599 s, ~78 min left)
[552/1013] Zgy9ve4mPEo/Zgy9ve4mPEo_NA_644.310_653.152    offset +0  conf 6.45  (5599 s, ~78 min left)
[553/1013] _kCUTgY7ROQ/_kCUTgY7ROQ_NA_258.107_266.958    offset +0  conf 4.13  (5607 s, ~78 min left)
[554/1013] _kCUTgY7ROQ/_kCUTgY7ROQ_NA_402.251_418.192    offset +0  conf 6.66  (5607 s, ~77 min left)
[555/1013] _nstmuaZusc/_nstmuaZusc_NA_801.133_806.539    offset +1  conf 2.74  (5627 s, ~77 min left)
[556/1013] _nstmuaZusc/_nstmuaZusc_NA_119.152_129.629    offset +1  conf 7.72  (5630 s, ~77 min left)
[557/1013] _pWgUuu8vRI/_pWgUuu8vRI_NA_14.147_71.671      offset +0  conf 9.53  (5637 s, ~77 min left)
[558/1013] _p64qQJVfJA/_p64qQJVfJA_NA_0.100_38.905       offset +2  conf 6.04  (5637 s, ~77 min left)
[559/1013] _pWgUuu8vRI/_pWgUuu8vRI_NA_923.922_1003.068   offset +0  conf 7.87  (5656 s, ~77 min left)
[560/1013] a9_aLDIaJIg/a9_aLDIaJIg_NA_0.100_39.733       offset -3  conf 6.43  (5658 s, ~76 min left)
[561/1013] aXkdYjA0C24/aXkdYjA0C24_NA_109.300_114.900    offset -1  conf 6.84  (5670 s, ~76 min left)
[562/1013] a9_aLDIaJIg/a9_aLDIaJIg_NA_82.641_101.608     offset -3  conf 5.49  (5671 s, ~76 min left)
[563/1013] aodq3dT8Mrc/aodq3dT8Mrc_NA_0.100_34.200       offset +1  conf 5.65  (5686 s, ~76 min left)
[564/1013] aXkdYjA0C24/aXkdYjA0C24_NA_270.500_281.066    offset -1  conf 5.45  (5689 s, ~75 min left)
[565/1013] b1djOeOOlo4/b1djOeOOlo4_NA_954.186_959.925    offset +2  conf 3.06  (5700 s, ~75 min left)
[566/1013] b1djOeOOlo4/b1djOeOOlo4_NA_1013.846_1033.866  offset +2  conf 6.04  (5700 s, ~75 min left)
[567/1013] bIbLB5PvY4M/bIbLB5PvY4M_NA_103.391_112.358    offset -1  conf 6.51  (5717 s, ~75 min left)
[568/1013] bIbLB5PvY4M/bIbLB5PvY4M_NA_83.308_103.191     offset -1  conf 9.03  (5717 s, ~75 min left)
[569/1013] c68WQXTfBvI/c68WQXTfBvI_NA_1347.579_1366.431  offset -1  conf 4.84  (5730 s, ~75 min left)
[570/1013] c68WQXTfBvI/c68WQXTfBvI_NA_2838.835_2876.406  offset -1  conf 6.09  (5731 s, ~74 min left)
[571/1013] d-ebGHurO50/d-ebGHurO50_NA_488.475_494.108    offset -1  conf 6.23  (5751 s, ~74 min left)
[572/1013] d-ebGHurO50/d-ebGHurO50_NA_161.141_193.233    offset +0  conf 7.11  (5752 s, ~74 min left)
[573/1013] dNkgApReNPQ/dNkgApReNPQ_NA_511.944_527.193    offset +0  conf 5.58  (5785 s, ~74 min left)
[574/1013] dNkgApReNPQ/dNkgApReNPQ_NA_695.795_704.370    offset +0  conf 6.49  (5785 s, ~74 min left)
[575/1013] e7UaEpSl8HM/e7UaEpSl8HM_NA_0.100_5.305        offset -1  conf 4.29  (5813 s, ~74 min left)
[576/1013] df8Yxwk0AVQ/df8Yxwk0AVQ_NA_78.111_233.800     offset -1  conf 8.44  (5819 s, ~74 min left)
[577/1013] e7UaEpSl8HM/e7UaEpSl8HM_NA_78.478_91.324      offset +0  conf 5.60  (5819 s, ~73 min left)
[578/1013] df8Yxwk0AVQ/df8Yxwk0AVQ_NA_0.100_20.587       offset -1  conf 8.32  (5822 s, ~73 min left)
[579/1013] ekemL5eNleI/ekemL5eNleI_NA_111.233_155.700    offset +2  conf 7.22  (5841 s, ~73 min left)
[580/1013] f-5AIV6rkfI/f-5AIV6rkfI_NA_1299.366_1306.283  offset -2  conf 2.38  (5851 s, ~73 min left)
[581/1013] ekemL5eNleI/ekemL5eNleI_NA_951.300_1021.000   offset +1  conf 5.67  (5852 s, ~73 min left)
[582/1013] f-5AIV6rkfI/f-5AIV6rkfI_NA_3321.133_3329.533  offset +0  conf 2.58  (5854 s, ~72 min left)
[583/1013] fbbinuGSVVs/fbbinuGSVVs_NA_205.020_1022.660   offset -2  conf 8.40  (5866 s, ~72 min left)
[584/1013] fpM37RaTzs0/fpM37RaTzs0_NA_316.833_323.900    offset +1  conf 7.20  (5883 s, ~72 min left)
[585/1013] fpM37RaTzs0/fpM37RaTzs0_NA_85.366_95.900      offset +1  conf 6.18  (5885 s, ~72 min left)
[586/1013] h5NZOk7mzKU/h5NZOk7mzKU_NA_14.180_77.260      offset +0  conf 9.09  (5886 s, ~71 min left)
[587/1013] h5NZOk7mzKU/h5NZOk7mzKU_NA_77.460_109.500     offset +0  conf 8.69  (5909 s, ~71 min left)
[588/1013] i4YKsZszRp8/i4YKsZszRp8_NA_5.466_11.766       offset +1  conf 8.23  (5947 s, ~72 min left)
[589/1013] iR5Cqy_z6Bc/iR5Cqy_z6Bc_NA_1017.749_1065.364  offset +1  conf 8.80  (5948 s, ~71 min left)
[590/1013] imzT9ywcL84/imzT9ywcL84_NA_1949.366_1972.666  offset -15  conf 0.35  (5982 s, ~71 min left)
[591/1013] iR5Cqy_z6Bc/iR5Cqy_z6Bc_NA_975.407_1017.549   offset +2  conf 7.36  (5986 s, ~71 min left)
[592/1013] hdfhxEShnHA/hdfhxEShnHA_NA_138.538_144.577    offset +0  conf 8.90  (6004 s, ~71 min left)
[593/1013] hdfhxEShnHA/hdfhxEShnHA_NA_95.161_105.972     offset +0  conf 9.51  (6027 s, ~71 min left)
[594/1013] iwhi3dE12MI/iwhi3dE12MI_NA_604.140_1189.020   offset +0  conf 8.83  (6039 s, ~71 min left)
[595/1013] iyXMPmxNeUk/iyXMPmxNeUk_NA_103.970_110.894    offset +0  conf 6.90  (6047 s, ~71 min left)
[596/1013] iyXMPmxNeUk/iyXMPmxNeUk_NA_88.454_96.129      offset +0  conf 6.40  (6063 s, ~71 min left)
[597/1013] j-Sb_mmuHLM/j-Sb_mmuHLM_NA_1558.948_1566.840  offset -3  conf 4.08  (6074 s, ~71 min left)
[598/1013] j-Sb_mmuHLM/j-Sb_mmuHLM_NA_90.023_95.078      offset +0  conf 8.16  (6080 s, ~70 min left)
[599/1013] j0hqXc9ZC1U/j0hqXc9ZC1U_NA_323.124_329.866    offset +0  conf 4.04  (6092 s, ~70 min left)
[600/1013] j3iEZzH5CII/j3iEZzH5CII_NA_0.100_11.433       offset -1  conf 7.43  (6117 s, ~70 min left)
[601/1013] j3iEZzH5CII/j3iEZzH5CII_NA_892.666_942.000    offset -1  conf 7.61  (6132 s, ~70 min left)
[602/1013] j5Tx07ThJkY/j5Tx07ThJkY_NA_0.100_62.379       offset +0  conf 7.21  (6139 s, ~70 min left)
[603/1013] j5Tx07ThJkY/j5Tx07ThJkY_NA_88.688_105.555     offset +0  conf 7.51  (6146 s, ~70 min left)
[604/1013] j8l3kDwG_a8/j8l3kDwG_a8_NA_20.333_42.733      offset -1  conf 4.12  (6166 s, ~70 min left)
[605/1013] jCwTSgDkM9o/jCwTSgDkM9o_NA_0.100_46.933       offset +1  conf 6.69  (6203 s, ~70 min left)
[606/1013] jC2vy41wQo0/jC2vy41wQo0_NA_144.416_152.333    offset +0  conf 5.50  (6203 s, ~69 min left)
[607/1013] jC2vy41wQo0/jC2vy41wQo0_NA_88.483_96.650      offset +0  conf 5.40  (6206 s, ~69 min left)
[608/1013] jCwTSgDkM9o/jCwTSgDkM9o_NA_424.066_828.000    offset +1  conf 7.30  (6214 s, ~69 min left)
[609/1013] jEkub41MEFQ/jEkub41MEFQ_NA_1344.326_1473.755  offset -1  conf 7.19  (6238 s, ~69 min left)
[610/1013] jEkub41MEFQ/jEkub41MEFQ_NA_964.797_980.579    offset -1  conf 5.77  (6238 s, ~69 min left)
[611/1013] jIKA6hqxj6o/jIKA6hqxj6o_NA_0.100_399.500      offset +0  conf 7.12  (6260 s, ~69 min left)
[612/1013] jJjdzoNbodY/jJjdzoNbodY_NA_0.100_6.800        offset +1  conf 6.75  (6263 s, ~68 min left)
[613/1013] jMrp6XfYIyk/jMrp6XfYIyk_NA_116.299_180.872    offset -2  conf 8.93  (6295 s, ~68 min left)
[614/1013] jJjdzoNbodY/jJjdzoNbodY_NA_216.633_226.900    offset +1  conf 5.50  (6295 s, ~68 min left)
[615/1013] jOAaVpFKCHM/jOAaVpFKCHM_NA_0.100_7.807        offset +1  conf 7.60  (6327 s, ~68 min left)
[616/1013] jMrp6XfYIyk/jMrp6XfYIyk_NA_85.268_100.125     offset -2  conf 6.06  (6327 s, ~68 min left)
[617/1013] jOAaVpFKCHM/jOAaVpFKCHM_NA_451.150_465.000    offset +0  conf 7.80  (6361 s, ~68 min left)
[618/1013] jRlei5ueFlo/jRlei5ueFlo_NA_101.284_116.850    offset -1  conf 5.69  (6365 s, ~68 min left)
[619/1013] jR9g6H2CL28/jR9g6H2CL28_NA_0.100_14.983       offset +0  conf 4.52  (6380 s, ~68 min left)
[620/1013] jR9g6H2CL28/jR9g6H2CL28_NA_84.141_91.775      offset +0  conf 6.08  (6382 s, ~67 min left)
[621/1013] jRlei5ueFlo/jRlei5ueFlo_NA_90.690_101.084     offset -1  conf 7.98  (6393 s, ~67 min left)
[622/1013] jV9lOAk-qH0/jV9lOAk-qH0_NA_437.800_470.600    offset -2  conf 6.54  (6414 s, ~67 min left)
[623/1013] jV9lOAk-qH0/jV9lOAk-qH0_NA_154.833_172.866    offset -2  conf 7.29  (6416 s, ~67 min left)
[624/1013] jT-zpGKcQME/jT-zpGKcQME_NA_19.200_38.816      offset -1  conf 7.11  (6425 s, ~67 min left)
[625/1013] jWcaR8s9utU/jWcaR8s9utU_NA_140.106_169.869    offset -3  conf 6.48  (6442 s, ~67 min left)
[626/1013] jYqJs32f4_c/jYqJs32f4_c_NA_0.100_11.500       offset +0  conf 5.17  (6457 s, ~67 min left)
[627/1013] jWcaR8s9utU/jWcaR8s9utU_NA_80.947_94.294      offset -4  conf 5.28  (6473 s, ~66 min left)
[628/1013] jYqJs32f4_c/jYqJs32f4_c_NA_46.500_55.933      offset +0  conf 5.36  (6475 s, ~66 min left)
[629/1013] jY8HYP3PDAM/jY8HYP3PDAM_NA_35.927_48.865      offset -1  conf 4.63  (6481 s, ~66 min left)
[630/1013] jZa8uq7KLUM/jZa8uq7KLUM_NA_16.566_21.633      offset +2  conf 7.97  (6484 s, ~66 min left)
[631/1013] jZa8uq7KLUM/jZa8uq7KLUM_NA_806.200_822.466    offset +2  conf 9.56  (6501 s, ~66 min left)
[632/1013] jct3ymXiqVs/jct3ymXiqVs_NA_740.333_848.400    offset +1  conf 6.45  (6514 s, ~65 min left)
[633/1013] jct3ymXiqVs/jct3ymXiqVs_NA_1010.400_1041.166  offset +1  conf 6.51  (6514 s, ~65 min left)
[634/1013] jdrXvxTZZXo/jdrXvxTZZXo_NA_21.533_27.466      offset +1  conf 6.15  (6526 s, ~65 min left)
[635/1013] jb2DUV4E49Y/jb2DUV4E49Y_NA_0.100_64.581       offset +0  conf 8.20  (6527 s, ~65 min left)
[636/1013] jdrXvxTZZXo/jdrXvxTZZXo_NA_80.933_86.666      offset +1  conf 5.34  (6539 s, ~65 min left)
[637/1013] jeuNDoEVXSo/jeuNDoEVXSo_NA_139.000_160.200    offset +2  conf 4.43  (6547 s, ~64 min left)
[638/1013] jeuNDoEVXSo/jeuNDoEVXSo_NA_272.600_356.266    offset +2  conf 5.43  (6562 s, ~64 min left)
[639/1013] jfe4SwehP_A/jfe4SwehP_A_NA_1.860_11.060       offset -1  conf 5.88  (6587 s, ~64 min left)
[640/1013] jfe4SwehP_A/jfe4SwehP_A_NA_92.100_99.300      offset -1  conf 9.69  (6597 s, ~64 min left)
[641/1013] jiuUHbEkAy8/jiuUHbEkAy8_NA_122.180_129.696    offset -2  conf 8.93  (6614 s, ~64 min left)
[642/1013] jiuUHbEkAy8/jiuUHbEkAy8_NA_639.280_654.178    offset -2  conf 6.78  (6645 s, ~64 min left)
[643/1013] jlbIVypmJ9o/jlbIVypmJ9o_NA_188.033_201.066    offset +0  conf 6.31  (6645 s, ~64 min left)
[644/1013] jhIB4YnaIJQ/jhIB4YnaIJQ_NA_700.199_708.674    offset +0  conf 7.22  (6651 s, ~64 min left)
[645/1013] jlbIVypmJ9o/jlbIVypmJ9o_NA_72.200_80.666      offset +1  conf 6.96  (6661 s, ~63 min left)
[646/1013] jm4E3PYAIy4/jm4E3PYAIy4_NA_586.333_610.266    offset +1  conf 5.85  (6680 s, ~63 min left)
[647/1013] jm4E3PYAIy4/jm4E3PYAIy4_NA_0.100_187.216      offset +1  conf 5.90  (6680 s, ~63 min left)
[648/1013] jnfJOm8Sjyo/jnfJOm8Sjyo_NA_100.933_141.133    offset +1  conf 6.49  (6695 s, ~63 min left)
[649/1013] jnfJOm8Sjyo/jnfJOm8Sjyo_NA_532.600_618.633    offset +1  conf 6.85  (6712 s, ~63 min left)
[650/1013] jobuXi6Rixw/jobuXi6Rixw_NA_998.866_1004.133   offset +0  conf 6.60  (6715 s, ~62 min left)
[651/1013] jobuXi6Rixw/jobuXi6Rixw_NA_1006.266_1034.033  offset +0  conf 7.24  (6716 s, ~62 min left)
[652/1013] jqsRrt--vco/jqsRrt--vco_NA_101.366_135.333    offset +0  conf 8.48  (6780 s, ~63 min left)
[653/1013] jqsRrt--vco/jqsRrt--vco_NA_60.666_96.733      offset +0  conf 8.25  (6780 s, ~62 min left)
[654/1013] jrBK1KB81I0/jrBK1KB81I0_NA_13.797_36.102      offset -1  conf 8.19  (6866 s, ~63 min left)
[655/1013] jrBK1KB81I0/jrBK1KB81I0_NA_387.670_410.176    offset -1  conf 7.63  (6882 s, ~63 min left)
[656/1013] jrYjmpYElXQ/jrYjmpYElXQ_NA_1035.233_1041.333  offset +2  conf 7.75  (6925 s, ~63 min left)
[657/1013] jphckIXUqj0/jphckIXUqj0_NA_392.617_398.298    offset -1  conf 9.52  (6934 s, ~63 min left)
[658/1013] jrYjmpYElXQ/jrYjmpYElXQ_NA_942.866_953.733    offset +1  conf 8.62  (6941 s, ~62 min left)
[659/1013] jsEn3B26qA4/jsEn3B26qA4_NA_244.300_301.300    offset -2  conf 4.76  (6951 s, ~62 min left)
[660/1013] jphckIXUqj0/jphckIXUqj0_NA_178.194_183.917    offset -1  conf 9.72  (6955 s, ~62 min left)
[661/1013] jsEn3B26qA4/jsEn3B26qA4_NA_561.340_643.860    offset -2  conf 8.49  (6962 s, ~62 min left)
[662/1013] jteHxhma8L8/jteHxhma8L8_NA_1063.500_1226.300  offset +0  conf 4.61  (6967 s, ~62 min left)
[663/1013] jteHxhma8L8/jteHxhma8L8_NA_870.066_1063.300   offset -1  conf 7.09  (6979 s, ~61 min left)
[664/1013] juzE_n6wlFY/juzE_n6wlFY_NA_117.550_138.538    offset +0  conf 5.99  (6986 s, ~61 min left)
[665/1013] juzE_n6wlFY/juzE_n6wlFY_NA_51.067_107.298     offset +0  conf 6.19  (6994 s, ~61 min left)
[666/1013] jvcqmdISnKc/jvcqmdISnKc_NA_104.400_110.633    offset +3  conf 6.86  (7007 s, ~61 min left)
[667/1013] k-M_ngL_OEs/k-M_ngL_OEs_NA_163.266_170.500    offset +1  conf 6.49  (7012 s, ~61 min left)
[668/1013] k-M_ngL_OEs/k-M_ngL_OEs_NA_62.900_102.500     offset +0  conf 7.87  (7023 s, ~60 min left)
[669/1013] jvcqmdISnKc/jvcqmdISnKc_NA_88.633_95.333      offset +3  conf 7.12  (7026 s, ~60 min left)
[670/1013] k10UAZaxkbA/k10UAZaxkbA_NA_1292.140_1303.780  offset +1  conf 4.74  (7035 s, ~60 min left)
[671/1013] k10UAZaxkbA/k10UAZaxkbA_NA_892.500_903.260    offset +1  conf 5.83  (7039 s, ~60 min left)
[672/1013] k4DNWulyAEY/k4DNWulyAEY_NA_0.100_7.833        offset +1  conf 5.52  (7053 s, ~60 min left)
[673/1013] k4DNWulyAEY/k4DNWulyAEY_NA_8.033_471.633      offset +2  conf 6.53  (7057 s, ~59 min left)
[674/1013] k54mhLyr-2g/k54mhLyr-2g_NA_104.066_117.433    offset -1  conf 3.77  (7060 s, ~59 min left)
[675/1013] k54mhLyr-2g/k54mhLyr-2g_NA_78.633_98.100      offset -1  conf 6.21  (7068 s, ~59 min left)
[676/1013] k6gTv-1Hslo/k6gTv-1Hslo_NA_0.100_32.565       offset -1  conf 6.92  (7086 s, ~59 min left)
[677/1013] k6gTv-1Hslo/k6gTv-1Hslo_NA_604.537_625.825    offset -1  conf 7.81  (7089 s, ~59 min left)
[678/1013] kCCZ1l6rvk0/kCCZ1l6rvk0_NA_81.433_87.600      offset -1  conf 3.69  (7109 s, ~59 min left)
[679/1013] kCCZ1l6rvk0/kCCZ1l6rvk0_NA_115.300_124.333    offset -1  conf 4.03  (7110 s, ~58 min left)
[680/1013] kESedXSLqXw/kESedXSLqXw_NA_236.340_244.260    offset -1  conf 8.73  (7116 s, ~58 min left)
[681/1013] kESedXSLqXw/kESedXSLqXw_NA_929.700_947.060    offset -1  conf 8.97  (7118 s, ~58 min left)
[682/1013] kHMqs02XULY/kHMqs02XULY_NA_97.133_133.433     offset +2  conf 5.80  (7142 s, ~58 min left)
[683/1013] kHMqs02XULY/kHMqs02XULY_NA_81.133_96.933      offset +2  conf 6.55  (7142 s, ~58 min left)
[684/1013] kK5oOPCjYQU/kK5oOPCjYQU_NA_198.214_219.494    offset -3  conf 8.65  (7149 s, ~57 min left)
[685/1013] kK5oOPCjYQU/kK5oOPCjYQU_NA_93.276_128.486     offset -2  conf 6.83  (7150 s, ~57 min left)
[686/1013] kSEsbmzvEq0/kSEsbmzvEq0_NA_588.166_710.466    offset +3  conf 4.10  (7173 s, ~57 min left)
[687/1013] kSEsbmzvEq0/kSEsbmzvEq0_NA_432.133_441.366    offset +3  conf 6.25  (7173 s, ~57 min left)
[688/1013] kVopMdbnkZ4/kVopMdbnkZ4_NA_94.160_101.001     offset +0  conf 6.59  (7183 s, ~57 min left)
[689/1013] kVopMdbnkZ4/kVopMdbnkZ4_NA_112.779_126.459    offset +0  conf 8.52  (7183 s, ~56 min left)
[690/1013] kZvb5pkr0UU/kZvb5pkr0UU_NA_806.780_812.920    offset -1  conf 5.04  (7202 s, ~56 min left)
[691/1013] kZvb5pkr0UU/kZvb5pkr0UU_NA_129.646_140.290    offset -1  conf 5.81  (7202 s, ~56 min left)
[692/1013] kcUvtWOUHqI/kcUvtWOUHqI_NA_0.100_28.000       offset -3  conf 2.90  (7212 s, ~56 min left)
[693/1013] kcUvtWOUHqI/kcUvtWOUHqI_NA_56.800_70.233      offset -3  conf 3.73  (7212 s, ~56 min left)
[694/1013] keBocZcuX78/keBocZcuX78_NA_1022.516_1031.900  offset -1  conf 8.62  (7236 s, ~55 min left)
[695/1013] keBocZcuX78/keBocZcuX78_NA_976.641_984.525    offset -1  conf 8.88  (7236 s, ~55 min left)
[696/1013] khNaXP11zc8/khNaXP11zc8_NA_1015.033_1022.933  offset +0  conf 8.48  (7243 s, ~55 min left)
[697/1013] khNaXP11zc8/khNaXP11zc8_NA_971.500_982.700    offset +0  conf 8.09  (7244 s, ~55 min left)
[698/1013] knKnIVIx08I/knKnIVIx08I_NA_557.907_566.257    offset +0  conf 1.77  (7266 s, ~55 min left)
[699/1013] knKnIVIx08I/knKnIVIx08I_NA_187.578_197.305    offset +0  conf 6.27  (7269 s, ~54 min left)
[700/1013] koX3wWZnXCk/koX3wWZnXCk_NA_0.100_29.696       offset +0  conf 6.74  (7278 s, ~54 min left)
[701/1013] koX3wWZnXCk/koX3wWZnXCk_NA_78.478_87.887      offset +0  conf 7.82  (7278 s, ~54 min left)
[702/1013] kqsAU6ZJhYY/kqsAU6ZJhYY_NA_138.216_159.216    offset +1  conf 5.78  (7293 s, ~54 min left)
[703/1013] kqsAU6ZJhYY/kqsAU6ZJhYY_NA_713.416_721.816    offset +1  conf 4.82  (7298 s, ~54 min left)
[704/1013] kuj-xSWFkzo/kuj-xSWFkzo_NA_98.966_104.633     offset +0  conf 6.36  (7311 s, ~53 min left)
[705/1013] kuj-xSWFkzo/kuj-xSWFkzo_NA_109.466_122.033    offset +0  conf 7.70  (7315 s, ~53 min left)
[706/1013] l01py-eLapU/l01py-eLapU_NA_0.100_55.766       offset +2  conf 7.13  (7321 s, ~53 min left)
[707/1013] l01py-eLapU/l01py-eLapU_NA_923.833_966.400    offset +1  conf 7.30  (7326 s, ~53 min left)
[708/1013] l3bynimi8HQ/l3bynimi8HQ_NA_189.422_226.226    offset -1  conf 5.81  (7338 s, ~53 min left)
[709/1013] l4ra056hlsk/l4ra056hlsk_NA_104.433_114.066    offset +0  conf 2.39  (7343 s, ~52 min left)
[710/1013] l4ra056hlsk/l4ra056hlsk_NA_6.066_15.900       offset +0  conf 4.98  (7350 s, ~52 min left)
[711/1013] lD4-7U02kVU/lD4-7U02kVU_NA_109.666_117.100    offset +1  conf 6.32  (7365 s, ~52 min left)
[712/1013] lD4-7U02kVU/lD4-7U02kVU_NA_5.966_12.966       offset +1  conf 6.51  (7369 s, ~52 min left)
[713/1013] lNKvqhNqJGk/lNKvqhNqJGk_NA_0.100_82.415       offset +1  conf 5.42  (7376 s, ~52 min left)
[714/1013] lBARrFB0tpE/lBARrFB0tpE_NA_6.397_238.930      offset +0  conf 6.35  (7383 s, ~52 min left)
[715/1013] lNKvqhNqJGk/lNKvqhNqJGk_NA_784.416_801.934    offset -15  conf 0.50  (7392 s, ~51 min left)
[716/1013] lPRGGbMRNUo/lPRGGbMRNUo_NA_0.100_52.866       offset -2  conf 6.11  (7399 s, ~51 min left)
[717/1013] lPRGGbMRNUo/lPRGGbMRNUo_NA_82.300_307.466     offset -2  conf 6.72  (7406 s, ~51 min left)
[718/1013] la4vnQ-17hA/la4vnQ-17hA_NA_0.100_47.533       offset +2  conf 8.53  (7435 s, ~51 min left)
[719/1013] la4vnQ-17hA/la4vnQ-17hA_NA_381.766_389.733    offset +2  conf 7.76  (7443 s, ~51 min left)
[720/1013] lX79cJQy4PY/lX79cJQy4PY_NA_149.749_181.331    offset -2  conf 8.32  (7454 s, ~51 min left)
[721/1013] lX79cJQy4PY/lX79cJQy4PY_NA_733.874_743.309    offset -2  conf 6.97  (7458 s, ~50 min left)
[722/1013] lfzQBaHSOCk/lfzQBaHSOCk_NA_1076.508_1082.548  offset +1  conf 7.61  (7473 s, ~50 min left)
[723/1013] lcd3dcw103I/lcd3dcw103I_NA_267.433_285.852    offset +0  conf 9.72  (7473 s, ~50 min left)
[724/1013] lfzQBaHSOCk/lfzQBaHSOCk_NA_871.470_879.779    offset +1  conf 7.72  (7484 s, ~50 min left)
[725/1013] mIYGeOUlnIw/mIYGeOUlnIw_NA_10.477_37.504      offset -2  conf 6.38  (7486 s, ~50 min left)
[726/1013] mIYGeOUlnIw/mIYGeOUlnIw_NA_518.618_528.327    offset -2  conf 5.80  (7505 s, ~49 min left)
[727/1013] mWqgJbyn3Sg/mWqgJbyn3Sg_NA_251.684_262.704    offset -1  conf 6.79  (7506 s, ~49 min left)
[728/1013] mYz2InrmDQI/mYz2InrmDQI_NA_111.558_117.150    offset -1  conf 6.47  (7515 s, ~49 min left)
[729/1013] mYz2InrmDQI/mYz2InrmDQI_NA_1916.641_1924.275  offset -1  conf 5.37  (7516 s, ~49 min left)
[730/1013] m_XpFwrdomY/m_XpFwrdomY_NA_128.033_144.633    offset +1  conf 7.83  (7539 s, ~49 min left)
[731/1013] mbyY3avAbtI/mbyY3avAbtI_NA_789.305_797.655    offset -1  conf 8.43  (7539 s, ~48 min left)
[732/1013] md8WIDo-qCc/md8WIDo-qCc_NA_85.141_116.358     offset -1  conf 7.37  (7547 s, ~48 min left)
[733/1013] md8WIDo-qCc/md8WIDo-qCc_NA_12.975_38.483      offset -1  conf 5.88  (7547 s, ~48 min left)
[734/1013] menu6V3VQy8/menu6V3VQy8_NA_34.501_42.409      offset +0  conf 4.98  (7569 s, ~48 min left)
[735/1013] menu6V3VQy8/menu6V3VQy8_NA_331.431_340.573    offset +12  conf 0.34  (7570 s, ~48 min left)
[736/1013] mfj0luleb0o/mfj0luleb0o_NA_0.100_12.066       offset +0  conf 5.15  (7580 s, ~48 min left)
[737/1013] mfj0luleb0o/mfj0luleb0o_NA_791.966_804.000    offset +0  conf 6.49  (7580 s, ~47 min left)
[738/1013] mgul3ZF5gl0/mgul3ZF5gl0_NA_0.100_5.633        offset -1  conf 5.08  (7598 s, ~47 min left)
[739/1013] mgul3ZF5gl0/mgul3ZF5gl0_NA_84.300_91.300      offset -1  conf 6.05  (7598 s, ~47 min left)
[740/1013] mhpEo9dkyGk/mhpEo9dkyGk_NA_132.733_188.566    offset -2  conf 5.64  (7610 s, ~47 min left)
[741/1013] mhpEo9dkyGk/mhpEo9dkyGk_NA_48.666_119.033     offset -2  conf 6.16  (7610 s, ~47 min left)
[742/1013] mlrpB_iPl1Q/mlrpB_iPl1Q_NA_128.695_144.177    offset +1  conf 7.69  (7629 s, ~46 min left)
[743/1013] mlrpB_iPl1Q/mlrpB_iPl1Q_NA_271.504_278.978    offset +1  conf 5.71  (7629 s, ~46 min left)
[744/1013] mmqZhBETJYs/mmqZhBETJYs_NA_193.780_200.500    offset -1  conf 7.29  (7639 s, ~46 min left)
[745/1013] mo380fvlLxs/mo380fvlLxs_NA_110.400_261.700    offset +0  conf 6.24  (7641 s, ~46 min left)
[746/1013] mo380fvlLxs/mo380fvlLxs_NA_724.700_765.000    offset +2  conf 7.11  (7656 s, ~46 min left)
[747/1013] mpi5H4GpOl8/mpi5H4GpOl8_NA_0.100_21.700       offset +1  conf 6.82  (7658 s, ~45 min left)
[748/1013] mpi5H4GpOl8/mpi5H4GpOl8_NA_43.666_121.466     offset +1  conf 4.64  (7669 s, ~45 min left)
[749/1013] mrd7M54m-Xg/mrd7M54m-Xg_NA_0.100_7.440        offset +1  conf 4.42  (7669 s, ~45 min left)
[750/1013] mrd7M54m-Xg/mrd7M54m-Xg_NA_13.179_45.111      offset +1  conf 6.07  (7682 s, ~45 min left)
[751/1013] mshAXwD6g0g/mshAXwD6g0g_NA_1146.100_1164.780  offset -3  conf 7.54  (7687 s, ~45 min left)
[752/1013] mshAXwD6g0g/mshAXwD6g0g_NA_831.060_836.180    offset -3  conf 7.58  (7696 s, ~45 min left)
[753/1013] muV3wojwhPc/muV3wojwhPc_NA_1068.900_1075.260  offset +8  conf 0.25  (7701 s, ~44 min left)
[754/1013] muV3wojwhPc/muV3wojwhPc_NA_822.180_827.860    offset -2  conf 0.80  (7712 s, ~44 min left)
[755/1013] mwOB_pVNI1c/mwOB_pVNI1c_NA_175.608_182.248    offset +1  conf 2.54  (7718 s, ~44 min left)
[756/1013] n0Yl4t-lpIc/n0Yl4t-lpIc_NA_227.391_239.483    offset +0  conf 4.75  (7749 s, ~44 min left)
[757/1013] n0Yl4t-lpIc/n0Yl4t-lpIc_NA_46.975_54.316      offset +0  conf 4.21  (7753 s, ~44 min left)
[758/1013] my5WiCI3jY4/my5WiCI3jY4_NA_493.833_510.033    offset +3  conf 8.14  (7763 s, ~44 min left)
[759/1013] my5WiCI3jY4/my5WiCI3jY4_NA_0.100_425.333      offset +3  conf 9.98  (7763 s, ~43 min left)
[760/1013] n1YlP-dY4pU/n1YlP-dY4pU_NA_135.026_140.707    offset -2  conf 8.90  (7778 s, ~43 min left)
[761/1013] n1YlP-dY4pU/n1YlP-dY4pU_NA_301.901_311.336    offset -2  conf 8.47  (7779 s, ~43 min left)
[762/1013] n2w-X-OnABI/n2w-X-OnABI_NA_1839.771_1861.793  offset -1  conf 6.12  (7800 s, ~43 min left)
[763/1013] n2w-X-OnABI/n2w-X-OnABI_NA_53.386_181.014     offset -1  conf 5.41  (7801 s, ~43 min left)
[764/1013] n3nU78_KK_g/n3nU78_KK_g_NA_125.300_130.766    offset +0  conf 7.27  (7813 s, ~42 min left)
[765/1013] n3nU78_KK_g/n3nU78_KK_g_NA_493.566_522.766    offset +0  conf 6.94  (7815 s, ~42 min left)
[766/1013] n58JPVZ-_IQ/n58JPVZ-_IQ_NA_51.451_73.373      offset +0  conf 7.53  (7865 s, ~42 min left)
[767/1013] n58JPVZ-_IQ/n58JPVZ-_IQ_NA_0.100_14.614       offset +0  conf 9.23  (7870 s, ~42 min left)
[768/1013] n5j5EW933Kw/n5j5EW933Kw_NA_1024.356_1042.908  offset +1  conf 4.14  (7871 s, ~42 min left)
[769/1013] n5j5EW933Kw/n5j5EW933Kw_NA_834.133_990.723    offset +1  conf 6.44  (7874 s, ~42 min left)
[770/1013] n843PvC2CkY/n843PvC2CkY_NA_718.317_812.795    offset -2  conf 7.23  (7906 s, ~42 min left)
[771/1013] n8bUf_tHibM/n8bUf_tHibM_NA_1068.860_1106.980  offset -2  conf 7.11  (7911 s, ~41 min left)
[772/1013] n6A8mZsS88I/n6A8mZsS88I_NA_732.398_742.274    offset -1  conf 6.89  (7924 s, ~41 min left)
[773/1013] n6A8mZsS88I/n6A8mZsS88I_NA_18.718_46.780      offset -1  conf 7.78  (7924 s, ~41 min left)
[774/1013] n8bUf_tHibM/n8bUf_tHibM_NA_933.540_945.860    offset -2  conf 6.89  (7936 s, ~41 min left)
[775/1013] n9bqmFFZpZ8/n9bqmFFZpZ8_NA_1000.633_1132.900  offset -1  conf 7.10  (7938 s, ~41 min left)
[776/1013] n9bqmFFZpZ8/n9bqmFFZpZ8_NA_968.033_979.266    offset -1  conf 6.78  (7956 s, ~40 min left)
[777/1013] nBMCZAz1lZo/nBMCZAz1lZo_NA_14.823_26.134      offset -1  conf 4.77  (7956 s, ~40 min left)
[778/1013] nCSx2BWGBNM/nCSx2BWGBNM_NA_131.998_138.038    offset +0  conf 1.55  (7967 s, ~40 min left)
[779/1013] nCSx2BWGBNM/nCSx2BWGBNM_NA_69.435_75.175      offset +0  conf 3.99  (7970 s, ~40 min left)
[780/1013] nDehfMnMNkU/nDehfMnMNkU_NA_29.662_177.610     offset +0  conf 8.91  (8025 s, ~40 min left)
[781/1013] nDehfMnMNkU/nDehfMnMNkU_NA_0.100_29.462       offset +0  conf 8.22  (8025 s, ~40 min left)
[782/1013] nFqWiaFeLT4/nFqWiaFeLT4_NA_71.466_77.100      offset +2  conf 3.95  (8026 s, ~40 min left)
[783/1013] nGpgiu-_uXM/nGpgiu-_uXM_NA_3.895_50.200       offset -2  conf 6.78  (8031 s, ~39 min left)
[784/1013] nK27UkeiHkE/nK27UkeiHkE_NA_0.100_53.800       offset -1  conf 5.01  (8062 s, ~39 min left)
[785/1013] nK27UkeiHkE/nK27UkeiHkE_NA_442.733_477.400    offset -1  conf 5.91  (8062 s, ~39 min left)
[786/1013] nL3v0kiQyVU/nL3v0kiQyVU_NA_414.096_419.819    offset -1  conf 7.01  (8063 s, ~39 min left)
[787/1013] nIPkCbYn85c/nIPkCbYn85c_NA_0.100_7.600        offset +2  conf 8.68  (8064 s, ~39 min left)
[788/1013] nOQUh6324dg/nOQUh6324dg_NA_1002.201_1007.873  offset +1  conf 6.28  (8095 s, ~39 min left)
[789/1013] nL3v0kiQyVU/nL3v0kiQyVU_NA_965.689_974.248    offset -1  conf 8.27  (8096 s, ~38 min left)
[790/1013] nN8nSCMRUHA/nN8nSCMRUHA_NA_1328.860_1342.241  offset -2  conf 9.18  (8118 s, ~38 min left)
[791/1013] nN8nSCMRUHA/nN8nSCMRUHA_NA_509.108_525.324    offset -2  conf 10.17  (8119 s, ~38 min left)
[792/1013] nQ0s-E0E8HQ/nQ0s-E0E8HQ_NA_111.978_117.817    offset +2  conf 6.72  (8124 s, ~38 min left)
[793/1013] nOQUh6324dg/nOQUh6324dg_NA_964.096_990.856    offset +2  conf 8.11  (8127 s, ~38 min left)
[794/1013] nQ0s-E0E8HQ/nQ0s-E0E8HQ_NA_243.443_250.617    offset +3  conf 5.63  (8150 s, ~37 min left)
[795/1013] nQXpw61FWz0/nQXpw61FWz0_NA_150.883_164.230    offset +0  conf 5.28  (8154 s, ~37 min left)
[796/1013] nQXpw61FWz0/nQXpw61FWz0_NA_642.842_660.092    offset -1  conf 6.05  (8156 s, ~37 min left)
[797/1013] nSEtzqoPl5w/nSEtzqoPl5w_NA_435.680_463.060    offset -1  conf 4.02  (8159 s, ~37 min left)
[798/1013] nTYJmUz1Cwg/nTYJmUz1Cwg_NA_183.983_280.100    offset +0  conf 3.86  (8181 s, ~37 min left)
[799/1013] nXS8wWFVEzw/nXS8wWFVEzw_NA_2068.132_2073.237  offset +15  conf 0.16  (8188 s, ~37 min left)
[800/1013] nTYJmUz1Cwg/nTYJmUz1Cwg_NA_81.150_183.783     offset +0  conf 4.80  (8189 s, ~36 min left)
[801/1013] nXS8wWFVEzw/nXS8wWFVEzw_NA_75.441_92.559      offset +0  conf 7.40  (8190 s, ~36 min left)
[802/1013] n_cS6S6bWX4/n_cS6S6bWX4_NA_390.490_395.837    offset -2  conf 6.83  (8205 s, ~36 min left)
[803/1013] n_cS6S6bWX4/n_cS6S6bWX4_NA_736.043_741.557    offset -3  conf 8.11  (8215 s, ~36 min left)
[804/1013] ncPBS-nBfRQ/ncPBS-nBfRQ_NA_89.200_118.933     offset +5  conf 7.50  (8222 s, ~36 min left)
[805/1013] ncPBS-nBfRQ/ncPBS-nBfRQ_NA_0.100_10.733       offset +5  conf 5.20  (8222 s, ~35 min left)
[806/1013] neBeBdh-Ru0/neBeBdh-Ru0_NA_236.233_259.400    offset +1  conf 3.95  (8234 s, ~35 min left)
[807/1013] njM3TLeiSCs/njM3TLeiSCs_NA_324.824_360.727    offset +0  conf 7.81  (8245 s, ~35 min left)
  [lse] could not parse run_syncnet.py output for clip.mp4:

2026-10-07 18:11:09,984 SyncNetInstance INFO: Using device: cuda
2026-10-07 18:11:10,547 __main__ INFO: Model data/syncnet_v2.model loaded.

[808/1013] nlpJEtWit58/nlpJEtWit58_NA_109.642_132.632    offset +nan  conf nan  (8249 s, ~35 min left)
[809/1013] njM3TLeiSCs/njM3TLeiSCs_NA_915.581_928.160    offset +0  conf 7.87  (8254 s, ~35 min left)
[810/1013] nsUNmJ6FlF8/nsUNmJ6FlF8_NA_388.863_396.587    offset -1  conf 5.70  (8262 s, ~35 min left)
[811/1013] nsUNmJ6FlF8/nsUNmJ6FlF8_NA_580.346_587.195    offset -1  conf 2.31  (8271 s, ~34 min left)
[812/1013] ntVbDoSKW78/ntVbDoSKW78_NA_196.100_204.633    offset +1  conf 6.55  (8280 s, ~34 min left)
[813/1013] ntVbDoSKW78/ntVbDoSKW78_NA_295.766_303.100    offset +0  conf 5.27  (8284 s, ~34 min left)
[814/1013] nxG2ic_sj_c/nxG2ic_sj_c_NA_439.413_660.851    offset -3  conf 6.44  (8289 s, ~34 min left)
[815/1013] nxG2ic_sj_c/nxG2ic_sj_c_NA_667.975_916.273    offset -2  conf 7.89  (8298 s, ~34 min left)
[816/1013] o01hM-Cwerw/o01hM-Cwerw_NA_29.254_37.187      offset +0  conf 6.03  (8307 s, ~33 min left)
[817/1013] o01hM-Cwerw/o01hM-Cwerw_NA_361.377_373.564    offset +0  conf 5.72  (8311 s, ~33 min left)
[818/1013] o1_0soK8A3Y/o1_0soK8A3Y_NA_139.606_152.435    offset -1  conf 5.59  (8316 s, ~33 min left)
[819/1013] o71jyYJGU50/o71jyYJGU50_NA_742.895_751.999    offset -1  conf 8.35  (8325 s, ~33 min left)
[820/1013] o71jyYJGU50/o71jyYJGU50_NA_93.604_166.286     offset +0  conf 5.75  (8336 s, ~33 min left)
[821/1013] oA4zzyyCx_4/oA4zzyyCx_4_NA_190.657_215.281    offset +0  conf 5.59  (8339 s, ~33 min left)
[822/1013] oA4zzyyCx_4/oA4zzyyCx_4_NA_740.456_779.295    offset +0  conf 6.54  (8343 s, ~32 min left)
[823/1013] oBwpTbH0mVI/oBwpTbH0mVI_NA_153.400_187.166    offset +4  conf 6.68  (8354 s, ~32 min left)
[824/1013] oBwpTbH0mVI/oBwpTbH0mVI_NA_447.300_461.733    offset +4  conf 5.82  (8363 s, ~32 min left)
[825/1013] oI57hE3B1mg/oI57hE3B1mg_NA_123.766_129.358    offset -1  conf 6.46  (8365 s, ~32 min left)
[826/1013] oI57hE3B1mg/oI57hE3B1mg_NA_69.141_76.816      offset -1  conf 6.28  (8367 s, ~32 min left)
[827/1013] oKsNJ3VyE_E/oKsNJ3VyE_E_NA_639.366_649.200    offset +0  conf 3.30  (8381 s, ~31 min left)
[828/1013] oKsNJ3VyE_E/oKsNJ3VyE_E_NA_98.533_105.050     offset +1  conf 2.44  (8391 s, ~31 min left)
[829/1013] oTRdH7yjEzg/oTRdH7yjEzg_NA_0.100_17.766       offset -1  conf 4.36  (8400 s, ~31 min left)
[830/1013] oTRdH7yjEzg/oTRdH7yjEzg_NA_891.766_914.233    offset +0  conf 2.45  (8401 s, ~31 min left)
[831/1013] oY2CnSWql_U/oY2CnSWql_U_NA_47.400_62.166      offset +0  conf 5.78  (8407 s, ~31 min left)
[832/1013] obrODrRcfOE/obrODrRcfOE_NA_128.394_133.500    offset +2  conf 4.25  (8415 s, ~31 min left)
[833/1013] obrODrRcfOE/obrODrRcfOE_NA_76.442_117.517     offset +2  conf 4.21  (8428 s, ~30 min left)
[834/1013] odLmhUyzuJI/odLmhUyzuJI_NA_596.696_635.576    offset -2  conf 6.70  (8430 s, ~30 min left)
[835/1013] ogj3U1xSsM0/ogj3U1xSsM0_NA_0.100_82.415       offset +3  conf 3.79  (8435 s, ~30 min left)
[836/1013] ok-HmfH3VKY/ok-HmfH3VKY_NA_0.100_200.800      offset +2  conf 7.91  (8442 s, ~30 min left)
[837/1013] ok-HmfH3VKY/ok-HmfH3VKY_NA_595.033_642.700    offset +3  conf 6.98  (8456 s, ~30 min left)
[838/1013] opcHQPQO57M/opcHQPQO57M_NA_0.100_12.060       offset +0  conf 5.71  (8461 s, ~29 min left)
[839/1013] opcHQPQO57M/opcHQPQO57M_NA_423.180_438.980    offset +0  conf 8.13  (8464 s, ~29 min left)
[840/1013] ow6ks4KDfQU/ow6ks4KDfQU_NA_469.200_478.066    offset +1  conf 6.89  (8472 s, ~29 min left)
[841/1013] oyZpdDv7JEI/oyZpdDv7JEI_NA_1082.300_1098.066  offset +1  conf 6.78  (8485 s, ~29 min left)
[842/1013] oyZpdDv7JEI/oyZpdDv7JEI_NA_906.566_912.433    offset +1  conf 7.35  (8489 s, ~29 min left)
[843/1013] p-rfPlW1DiQ/p-rfPlW1DiQ_NA_204.100_215.900    offset +2  conf 5.67  (8494 s, ~29 min left)
[844/1013] p-rfPlW1DiQ/p-rfPlW1DiQ_NA_228.133_238.033    offset +1  conf 4.56  (8498 s, ~28 min left)
[845/1013] p5KRuLQlnuU/p5KRuLQlnuU_NA_1040.372_1050.549  offset +2  conf 8.11  (8514 s, ~28 min left)
[846/1013] p5KRuLQlnuU/p5KRuLQlnuU_NA_954.319_959.859    offset +1  conf 8.10  (8515 s, ~28 min left)
[847/1013] p8CBvLzqvPE/p8CBvLzqvPE_NA_112.212_122.689    offset +1  conf 5.48  (8520 s, ~28 min left)
[848/1013] p8CBvLzqvPE/p8CBvLzqvPE_NA_96.196_106.706     offset +1  conf 5.83  (8525 s, ~28 min left)
[849/1013] pB_myB7vov0/pB_myB7vov0_NA_866.598_873.806    offset +0  conf 8.09  (8542 s, ~28 min left)
[850/1013] pB_myB7vov0/pB_myB7vov0_NA_874.606_884.500    offset +0  conf 7.40  (8546 s, ~27 min left)
[851/1013] pCmz7slTw84/pCmz7slTw84_NA_5.133_68.333       offset +1  conf 6.04  (8549 s, ~27 min left)
[852/1013] pEdQmUeRoK8/pEdQmUeRoK8_NA_140.340_149.032    offset -14  conf 0.17  (8552 s, ~27 min left)
[853/1013] pEdQmUeRoK8/pEdQmUeRoK8_NA_718.968_731.564    offset +1  conf 8.45  (8576 s, ~27 min left)
[854/1013] pGSxI_2RnTY/pGSxI_2RnTY_NA_565.456_572.180    offset +0  conf 8.34  (8576 s, ~27 min left)
[855/1013] pIwMXvOf4ck/pIwMXvOf4ck_NA_0.100_25.766       offset +1  conf 6.85  (8584 s, ~26 min left)
[856/1013] pIwMXvOf4ck/pIwMXvOf4ck_NA_92.566_110.366     offset +2  conf 7.91  (8584 s, ~26 min left)
[857/1013] pKimBAKQbzY/pKimBAKQbzY_NA_308.633_376.833    offset +3  conf 3.24  (8607 s, ~26 min left)
[858/1013] pKimBAKQbzY/pKimBAKQbzY_NA_139.933_166.733    offset +2  conf 5.75  (8608 s, ~26 min left)
[859/1013] pR5-f7ssprc/pR5-f7ssprc_NA_1404.628_1411.685  offset +0  conf 8.49  (8616 s, ~26 min left)
[860/1013] pUUXk6VVEDA/pUUXk6VVEDA_NA_259.660_268.260    offset -1  conf 6.81  (8616 s, ~26 min left)
[861/1013] pZiu3gHb-eA/pZiu3gHb-eA_NA_1308.140_1314.413  offset -1  conf 10.11  (8635 s, ~25 min left)
[862/1013] pZiu3gHb-eA/pZiu3gHb-eA_NA_1558.623_1567.666  offset -1  conf 7.84  (8638 s, ~25 min left)
[863/1013] pfIMcyA-q3w/pfIMcyA-q3w_NA_500.500_550.766    offset +2  conf 4.89  (8646 s, ~25 min left)
[864/1013] pnFlenBUYDA/pnFlenBUYDA_NA_28.860_51.500      offset -2  conf 6.62  (8649 s, ~25 min left)
[865/1013] pnFlenBUYDA/pnFlenBUYDA_NA_75.580_93.740      offset -2  conf 6.13  (8662 s, ~25 min left)
[866/1013] pxpxhU1s-Yc/pxpxhU1s-Yc_NA_116.616_131.131    offset +3  conf 6.64  (8668 s, ~25 min left)
[867/1013] pxpxhU1s-Yc/pxpxhU1s-Yc_NA_90.056_98.198      offset +3  conf 6.43  (8681 s, ~24 min left)
[868/1013] q1x7uxrIOnY/q1x7uxrIOnY_NA_1103.220_1110.020  offset -1  conf 7.41  (8681 s, ~24 min left)
[869/1013] q1x7uxrIOnY/q1x7uxrIOnY_NA_874.580_885.760    offset -1  conf 6.74  (8688 s, ~24 min left)
[870/1013] qJja1h-kNiI/qJja1h-kNiI_NA_177.210_228.328    offset -1  conf 5.87  (8698 s, ~24 min left)
  [lse] could not parse run_syncnet.py output for clip.mp4:

2026-10-07 18:18:50,745 SyncNetInstance INFO: Using device: cuda
2026-10-07 18:18:51,392 __main__ INFO: Model data/syncnet_v2.model loaded.

[871/1013] qSWL5Mn-iUE/qSWL5Mn-iUE_NA_0.100_64.000       offset +nan  conf nan  (8710 s, ~24 min left)
[872/1013] qJja1h-kNiI/qJja1h-kNiI_NA_520.786_577.877    offset -1  conf 5.70  (8713 s, ~23 min left)
[873/1013] qmjKIaHGHCQ/qmjKIaHGHCQ_NA_92.966_99.466      offset +1  conf 9.01  (8724 s, ~23 min left)
[874/1013] qk_WA-yeu2Q/qk_WA-yeu2Q_NA_0.100_6.933        offset +3  conf 8.64  (8731 s, ~23 min left)
[875/1013] qpZIhgLDYwA/qpZIhgLDYwA_NA_199.180_214.660    offset -4  conf 7.18  (8740 s, ~23 min left)
[876/1013] qpZIhgLDYwA/qpZIhgLDYwA_NA_793.460_799.980    offset -4  conf 7.06  (8742 s, ~23 min left)
[877/1013] qqx4G3YcMz0/qqx4G3YcMz0_NA_103.340_120.460    offset -1  conf 5.25  (8756 s, ~23 min left)
[878/1013] quJEC6crObo/quJEC6crObo_NA_123.100_137.820    offset -2  conf 7.78  (8771 s, ~22 min left)
[879/1013] quJEC6crObo/quJEC6crObo_NA_393.900_403.820    offset -2  conf 8.78  (8774 s, ~22 min left)
[880/1013] quiSe7lB9Es/quiSe7lB9Es_NA_166.500_358.840    offset -2  conf 7.23  (8792 s, ~22 min left)
[881/1013] qse_dktQIQk/qse_dktQIQk_NA_596.829_603.569    offset +1  conf 4.48  (8797 s, ~22 min left)
[882/1013] quiSe7lB9Es/quiSe7lB9Es_NA_473.520_482.600    offset -2  conf 7.03  (8818 s, ~22 min left)
[883/1013] qzawsRCwvj8/qzawsRCwvj8_NA_409.033_418.400    offset +2  conf 6.99  (8836 s, ~22 min left)
[884/1013] qzawsRCwvj8/qzawsRCwvj8_NA_99.033_107.333     offset +0  conf 7.37  (8851 s, ~22 min left)
[885/1013] r0gmshtY7jw/r0gmshtY7jw_NA_1235.600_1329.261  offset +0  conf 6.63  (8866 s, ~21 min left)
[886/1013] r0qzR4xIHWg/r0qzR4xIHWg_NA_0.100_14.766       offset +2  conf 5.79  (8880 s, ~21 min left)
[887/1013] qwH7JtgKWGQ/qwH7JtgKWGQ_NA_938.360_1016.360   offset +0  conf 8.76  (8888 s, ~21 min left)
[888/1013] r0qzR4xIHWg/r0qzR4xIHWg_NA_89.966_192.466     offset +1  conf 5.81  (8894 s, ~21 min left)
[889/1013] qwH7JtgKWGQ/qwH7JtgKWGQ_NA_152.120_168.520    offset +0  conf 7.86  (8894 s, ~21 min left)
[890/1013] r297MmAo_ao/r297MmAo_ao_NA_135.660_148.020    offset +0  conf 2.98  (8907 s, ~21 min left)
[891/1013] r297MmAo_ao/r297MmAo_ao_NA_787.000_792.660    offset -1  conf 2.45  (8913 s, ~20 min left)
[892/1013] r30c_zuwV4o/r30c_zuwV4o_NA_608.233_619.066    offset +2  conf 6.32  (8925 s, ~20 min left)
[893/1013] r30c_zuwV4o/r30c_zuwV4o_NA_670.133_705.900    offset +2  conf 6.58  (8925 s, ~20 min left)
[894/1013] r4yWUakcKtI/r4yWUakcKtI_NA_262.333_286.600    offset -1  conf 8.32  (8939 s, ~20 min left)
[895/1013] r4yWUakcKtI/r4yWUakcKtI_NA_394.600_402.133    offset -1  conf 6.39  (8946 s, ~20 min left)
[896/1013] r7nPyhtV1jY/r7nPyhtV1jY_NA_3.550_9.100        offset -2  conf 5.70  (8967 s, ~20 min left)
[897/1013] rBgAShUFO4c/rBgAShUFO4c_NA_138.566_147.800    offset +1  conf 3.83  (8977 s, ~19 min left)
[898/1013] r6YuK4yNp5c/r6YuK4yNp5c_NA_716.215_723.823    offset -1  conf 9.13  (8987 s, ~19 min left)
[899/1013] r6YuK4yNp5c/r6YuK4yNp5c_NA_201.868_224.157    offset -1  conf 7.56  (8987 s, ~19 min left)
[900/1013] rChiXM8Dxq4/rChiXM8Dxq4_NA_1055.420_1067.066  offset +0  conf 6.78  (8994 s, ~19 min left)
[901/1013] rChiXM8Dxq4/rChiXM8Dxq4_NA_953.986_1055.220   offset +0  conf 7.36  (9006 s, ~19 min left)
[902/1013] rEQTvJGemww/rEQTvJGemww_NA_707.400_1019.900   offset -3  conf 5.80  (9022 s, ~19 min left)
[903/1013] rEQTvJGemww/rEQTvJGemww_NA_212.633_244.700    offset -3  conf 8.12  (9024 s, ~18 min left)
[904/1013] rFGHEg7-6HQ/rFGHEg7-6HQ_NA_419.620_426.140    offset -2  conf 7.44  (9028 s, ~18 min left)
[905/1013] rIF5Y5WSWT4/rIF5Y5WSWT4_NA_150.633_160.600    offset +0  conf 6.37  (9033 s, ~18 min left)
[906/1013] rIF5Y5WSWT4/rIF5Y5WSWT4_NA_66.933_76.533      offset +0  conf 6.43  (9048 s, ~18 min left)
[907/1013] rOYHF1HSr2U/rOYHF1HSr2U_NA_280.980_339.372    offset -1  conf 6.29  (9055 s, ~18 min left)
[908/1013] rQOacDpRK6M/rQOacDpRK6M_NA_1045.777_1055.304  offset +0  conf 6.14  (9059 s, ~17 min left)
[909/1013] rQOacDpRK6M/rQOacDpRK6M_NA_975.941_983.983    offset +1  conf 7.37  (9062 s, ~17 min left)
[910/1013] rTU3kQwNUG8/rTU3kQwNUG8_NA_1085.683_1098.900  offset -1  conf 7.08  (9076 s, ~17 min left)
[911/1013] rTU3kQwNUG8/rTU3kQwNUG8_NA_996.683_1005.233   offset -1  conf 7.17  (9081 s, ~17 min left)
[912/1013] rVTdv57T3ac/rVTdv57T3ac_NA_333.332_379.946    offset +3  conf 3.30  (9085 s, ~17 min left)
[913/1013] rZnEkEV81LM/rZnEkEV81LM_NA_133.633_144.966    offset -1  conf 8.32  (9090 s, ~17 min left)
[914/1013] rZnEkEV81LM/rZnEkEV81LM_NA_98.500_103.633     offset -1  conf 6.44  (9100 s, ~16 min left)
[915/1013] rawKo-T_btA/rawKo-T_btA_NA_138.966_150.433    offset +1  conf 8.15  (9107 s, ~16 min left)
[916/1013] rawKo-T_btA/rawKo-T_btA_NA_9.366_18.100       offset +0  conf 8.09  (9112 s, ~16 min left)
[917/1013] rdzucqJsgIU/rdzucqJsgIU_NA_143.066_148.666    offset +1  conf 7.10  (9114 s, ~16 min left)
[918/1013] rgMYzBD1QSk/rgMYzBD1QSk_NA_90.166_95.900      offset +2  conf 3.71  (9126 s, ~16 min left)
[919/1013] rhU13A1zRys/rhU13A1zRys_NA_132.732_149.349    offset +0  conf 9.36  (9134 s, ~16 min left)
[920/1013] rhU13A1zRys/rhU13A1zRys_NA_71.971_81.147      offset +1  conf 7.36  (9139 s, ~15 min left)
[921/1013] rjQudFmjgaU/rjQudFmjgaU_NA_0.100_25.325       offset +1  conf 6.21  (9143 s, ~15 min left)
[922/1013] rjQudFmjgaU/rjQudFmjgaU_NA_512.311_528.294    offset +2  conf 6.55  (9154 s, ~15 min left)
[923/1013] rlGzlZhjvIY/rlGzlZhjvIY_NA_144.933_167.233    offset +0  conf 8.50  (9159 s, ~15 min left)
[924/1013] rlGzlZhjvIY/rlGzlZhjvIY_NA_7.933_14.266       offset +0  conf 4.03  (9164 s, ~15 min left)
[925/1013] rnboPqGqdqo/rnboPqGqdqo_NA_267.533_535.633    offset -1  conf 3.65  (9168 s, ~15 min left)
[926/1013] rnboPqGqdqo/rnboPqGqdqo_NA_578.800_596.633    offset -2  conf 3.11  (9179 s, ~14 min left)
[927/1013] rpHDeLcLrRI/rpHDeLcLrRI_NA_257.320_262.800    offset -1  conf 8.96  (9185 s, ~14 min left)
[928/1013] rpHDeLcLrRI/rpHDeLcLrRI_NA_710.680_716.400    offset -1  conf 9.75  (9189 s, ~14 min left)
[929/1013] rrHHwDHkR_A/rrHHwDHkR_A_NA_82.500_410.733     offset +1  conf 6.18  (9195 s, ~14 min left)
[930/1013] rsnnarpolBs/rsnnarpolBs_NA_145.660_173.700    offset -3  conf 5.69  (9206 s, ~14 min left)
[931/1013] rsnnarpolBs/rsnnarpolBs_NA_92.460_99.860      offset -3  conf 6.52  (9211 s, ~14 min left)
[932/1013] rvmUEnwBUZc/rvmUEnwBUZc_NA_40.866_49.133      offset -2  conf 6.06  (9218 s, ~13 min left)
[933/1013] rxegtxVIxhc/rxegtxVIxhc_NA_160.200_217.833    offset +0  conf 5.74  (9224 s, ~13 min left)
[934/1013] rxegtxVIxhc/rxegtxVIxhc_NA_234.333_256.333    offset -2  conf 5.65  (9234 s, ~13 min left)
[935/1013] rzgNt-exrTc/rzgNt-exrTc_NA_194.827_202.102    offset +2  conf 8.93  (9238 s, ~13 min left)
[936/1013] rzgNt-exrTc/rzgNt-exrTc_NA_67.367_84.985      offset +2  conf 7.10  (9246 s, ~13 min left)
[937/1013] s1IpF6BUa08/s1IpF6BUa08_NA_0.100_5.166        offset -1  conf 1.94  (9249 s, ~13 min left)
[938/1013] s1IpF6BUa08/s1IpF6BUa08_NA_90.966_102.066     offset -1  conf 3.42  (9260 s, ~12 min left)
[939/1013] s5qNQefwo7o/s5qNQefwo7o_NA_1304.933_1312.300  offset +0  conf 6.27  (9266 s, ~12 min left)
[940/1013] sEOy0Fl9TrI/sEOy0Fl9TrI_NA_611.540_618.500    offset -1  conf 6.00  (9275 s, ~12 min left)
[941/1013] sY3MrjRSv4M/sY3MrjRSv4M_NA_1591.322_1597.496  offset +1  conf 6.18  (9277 s, ~12 min left)
[942/1013] sY3MrjRSv4M/sY3MrjRSv4M_NA_1686.684_1692.691  offset +2  conf 4.39  (9287 s, ~12 min left)
[943/1013] snARX7eNmD8/snARX7eNmD8_NA_1101.140_1119.460  offset -1  conf 7.10  (9292 s, ~11 min left)
[944/1013] snARX7eNmD8/snARX7eNmD8_NA_807.140_827.660    offset -1  conf 7.21  (9304 s, ~11 min left)
[945/1013] suPHHnIGOnA/suPHHnIGOnA_NA_198.740_216.340    offset -1  conf 7.40  (9307 s, ~11 min left)
[946/1013] suPHHnIGOnA/suPHHnIGOnA_NA_743.980_760.540    offset -1  conf 3.23  (9315 s, ~11 min left)
[947/1013] suwwpoQVm0Q/suwwpoQVm0Q_NA_1.500_11.733       offset -2  conf 6.17  (9320 s, ~11 min left)
[948/1013] suwwpoQVm0Q/suwwpoQVm0Q_NA_43.033_71.333      offset -2  conf 4.90  (9332 s, ~11 min left)
[949/1013] sx2ghcP61qk/sx2ghcP61qk_NA_166.480_174.240    offset -2  conf 6.31  (9335 s, ~10 min left)
[950/1013] t-TVZ_NSono/t-TVZ_NSono_NA_33.833_63.700      offset +1  conf 6.62  (9344 s, ~10 min left)
[951/1013] t-TVZ_NSono/t-TVZ_NSono_NA_82.466_92.366      offset +1  conf 6.48  (9348 s, ~10 min left)
[952/1013] t1StC1Bu3-0/t1StC1Bu3-0_NA_134.933_149.600    offset -1  conf 4.33  (9360 s, ~10 min left)
[953/1013] t1StC1Bu3-0/t1StC1Bu3-0_NA_441.100_447.633    offset -2  conf 6.70  (9361 s, ~10 min left)
[954/1013] t289gTlIdZc/t289gTlIdZc_NA_212.770_220.829    offset +0  conf 3.97  (9371 s, ~10 min left)
[955/1013] t2gKCDdbKRY/t2gKCDdbKRY_NA_416.749_475.808    offset +0  conf 8.24  (9376 s, ~9 min left)
[956/1013] t37pYYKekuY/t37pYYKekuY_NA_1149.100_1154.620  offset +0  conf 6.58  (9386 s, ~9 min left)
[957/1013] t37pYYKekuY/t37pYYKekuY_NA_437.180_452.140    offset +0  conf 2.61  (9390 s, ~9 min left)
[958/1013] t5VjVWEDPT8/t5VjVWEDPT8_NA_141.060_150.660    offset -1  conf 5.45  (9398 s, ~9 min left)
[959/1013] t5VjVWEDPT8/t5VjVWEDPT8_NA_73.260_83.540      offset -1  conf 6.19  (9401 s, ~9 min left)
[960/1013] t8XkGix5pzg/t8XkGix5pzg_NA_38.100_54.940      offset -2  conf 9.02  (9415 s, ~9 min left)
[961/1013] t8XkGix5pzg/t8XkGix5pzg_NA_59.940_95.140      offset -2  conf 8.65  (9419 s, ~8 min left)
[962/1013] tEh6nC-iLiM/tEh6nC-iLiM_NA_243.876_287.887    offset +0  conf 9.87  (9436 s, ~8 min left)
[963/1013] tEh6nC-iLiM/tEh6nC-iLiM_NA_815.514_906.639    offset +0  conf 6.65  (9437 s, ~8 min left)
[964/1013] tnZpBQQv3dg/tnZpBQQv3dg_NA_189.497_195.345    offset -2  conf 7.96  (9464 s, ~8 min left)
[965/1013] tnZpBQQv3dg/tnZpBQQv3dg_NA_89.189_99.082      offset -2  conf 7.91  (9471 s, ~8 min left)
[966/1013] tXsDWbg2XU8/tXsDWbg2XU8_NA_110.380_125.340    offset -1  conf 9.35  (9471 s, ~8 min left)
[967/1013] tXsDWbg2XU8/tXsDWbg2XU8_NA_94.260_105.860     offset -1  conf 9.95  (9471 s, ~8 min left)
[968/1013] u7gRnJa6ids/u7gRnJa6ids_NA_1305.937_1313.745  offset +0  conf 4.39  (9491 s, ~7 min left)
[969/1013] uX1tqvIxq8c/uX1tqvIxq8c_NA_235.733_241.066    offset +0  conf 6.81  (9499 s, ~7 min left)
[970/1013] uX1tqvIxq8c/uX1tqvIxq8c_NA_88.000_94.533      offset +0  conf 5.50  (9499 s, ~7 min left)
[971/1013] u7gRnJa6ids/u7gRnJa6ids_NA_751.400_764.063    offset +1  conf 7.96  (9504 s, ~7 min left)
[972/1013] uuMc7nySlQY/uuMc7nySlQY_NA_1116.866_1125.800  offset +1  conf 4.69  (9522 s, ~7 min left)
[973/1013] uuMc7nySlQY/uuMc7nySlQY_NA_89.366_112.800     offset +2  conf 6.34  (9534 s, ~7 min left)
[974/1013] vYVS_zxntSE/vYVS_zxntSE_NA_0.100_10.733       offset +2  conf 6.05  (9534 s, ~6 min left)
[975/1013] vYVS_zxntSE/vYVS_zxntSE_NA_79.600_101.900     offset +2  conf 5.89  (9535 s, ~6 min left)
[976/1013] wwdZVh1u_4M/wwdZVh1u_4M_NA_17.133_22.633      offset +1  conf 7.45  (9566 s, ~6 min left)
[977/1013] wZ3TcnWosRs/wZ3TcnWosRs_NA_1061.293_1094.493  offset +1  conf 8.87  (9567 s, ~6 min left)
[978/1013] vwnGGpvQFnE/vwnGGpvQFnE_NA_105.766_114.233    offset -1  conf 9.70  (9574 s, ~6 min left)
[979/1013] vwnGGpvQFnE/vwnGGpvQFnE_NA_92.891_100.316     offset -1  conf 9.81  (9579 s, ~6 min left)
[980/1013] wwdZVh1u_4M/wwdZVh1u_4M_NA_9.733_16.933       offset +1  conf 6.21  (9594 s, ~5 min left)
[981/1013] xYwJwBiYHCo/xYwJwBiYHCo_NA_205.033_392.500    offset +1  conf 7.79  (9596 s, ~5 min left)
[982/1013] xYwJwBiYHCo/xYwJwBiYHCo_NA_7.266_189.366      offset +2  conf 6.09  (9603 s, ~5 min left)
[983/1013] y1Ti82ZY26Q/y1Ti82ZY26Q_NA_0.100_15.400       offset +1  conf 8.79  (9609 s, ~5 min left)
[984/1013] y1Ti82ZY26Q/y1Ti82ZY26Q_NA_920.433_1031.800   offset +2  conf 8.15  (9629 s, ~5 min left)
[985/1013] yFT0_nRYbKg/yFT0_nRYbKg_NA_135.433_478.983    offset -1  conf 4.85  (9642 s, ~5 min left)
[986/1013] yK8ZxpeVwX8/yK8ZxpeVwX8_NA_240.506_269.969    offset -1  conf 4.44  (9656 s, ~4 min left)
[987/1013] yMIu5pwbayA/yMIu5pwbayA_NA_1077.300_1124.620  offset -1  conf 7.21  (9663 s, ~4 min left)
[988/1013] yMIu5pwbayA/yMIu5pwbayA_NA_989.820_1010.020   offset -1  conf 7.79  (9677 s, ~4 min left)
[989/1013] yON-RkcOeuk/yON-RkcOeuk_NA_370.102_377.210    offset -15  conf 0.67  (9687 s, ~4 min left)
[990/1013] ySEXdq9evnw/ySEXdq9evnw_NA_0.767_6.197        offset -2  conf 7.53  (9704 s, ~4 min left)
[991/1013] yON-RkcOeuk/yON-RkcOeuk_NA_752.718_772.505    offset -4  conf 4.99  (9711 s, ~4 min left)
[992/1013] ySEXdq9evnw/ySEXdq9evnw_NA_9.442_25.300       offset -1  conf 6.71  (9726 s, ~3 min left)
[993/1013] yVU2q0R-iZM/yVU2q0R-iZM_NA_205.805_233.399    offset -1  conf 7.38  (9743 s, ~3 min left)
[994/1013] yXCMU72z0Ms/yXCMU72z0Ms_NA_939.340_949.060    offset -2  conf 6.82  (9767 s, ~3 min left)
[995/1013] yXCMU72z0Ms/yXCMU72z0Ms_NA_1173.420_1181.980  offset +2  conf 8.44  (9768 s, ~3 min left)
[996/1013] ybf7reEgsD8/ybf7reEgsD8_NA_17.633_40.933      offset +2  conf 5.57  (9821 s, ~3 min left)
[997/1013] yebCfOeW5UM/yebCfOeW5UM_NA_0.100_63.900       offset -1  conf 6.11  (9830 s, ~3 min left)
[998/1013] y_vKJiw6a5g/y_vKJiw6a5g_NA_299.641_306.525    offset +1  conf 8.38  (9832 s, ~2 min left)
[999/1013] y_vKJiw6a5g/y_vKJiw6a5g_NA_53.308_60.316      offset +1  conf 9.15  (9844 s, ~2 min left)
[1000/1013] yebCfOeW5UM/yebCfOeW5UM_NA_995.100_1009.340   offset -1  conf 6.87  (9875 s, ~2 min left)
[1001/1013] yitjyy4CTRE/yitjyy4CTRE_NA_1256.800_1271.233  offset -1  conf 7.10  (9897 s, ~2 min left)
[1002/1013] yhwqy_cN3ak/yhwqy_cN3ak_NA_222.666_239.733    offset +1  conf 9.67  (9897 s, ~2 min left)
[1003/1013] yitjyy4CTRE/yitjyy4CTRE_NA_779.933_876.633    offset -1  conf 8.69  (9906 s, ~2 min left)
[1004/1013] yjYKVCdApFY/yjYKVCdApFY_NA_144.683_151.950    offset +6  conf 8.37  (9922 s, ~1 min left)
[1005/1013] yjYKVCdApFY/yjYKVCdApFY_NA_429.383_435.066    offset -1  conf 9.53  (9942 s, ~1 min left)
[1006/1013] ymKI3pBzndc/ymKI3pBzndc_NA_367.016_377.994    offset +3  conf 6.62  (9962 s, ~1 min left)
[1007/1013] yom7TZY27w8/yom7TZY27w8_NA_18.184_32.666      offset -1  conf 7.60  (9967 s, ~1 min left)
[1008/1013] yom7TZY27w8/yom7TZY27w8_NA_680.329_686.252    offset -1  conf 7.86  (9968 s, ~1 min left)
[1009/1013] yqdpundRYhM/yqdpundRYhM_NA_361.083_366.716    offset +1  conf 6.94  (9986 s, ~1 min left)
[1010/1013] yw-UoxiSGYE/yw-UoxiSGYE_NA_356.355_372.088    offset +0  conf 7.17  (9998 s, ~0 min left)
[1011/1013] ysyhHnrqxvg/ysyhHnrqxvg_NA_192.933_199.366    offset +2  conf 5.28  (10004 s, ~0 min left)
[1012/1013] ysyhHnrqxvg/ysyhHnrqxvg_NA_64.633_80.433      offset +1  conf 6.93  (10008 s, ~0 min left)
[1013/1013] yw-UoxiSGYE/yw-UoxiSGYE_NA_67.534_80.263      offset +0  conf 7.68  (10011 s, ~0 min left)
shard 1 done in 10011 s
