[job] 176698 on gpu06 | gpu: NVIDIA A100-PCIE-40GB | cpus: 8 | env: avcodec | commit: 43e114a | 2026-10-07 15:53:08
[job] python -u scripts/sync_offsets.py --nshards 3
shard 0/3: 575 videos, 1035 clips to measure (0 already done), 4 workers, 8 s each -> /beegfs/work/achakraborti/SANG/cache/motion_lp/sync/offsets_000.jsonl
[1/1035] -04ZSRBGcsk/-04ZSRBGcsk_NA_1150.624_1155.846  offset +4  conf 0.53  (54 s, ~937 min left)
[2/1035] -1SmUivH9dQ/-1SmUivH9dQ_NA_0.100_22.756       offset -1  conf 6.47  (67 s, ~578 min left)
[3/1035] -04ZSRBGcsk/-04ZSRBGcsk_NA_451.968_462.236    offset -1  conf 5.13  (70 s, ~404 min left)
[4/1035] -1SmUivH9dQ/-1SmUivH9dQ_NA_89.789_97.430      offset -1  conf 6.94  (74 s, ~319 min left)
[5/1035] -1zlw01RqCE/-1zlw01RqCE_NA_0.100_89.322       offset -2  conf 6.49  (114 s, ~392 min left)
[6/1035] -1zlw01RqCE/-1zlw01RqCE_NA_90.773_101.167     offset -2  conf 6.18  (126 s, ~361 min left)
[7/1035] -33Tyhb_ehs/-33Tyhb_ehs_NA_214.980_231.940    offset -1  conf 6.56  (134 s, ~327 min left)
[8/1035] -33Tyhb_ehs/-33Tyhb_ehs_NA_462.460_475.620    offset -1  conf 4.49  (134 s, ~287 min left)
[9/1035] -7-QSTo2RP0/-7-QSTo2RP0_NA_1.066_12.233       offset -2  conf 4.12  (157 s, ~298 min left)
[10/1035] -9Hi74uX18s/-9Hi74uX18s_NA_1058.420_1090.380  offset +0  conf 5.79  (167 s, ~286 min left)
[11/1035] -9Hi74uX18s/-9Hi74uX18s_NA_849.060_913.100    offset +0  conf 4.28  (167 s, ~259 min left)
[12/1035] -7-QSTo2RP0/-7-QSTo2RP0_NA_493.333_503.033    offset -2  conf 4.46  (176 s, ~250 min left)
[13/1035] -AdXIC44b7Q/-AdXIC44b7Q_NA_126.726_134.501    offset +0  conf 5.32  (189 s, ~248 min left)
[14/1035] -AdXIC44b7Q/-AdXIC44b7Q_NA_885.985_894.894    offset +0  conf 5.37  (199 s, ~242 min left)
[15/1035] -Bep-X54oNA/-Bep-X54oNA_NA_130.260_200.820    offset +0  conf 2.22  (222 s, ~252 min left)
[16/1035] -Bep-X54oNA/-Bep-X54oNA_NA_599.540_690.660    offset +0  conf 5.16  (233 s, ~248 min left)
[17/1035] -CefJyqG-nY/-CefJyqG-nY_NA_110.141_145.025    offset -2  conf 5.97  (243 s, ~243 min left)
[18/1035] -CefJyqG-nY/-CefJyqG-nY_NA_84.975_104.983     offset -2  conf 7.11  (253 s, ~238 min left)
[19/1035] -DYwibSHwbw/-DYwibSHwbw_NA_532.883_539.466    offset +3  conf 5.31  (267 s, ~238 min left)
[20/1035] -EAwZ2l1674/-EAwZ2l1674_NA_1017.533_1023.100  offset +1  conf 7.35  (278 s, ~236 min left)
[21/1035] -EAwZ2l1674/-EAwZ2l1674_NA_938.600_944.700    offset +1  conf 7.61  (286 s, ~230 min left)
[22/1035] -GdFo0klOMc/-GdFo0klOMc_NA_105.838_138.371    offset +1  conf 8.03  (300 s, ~230 min left)
[23/1035] -Je0pbfgpJQ/-Je0pbfgpJQ_NA_584.933_607.691    offset -1  conf 5.14  (306 s, ~225 min left)
[24/1035] -Je0pbfgpJQ/-Je0pbfgpJQ_NA_652.266_664.150    offset -1  conf 6.55  (314 s, ~220 min left)
[25/1035] -GdFo0klOMc/-GdFo0klOMc_NA_298.197_320.286    offset +1  conf 7.54  (319 s, ~215 min left)
[26/1035] -LI1fnPcAdU/-LI1fnPcAdU_NA_1098.066_1112.466  offset +1  conf 0.75  (326 s, ~211 min left)
[27/1035] -MXl1AjooOg/-MXl1AjooOg_NA_29.900_55.500      offset -3  conf 8.99  (333 s, ~207 min left)
[28/1035] -NrDtTXcaDY/-NrDtTXcaDY_NA_0.100_29.520       offset -1  conf 8.13  (341 s, ~204 min left)
[29/1035] -NrDtTXcaDY/-NrDtTXcaDY_NA_75.460_101.280     offset -1  conf 6.67  (345 s, ~199 min left)
[30/1035] -PBB2phaQKc/-PBB2phaQKc_NA_0.100_1630.866     offset -1  conf 7.91  (351 s, ~196 min left)
[31/1035] -PBB2phaQKc/-PBB2phaQKc_NA_1679.033_2629.033  offset +0  conf 7.47  (358 s, ~193 min left)
[32/1035] -PcOJVSj5xs/-PcOJVSj5xs_NA_10.043_20.520      offset +0  conf 8.71  (366 s, ~191 min left)
[33/1035] -PcOJVSj5xs/-PcOJVSj5xs_NA_69.569_119.853     offset +0  conf 6.97  (371 s, ~188 min left)
[34/1035] -RH5RNXcLMY/-RH5RNXcLMY_NA_12.403_24.632      offset -3  conf 7.79  (377 s, ~185 min left)
[35/1035] -SlmFx5UB5Q/-SlmFx5UB5Q_NA_1047.300_1072.540  offset -1  conf 7.80  (386 s, ~184 min left)
[36/1035] -SlmFx5UB5Q/-SlmFx5UB5Q_NA_678.260_686.540    offset -1  conf 9.14  (393 s, ~182 min left)
[37/1035] -Wag2p4ipeU/-Wag2p4ipeU_NA_1015.280_1021.453  offset +1  conf 5.86  (397 s, ~178 min left)
[38/1035] -Wag2p4ipeU/-Wag2p4ipeU_NA_996.078_1010.209   offset +1  conf 5.31  (405 s, ~177 min left)
[39/1035] -XcxSUxZe_E/-XcxSUxZe_E_NA_1001.333_1008.674  offset +0  conf 5.55  (412 s, ~175 min left)
[40/1035] -XcxSUxZe_E/-XcxSUxZe_E_NA_990.923_1001.133   offset +0  conf 5.39  (423 s, ~175 min left)
[41/1035] -Z0025zImIs/-Z0025zImIs_NA_132.733_232.800    offset +3  conf 6.77  (425 s, ~172 min left)
[42/1035] -Z0025zImIs/-Z0025zImIs_NA_517.300_626.700    offset +3  conf 7.32  (430 s, ~170 min left)
[43/1035] -bPIo-jrwjg/-bPIo-jrwjg_NA_683.182_815.614    offset +1  conf 7.31  (438 s, ~168 min left)
[44/1035] -cPUv5zCggA/-cPUv5zCggA_NA_0.100_315.800      offset +0  conf 7.38  (455 s, ~171 min left)
[45/1035] -bPIo-jrwjg/-bPIo-jrwjg_NA_972.504_982.748    offset +0  conf 4.68  (455 s, ~167 min left)
[46/1035] -cPUv5zCggA/-cPUv5zCggA_NA_316.000_396.000    offset +0  conf 6.83  (458 s, ~164 min left)
[47/1035] -cdSCBSTICw/-cdSCBSTICw_NA_0.100_6.056        offset +2  conf 8.77  (463 s, ~162 min left)
[48/1035] -eQz7zOB4jQ/-eQz7zOB4jQ_NA_98.031_118.893     offset -1  conf 6.13  (494 s, ~169 min left)
[49/1035] -gS3tU69rLg/-gS3tU69rLg_NA_1033.780_1040.780  offset -1  conf 6.82  (495 s, ~166 min left)
[50/1035] -eQz7zOB4jQ/-eQz7zOB4jQ_NA_1017.491_1031.138  offset -2  conf 5.89  (496 s, ~163 min left)
[51/1035] -cdSCBSTICw/-cdSCBSTICw_NA_497.897_526.592    offset +2  conf 8.13  (497 s, ~160 min left)
[52/1035] -hPcEoxx-NA/-hPcEoxx-NA_NA_368.180_392.740    offset +0  conf 7.52  (524 s, ~165 min left)
[53/1035] -gS3tU69rLg/-gS3tU69rLg_NA_871.940_901.900    offset -1  conf 5.95  (530 s, ~164 min left)
[54/1035] -kMBXhumXqE/-kMBXhumXqE_NA_13.696_23.773      offset +0  conf 5.93  (530 s, ~161 min left)
[55/1035] -joA3BLGnow/-joA3BLGnow_NA_39.233_48.066      offset +1  conf 6.53  (531 s, ~158 min left)
[56/1035] -kMBXhumXqE/-kMBXhumXqE_NA_85.051_96.613      offset +0  conf 6.19  (557 s, ~162 min left)
[57/1035] -mLPRTSxPQ0/-mLPRTSxPQ0_NA_221.733_485.733    offset +1  conf 6.58  (562 s, ~161 min left)
[58/1035] -mLPRTSxPQ0/-mLPRTSxPQ0_NA_0.100_221.533      offset +1  conf 6.62  (566 s, ~159 min left)
[59/1035] 07gTnQkBwaM/07gTnQkBwaM_NA_1127.400_1161.533  offset +1  conf 4.58  (566 s, ~156 min left)
[60/1035] 0cUQx_5LQ6w/0cUQx_5LQ6w_NA_1131.438_1137.619  offset -14  conf 0.77  (583 s, ~158 min left)
[61/1035] 0cUQx_5LQ6w/0cUQx_5LQ6w_NA_688.412_694.969    offset -1  conf 4.77  (588 s, ~156 min left)
[62/1035] 17GiwTp1ntM/17GiwTp1ntM_NA_1044.893_1050.240  offset -2  conf 7.20  (595 s, ~156 min left)
[63/1035] 0xRavdV8SPk/0xRavdV8SPk_NA_295.728_308.675    offset +1  conf 6.96  (601 s, ~155 min left)
[64/1035] 17GiwTp1ntM/17GiwTp1ntM_NA_954.553_1012.077   offset -2  conf 7.47  (618 s, ~156 min left)
[65/1035] 1fS0QCcnVQ8/1fS0QCcnVQ8_NA_290.014_297.947    offset -1  conf 6.72  (642 s, ~160 min left)
[66/1035] 1fS0QCcnVQ8/1fS0QCcnVQ8_NA_779.418_790.646    offset -1  conf 6.20  (655 s, ~160 min left)
[67/1035] 1hfOmYFfpDE/1hfOmYFfpDE_NA_0.100_25.800       offset +1  conf 8.49  (659 s, ~159 min left)
[68/1035] 1hfOmYFfpDE/1hfOmYFfpDE_NA_38.000_93.266      offset +2  conf 6.25  (669 s, ~158 min left)
[69/1035] 1jeA4eIOJso/1jeA4eIOJso_NA_141.200_173.133    offset -2  conf 6.10  (671 s, ~156 min left)
[70/1035] 1jeA4eIOJso/1jeA4eIOJso_NA_927.033_932.866    offset -1  conf 6.90  (687 s, ~158 min left)
[71/1035] 1me0FC-KwVA/1me0FC-KwVA_NA_0.100_10.275       offset -3  conf 5.23  (706 s, ~160 min left)
[72/1035] 1me0FC-KwVA/1me0FC-KwVA_NA_17.225_128.691     offset -2  conf 5.86  (725 s, ~162 min left)
[73/1035] 1oUtvnc4mj4/1oUtvnc4mj4_NA_428.294_506.372    offset -2  conf 7.17  (725 s, ~159 min left)
[74/1035] 1oUtvnc4mj4/1oUtvnc4mj4_NA_511.677_604.000    offset -1  conf 8.12  (737 s, ~159 min left)
[75/1035] 1qeN6tLJaM8/1qeN6tLJaM8_NA_11.980_19.860      offset -1  conf 7.43  (756 s, ~161 min left)
[76/1035] 1tTvLGkEqTU/1tTvLGkEqTU_NA_1585.332_1612.999  offset +1  conf 6.38  (783 s, ~165 min left)
[77/1035] 1qeN6tLJaM8/1qeN6tLJaM8_NA_88.500_105.900     offset -1  conf 8.74  (794 s, ~165 min left)
[78/1035] 1tTvLGkEqTU/1tTvLGkEqTU_NA_788.233_890.466    offset +0  conf 6.65  (803 s, ~164 min left)
[79/1035] 1ujf8rqAqU8/1ujf8rqAqU8_NA_1026.158_1048.013  offset +0  conf 7.79  (866 s, ~175 min left)
[80/1035] 1xt-UCwYa9Y/1xt-UCwYa9Y_NA_254.233_272.800    offset +1  conf 2.02  (875 s, ~174 min left)
[81/1035] 1xt-UCwYa9Y/1xt-UCwYa9Y_NA_167.833_176.333    offset +2  conf 3.78  (875 s, ~172 min left)
[82/1035] 1ujf8rqAqU8/1ujf8rqAqU8_NA_812.945_839.371    offset +0  conf 7.50  (905 s, ~175 min left)
[83/1035] 23MEXiwNeac/23MEXiwNeac_NA_74.020_79.900      offset -1  conf 5.68  (921 s, ~176 min left)
[84/1035] 2-GVml5GI4Y/2-GVml5GI4Y_NA_0.100_9.100        offset +2  conf 6.45  (921 s, ~174 min left)
[85/1035] 25jn92hI-bE/25jn92hI-bE_NA_142.500_165.833    offset -1  conf 8.49  (932 s, ~174 min left)
[86/1035] 25jn92hI-bE/25jn92hI-bE_NA_68.266_77.666      offset -1  conf 8.81  (958 s, ~176 min left)
[87/1035] 27MEpvuzOKs/27MEpvuzOKs_NA_146.540_154.460    offset +2  conf 6.11  (981 s, ~178 min left)
[88/1035] 27MEpvuzOKs/27MEpvuzOKs_NA_81.300_111.860     offset +1  conf 7.24  (986 s, ~177 min left)
[89/1035] 2CFAli-qcUA/2CFAli-qcUA_NA_14.080_19.552      offset +0  conf 7.55  (1027 s, ~182 min left)
[90/1035] 28vVk7INX4Y/28vVk7INX4Y_NA_171.060_178.540    offset +0  conf 6.87  (1027 s, ~180 min left)
[91/1035] 2CFAli-qcUA/2CFAli-qcUA_NA_409.809_415.148    offset +1  conf 6.90  (1032 s, ~178 min left)
[92/1035] 28vVk7INX4Y/28vVk7INX4Y_NA_289.260_297.300    offset +0  conf 6.58  (1055 s, ~180 min left)
[93/1035] 2Efx1lK3DA4/2Efx1lK3DA4_NA_1075.660_1081.300  offset -3  conf 6.28  (1078 s, ~182 min left)
[94/1035] 2DXqPFTthZs/2DXqPFTthZs_NA_14.220_65.060      offset +0  conf 8.95  (1092 s, ~182 min left)
[95/1035] 2DXqPFTthZs/2DXqPFTthZs_NA_866.820_877.100    offset +0  conf 8.25  (1094 s, ~180 min left)
[96/1035] 2Efx1lK3DA4/2Efx1lK3DA4_NA_561.340_569.340    offset +15  conf 0.40  (1105 s, ~180 min left)
[97/1035] 2HCz7rrhxfE/2HCz7rrhxfE_NA_1210.942_1296.995  offset +2  conf 6.02  (1129 s, ~182 min left)
[98/1035] 2JOxCMARv0Y/2JOxCMARv0Y_NA_126.800_148.133    offset -2  conf 3.99  (1151 s, ~183 min left)
[99/1035] 2JOxCMARv0Y/2JOxCMARv0Y_NA_332.366_337.666    offset -1  conf 5.79  (1152 s, ~182 min left)
[100/1035] 2HCz7rrhxfE/2HCz7rrhxfE_NA_927.926_953.652    offset +0  conf 7.51  (1159 s, ~181 min left)
[101/1035] 2Lv9OhESpw0/2Lv9OhESpw0_NA_0.100_10.600       offset +0  conf 4.86  (1183 s, ~182 min left)
[102/1035] 2Lv9OhESpw0/2Lv9OhESpw0_NA_92.266_100.516     offset +1  conf 5.20  (1215 s, ~185 min left)
[103/1035] 2NGDODzN_Ak/2NGDODzN_Ak_NA_802.084_838.003    offset +0  conf 4.97  (1223 s, ~184 min left)
[104/1035] 2NGDODzN_Ak/2NGDODzN_Ak_NA_0.100_14.247       offset +0  conf 5.01  (1224 s, ~183 min left)
[105/1035] 2Q4hZa-tDKE/2Q4hZa-tDKE_NA_1111.877_1118.225  offset -2  conf 8.47  (1235 s, ~182 min left)
[106/1035] 2Q4hZa-tDKE/2Q4hZa-tDKE_NA_99.115_105.547     offset -2  conf 7.96  (1263 s, ~185 min left)
[107/1035] 2SC6hoJrOXk/2SC6hoJrOXk_NA_17.100_141.066     offset +2  conf 6.58  (1300 s, ~188 min left)
[108/1035] 2Quj2m8WZg0/2Quj2m8WZg0_NA_89.550_109.633     offset +0  conf 4.65  (1323 s, ~189 min left)
[109/1035] 2Quj2m8WZg0/2Quj2m8WZg0_NA_116.333_132.566    offset +0  conf 5.73  (1324 s, ~187 min left)
[110/1035] 2SC6hoJrOXk/2SC6hoJrOXk_NA_674.633_782.866    offset +2  conf 6.70  (1331 s, ~186 min left)
[111/1035] 2qSIxzB9J50/2qSIxzB9J50_NA_120.954_126.893    offset -1  conf 5.94  (1361 s, ~189 min left)
[112/1035] 2qSIxzB9J50/2qSIxzB9J50_NA_458.391_469.168    offset +0  conf 7.34  (1368 s, ~188 min left)
[113/1035] 3-DYneGbTcY/3-DYneGbTcY_NA_801.891_883.900    offset +1  conf 6.89  (1387 s, ~189 min left)
[114/1035] 35AXZYQaZZk/35AXZYQaZZk_NA_0.100_80.324       offset -1  conf 5.93  (1395 s, ~188 min left)
[115/1035] 2TYN3P-vTXs/2TYN3P-vTXs_NA_263.905_340.907    offset -1  conf 7.98  (1401 s, ~187 min left)
[116/1035] 3QR4sJ1WNnE/3QR4sJ1WNnE_NA_14.300_19.540      offset -2  conf 6.63  (1412 s, ~186 min left)
[117/1035] 3QR4sJ1WNnE/3QR4sJ1WNnE_NA_92.660_100.900     offset -2  conf 8.48  (1421 s, ~186 min left)
[118/1035] 2TYN3P-vTXs/2TYN3P-vTXs_NA_486.961_776.217    offset -1  conf 7.40  (1423 s, ~184 min left)
[119/1035] 3f7GEUX2qPM/3f7GEUX2qPM_NA_2540.838_2549.280  offset +0  conf 4.31  (1427 s, ~183 min left)
[120/1035] 3f7GEUX2qPM/3f7GEUX2qPM_NA_7375.401_7382.742  offset +0  conf 2.90  (1440 s, ~183 min left)
[121/1035] 46WX_IPWrSQ/46WX_IPWrSQ_NA_15.620_26.980      offset +0  conf 4.17  (1454 s, ~183 min left)
[122/1035] 480WXuuyh_E/480WXuuyh_E_NA_279.466_287.100    offset +2  conf 5.37  (1458 s, ~182 min left)
[123/1035] 46WX_IPWrSQ/46WX_IPWrSQ_NA_563.220_616.500    offset +0  conf 2.34  (1459 s, ~180 min left)
[124/1035] 480WXuuyh_E/480WXuuyh_E_NA_501.400_563.166    offset +2  conf 4.92  (1466 s, ~180 min left)
[125/1035] 48ypNTal_NI/48ypNTal_NI_NA_0.100_13.000       offset +0  conf 7.62  (1480 s, ~180 min left)
[126/1035] 48ypNTal_NI/48ypNTal_NI_NA_2827.300_2848.000  offset +0  conf 8.38  (1490 s, ~179 min left)
[127/1035] 4AfFlt8vwxE/4AfFlt8vwxE_NA_593.833_608.533    offset +1  conf 5.08  (1490 s, ~178 min left)
[128/1035] 4D1ExNQxOoc/4D1ExNQxOoc_NA_138.805_153.286    offset +1  conf 6.40  (1493 s, ~176 min left)
[129/1035] 4D1ExNQxOoc/4D1ExNQxOoc_NA_735.835_742.074    offset +2  conf 5.79  (1505 s, ~176 min left)
[130/1035] 4F3rBLgXtcU/4F3rBLgXtcU_NA_269.702_316.674    offset +0  conf 7.06  (1523 s, ~177 min left)
[131/1035] 4EEgEdAHV1k/4EEgEdAHV1k_NA_159.466_177.300    offset +1  conf 6.22  (1526 s, ~176 min left)
[132/1035] 4EEgEdAHV1k/4EEgEdAHV1k_NA_739.933_751.033    offset +1  conf 7.03  (1527 s, ~174 min left)
[133/1035] 4F3rBLgXtcU/4F3rBLgXtcU_NA_316.874_332.732    offset +0  conf 5.78  (1531 s, ~173 min left)
[134/1035] 4Fmff3PnHdo/4Fmff3PnHdo_NA_0.100_6.266        offset -15  conf 0.30  (1549 s, ~174 min left)
[135/1035] 4Fmff3PnHdo/4Fmff3PnHdo_NA_649.366_715.916    offset -1  conf 9.02  (1561 s, ~173 min left)
[136/1035] 4GGEKJQyUO8/4GGEKJQyUO8_NA_104.566_140.633    offset -1  conf 6.53  (1561 s, ~172 min left)
[137/1035] 4GGEKJQyUO8/4GGEKJQyUO8_NA_89.400_104.366     offset +2  conf 7.34  (1566 s, ~171 min left)
[138/1035] 4HDCPAlT15I/4HDCPAlT15I_NA_0.100_37.200       offset +1  conf 9.88  (1577 s, ~171 min left)
[139/1035] 4HDCPAlT15I/4HDCPAlT15I_NA_87.833_100.266     offset +1  conf 7.67  (1590 s, ~171 min left)
[140/1035] 4IbcmvRIpes/4IbcmvRIpes_NA_98.233_103.400     offset +3  conf 6.02  (1595 s, ~170 min left)
[141/1035] 4IbcmvRIpes/4IbcmvRIpes_NA_107.633_131.100    offset +3  conf 5.86  (1595 s, ~169 min left)
[142/1035] 4JeKcgytm8Q/4JeKcgytm8Q_NA_108.308_122.188    offset +0  conf 4.43  (1602 s, ~168 min left)
[143/1035] 4JeKcgytm8Q/4JeKcgytm8Q_NA_94.644_100.700     offset +1  conf 3.03  (1614 s, ~168 min left)
[144/1035] 4M0eh4s8C18/4M0eh4s8C18_NA_98.198_134.242     offset -1  conf 6.90  (1628 s, ~168 min left)
[145/1035] 4M0eh4s8C18/4M0eh4s8C18_NA_182.991_195.512    offset -2  conf 7.08  (1629 s, ~167 min left)
[146/1035] 4OFcto-ioi4/4OFcto-ioi4_NA_0.100_11.025       offset +0  conf 9.54  (1632 s, ~166 min left)
[147/1035] 4OFcto-ioi4/4OFcto-ioi4_NA_973.891_1041.733   offset +0  conf 8.32  (1643 s, ~165 min left)
[148/1035] 4R1yqW6RFck/4R1yqW6RFck_NA_0.100_413.279      offset -1  conf 4.10  (1663 s, ~166 min left)
[149/1035] 4R1yqW6RFck/4R1yqW6RFck_NA_858.657_934.000    offset -1  conf 3.47  (1663 s, ~165 min left)
[150/1035] 4TS4QzsnNIE/4TS4QzsnNIE_NA_124.357_147.514    offset +1  conf 6.74  (1665 s, ~164 min left)
[151/1035] 4bOI2ul1swk/4bOI2ul1swk_NA_121.366_136.966    offset +1  conf 6.31  (1669 s, ~163 min left)
[152/1035] 4hZBZrmvE-Y/4hZBZrmvE-Y_NA_455.400_776.633    offset +3  conf 7.44  (1694 s, ~164 min left)
[153/1035] 4hZBZrmvE-Y/4hZBZrmvE-Y_NA_0.100_137.566      offset +3  conf 6.98  (1694 s, ~163 min left)
[154/1035] 4npuVmGxXuk/4npuVmGxXuk_NA_1153.700_1159.740  offset -1  conf 8.74  (1695 s, ~162 min left)
[155/1035] 4npuVmGxXuk/4npuVmGxXuk_NA_873.500_881.700    offset -1  conf 8.36  (1702 s, ~161 min left)
[156/1035] 53vqz1KMPCY/53vqz1KMPCY_NA_128.800_169.300    offset -1  conf 6.47  (1727 s, ~162 min left)
[157/1035] 53vqz1KMPCY/53vqz1KMPCY_NA_66.233_91.866      offset -1  conf 5.54  (1732 s, ~161 min left)
[158/1035] 5-dgnEco1Go/5-dgnEco1Go_NA_368.366_378.466    offset +2  conf 4.54  (1756 s, ~162 min left)
[159/1035] 5-dgnEco1Go/5-dgnEco1Go_NA_682.666_700.200    offset +2  conf 4.48  (1757 s, ~161 min left)
[160/1035] 5T_nV10L_Vc/5T_nV10L_Vc_NA_698.700_706.580    offset -2  conf 3.29  (1778 s, ~162 min left)
[161/1035] 5T_nV10L_Vc/5T_nV10L_Vc_NA_366.020_374.300    offset -2  conf 3.15  (1781 s, ~161 min left)
[162/1035] 5rD3WdjDEd4/5rD3WdjDEd4_NA_10.800_16.466      offset +1  conf 6.36  (1809 s, ~162 min left)
[163/1035] 5rD3WdjDEd4/5rD3WdjDEd4_NA_88.000_93.333      offset +1  conf 6.26  (1812 s, ~162 min left)
[164/1035] 5lcz22Rg9yE/5lcz22Rg9yE_NA_0.100_36.483       offset +0  conf 5.83  (1827 s, ~162 min left)
[165/1035] 5lcz22Rg9yE/5lcz22Rg9yE_NA_99.516_112.108     offset -1  conf 9.05  (1827 s, ~161 min left)
[166/1035] 5tGa84D-Aiw/5tGa84D-Aiw_NA_4.938_726.959      offset -2  conf 7.37  (1836 s, ~160 min left)
[167/1035] 5uKynlepIrI/5uKynlepIrI_NA_671.833_687.033    offset +1  conf 7.65  (1844 s, ~160 min left)
[168/1035] 5weMT2fOWig/5weMT2fOWig_NA_712.700_725.140    offset -1  conf 8.43  (1864 s, ~160 min left)
[169/1035] 5weMT2fOWig/5weMT2fOWig_NA_183.940_195.500    offset -1  conf 7.46  (1865 s, ~159 min left)
[170/1035] 64cpd_Hvd_w/64cpd_Hvd_w_NA_1040.300_1048.850  offset +0  conf 7.36  (1876 s, ~159 min left)
[171/1035] 6-N3touRtXY/6-N3touRtXY_NA_96.766_285.066     offset +0  conf 5.71  (1879 s, ~158 min left)
[172/1035] 68kCourrDx0/68kCourrDx0_NA_0.867_6.222        offset +1  conf 4.42  (1890 s, ~158 min left)
[173/1035] 64cpd_Hvd_w/64cpd_Hvd_w_NA_989.700_1003.383   offset +0  conf 7.49  (1894 s, ~157 min left)
[174/1035] 6En53zi41W4/6En53zi41W4_NA_0.100_10.176       offset +1  conf 4.03  (1907 s, ~157 min left)
[175/1035] 6En53zi41W4/6En53zi41W4_NA_825.891_850.149    offset +2  conf 5.39  (1909 s, ~156 min left)
[176/1035] 6HbWpuAW3Po/6HbWpuAW3Po_NA_225.966_334.966    offset -1  conf 5.50  (1919 s, ~156 min left)
[177/1035] 6HbWpuAW3Po/6HbWpuAW3Po_NA_390.133_398.000    offset -1  conf 4.76  (1923 s, ~155 min left)
[178/1035] 6MUrh76zB_8/6MUrh76zB_8_NA_356.000_369.783    offset -7  conf 0.12  (1935 s, ~155 min left)
[179/1035] 6PrMthJP1ZQ/6PrMthJP1ZQ_NA_0.100_12.545       offset +0  conf 8.00  (1938 s, ~154 min left)
[180/1035] 6PrMthJP1ZQ/6PrMthJP1ZQ_NA_932.464_939.905    offset +0  conf 8.13  (1948 s, ~154 min left)
[181/1035] 6R8NwptBdJ0/6R8NwptBdJ0_NA_0.100_23.066       offset +1  conf 6.94  (1953 s, ~154 min left)
[182/1035] 6R8NwptBdJ0/6R8NwptBdJ0_NA_95.166_293.800     offset +3  conf 7.01  (1964 s, ~153 min left)
[183/1035] 6Wt-Z6MykRk/6Wt-Z6MykRk_NA_132.340_149.060    offset -1  conf 0.91  (1966 s, ~153 min left)
[184/1035] 6Wt-Z6MykRk/6Wt-Z6MykRk_NA_433.780_443.100    offset +1  conf 5.72  (1975 s, ~152 min left)
[185/1035] 6_mPlTX2Umo/6_mPlTX2Umo_NA_0.100_12.033       offset -3  conf 7.57  (1980 s, ~152 min left)
[186/1035] 6fydRj2ZT9s/6fydRj2ZT9s_NA_111.733_117.100    offset +0  conf 8.42  (1991 s, ~151 min left)
[187/1035] 6_mPlTX2Umo/6_mPlTX2Umo_NA_91.566_118.800     offset -3  conf 8.52  (1992 s, ~151 min left)
[188/1035] 6fydRj2ZT9s/6fydRj2ZT9s_NA_86.933_98.400      offset +0  conf 9.26  (2002 s, ~150 min left)
[189/1035] 6gMtebccrSk/6gMtebccrSk_NA_0.100_32.032       offset +4  conf 7.58  (2007 s, ~150 min left)
[190/1035] 6jeXAl9yXkg/6jeXAl9yXkg_NA_194.360_200.200    offset +7  conf 0.12  (2022 s, ~150 min left)
[191/1035] 6gMtebccrSk/6gMtebccrSk_NA_933.332_952.585    offset +3  conf 6.59  (2023 s, ~149 min left)
[192/1035] 6jeXAl9yXkg/6jeXAl9yXkg_NA_257.090_263.196    offset -1  conf 0.36  (2027 s, ~148 min left)
[193/1035] 6nuyiKWJD-4/6nuyiKWJD-4_NA_0.100_15.382       offset -1  conf 8.32  (2037 s, ~148 min left)
[194/1035] 6q9wr6-44UA/6q9wr6-44UA_NA_18.902_24.391      offset +1  conf 6.72  (2050 s, ~148 min left)
[195/1035] 6q9wr6-44UA/6q9wr6-44UA_NA_78.878_84.217      offset +0  conf 4.97  (2054 s, ~147 min left)
[196/1035] 6nuyiKWJD-4/6nuyiKWJD-4_NA_610.643_619.952    offset -1  conf 8.49  (2054 s, ~147 min left)
[197/1035] 6szc82CetjE/6szc82CetjE_NA_1016.148_1043.976  offset +0  conf 5.17  (2064 s, ~146 min left)
[198/1035] 6szc82CetjE/6szc82CetjE_NA_835.167_860.359    offset +0  conf 5.54  (2075 s, ~146 min left)
[199/1035] 71CKSuReugI/71CKSuReugI_NA_0.100_9.460        offset -1  conf 8.02  (2085 s, ~146 min left)
[200/1035] 71CKSuReugI/71CKSuReugI_NA_882.100_1008.100   offset -1  conf 9.67  (2085 s, ~145 min left)
[201/1035] 7Q6M3IALxY0/7Q6M3IALxY0_NA_391.224_398.564    offset +0  conf 8.68  (2090 s, ~145 min left)
[202/1035] 7Q6M3IALxY0/7Q6M3IALxY0_NA_49.549_77.277      offset +0  conf 8.81  (2103 s, ~145 min left)
[203/1035] 7mz9gqPDzho/7mz9gqPDzho_NA_6.460_203.860      offset +1  conf 6.53  (2119 s, ~145 min left)
[204/1035] 7mz9gqPDzho/7mz9gqPDzho_NA_1512.660_1526.100  offset +0  conf 4.71  (2119 s, ~144 min left)
[205/1035] 8-JHNMoW2xU/8-JHNMoW2xU_NA_53.500_62.600      offset +0  conf 5.66  (2121 s, ~143 min left)
[206/1035] 88Wp9nq20YE/88Wp9nq20YE_NA_188.066_193.866    offset +0  conf 5.05  (2130 s, ~143 min left)
[207/1035] 88Wp9nq20YE/88Wp9nq20YE_NA_222.033_227.833    offset -1  conf 5.26  (2149 s, ~143 min left)
[208/1035] 8WhUsgupUXI/8WhUsgupUXI_NA_0.100_8.900        offset -2  conf 7.89  (2156 s, ~143 min left)
[209/1035] 8WhUsgupUXI/8WhUsgupUXI_NA_630.460_680.260    offset -2  conf 4.88  (2157 s, ~142 min left)
[210/1035] 8tyN9b5vXfs/8tyN9b5vXfs_NA_0.100_88.100       offset -2  conf 8.82  (2175 s, ~142 min left)
[211/1035] 9Nm9Uy-XZRk/9Nm9Uy-XZRk_NA_353.753_359.859    offset +3  conf 7.28  (2186 s, ~142 min left)
[212/1035] 9Nm9Uy-XZRk/9Nm9Uy-XZRk_NA_603.169_616.883    offset +3  conf 7.26  (2189 s, ~142 min left)
[213/1035] 8tyN9b5vXfs/8tyN9b5vXfs_NA_913.933_984.000    offset -1  conf 5.47  (2204 s, ~142 min left)
[214/1035] 9_rUoQ2IeWU/9_rUoQ2IeWU_NA_0.100_7.274        offset +0  conf 8.49  (2229 s, ~143 min left)
[215/1035] 9_rUoQ2IeWU/9_rUoQ2IeWU_NA_978.210_1001.066   offset +0  conf 7.37  (2250 s, ~143 min left)
[216/1035] 9fjMMA8V7iE/9fjMMA8V7iE_NA_12.266_22.300      offset +0  conf 6.36  (2253 s, ~142 min left)
[217/1035] 9fjMMA8V7iE/9fjMMA8V7iE_NA_981.633_989.800    offset +0  conf 5.63  (2263 s, ~142 min left)
[218/1035] 9jtdKqwfY_Q/9jtdKqwfY_Q_NA_0.100_9.125        offset -1  conf 3.71  (2277 s, ~142 min left)
[219/1035] 9mbzZwzTk94/9mbzZwzTk94_NA_454.180_461.540    offset -2  conf 6.07  (2290 s, ~142 min left)
[220/1035] 9jtdKqwfY_Q/9jtdKqwfY_Q_NA_596.595_740.189    offset -1  conf 3.85  (2304 s, ~142 min left)
[221/1035] 9ncVOAmflmA/9ncVOAmflmA_NA_0.100_5.566        offset -4  conf 5.60  (2308 s, ~142 min left)
[222/1035] 9tBF_-kTYL4/9tBF_-kTYL4_NA_103.700_109.540    offset +0  conf 7.40  (2319 s, ~142 min left)
[223/1035] 9xiuNrpWGvk/9xiuNrpWGvk_NA_1061.059_1068.033  offset -1  conf 5.82  (2332 s, ~142 min left)
[224/1035] 9xiuNrpWGvk/9xiuNrpWGvk_NA_484.216_513.946    offset -1  conf 6.12  (2340 s, ~141 min left)
[225/1035] 9tBF_-kTYL4/9tBF_-kTYL4_NA_798.180_817.900    offset +0  conf 7.77  (2348 s, ~141 min left)
[226/1035] A1YgX6eTQ3Y/A1YgX6eTQ3Y_NA_149.082_164.998    offset +4  conf 5.33  (2367 s, ~141 min left)
[227/1035] A1YgX6eTQ3Y/A1YgX6eTQ3Y_NA_86.452_105.238     offset -2  conf 5.83  (2385 s, ~142 min left)
[228/1035] A5LVfweQXOw/A5LVfweQXOw_NA_239.633_251.266    offset +1  conf 6.16  (2394 s, ~141 min left)
[229/1035] A5LVfweQXOw/A5LVfweQXOw_NA_543.600_661.433    offset +1  conf 6.66  (2398 s, ~141 min left)
[230/1035] A7aIj6c83N8/A7aIj6c83N8_NA_11.100_17.820      offset -2  conf 8.07  (2414 s, ~141 min left)
[231/1035] AVs1IlfWR3Q/AVs1IlfWR3Q_NA_109.733_117.266    offset +1  conf 9.20  (2422 s, ~140 min left)
[232/1035] AVs1IlfWR3Q/AVs1IlfWR3Q_NA_70.133_76.800      offset +1  conf 8.32  (2426 s, ~140 min left)
[233/1035] A7aIj6c83N8/A7aIj6c83N8_NA_96.700_118.100     offset -2  conf 8.96  (2436 s, ~140 min left)
[234/1035] AiB5S145mYY/AiB5S145mYY_NA_101.833_108.133    offset +1  conf 6.97  (2440 s, ~139 min left)
[235/1035] AiB5S145mYY/AiB5S145mYY_NA_959.333_968.933    offset +1  conf 7.11  (2447 s, ~139 min left)
[236/1035] BH4GmL2gmXY/BH4GmL2gmXY_NA_0.100_9.000        offset -4  conf 5.00  (2452 s, ~138 min left)
[237/1035] BHva2pb_1Yk/BHva2pb_1Yk_NA_680.500_686.033    offset -13  conf 0.98  (2462 s, ~138 min left)
[238/1035] BH4GmL2gmXY/BH4GmL2gmXY_NA_73.433_120.366     offset -4  conf 5.99  (2463 s, ~137 min left)
[239/1035] BIMSnE9Ut2s/BIMSnE9Ut2s_NA_0.100_9.933        offset +1  conf 5.42  (2473 s, ~137 min left)
[240/1035] BIMSnE9Ut2s/BIMSnE9Ut2s_NA_792.100_807.300    offset +0  conf 6.00  (2477 s, ~137 min left)
[241/1035] BKLX-yQ72h8/BKLX-yQ72h8_NA_2196.627_2205.870  offset +0  conf 4.04  (2499 s, ~137 min left)
[242/1035] BKLX-yQ72h8/BKLX-yQ72h8_NA_2102.333_2109.907  offset +0  conf 4.05  (2499 s, ~136 min left)
[243/1035] BLIGjiC8Cjs/BLIGjiC8Cjs_NA_96.779_101.876     offset -1  conf 6.60  (2503 s, ~136 min left)
[244/1035] BLIGjiC8Cjs/BLIGjiC8Cjs_NA_111.002_122.230    offset -1  conf 7.85  (2504 s, ~135 min left)
[245/1035] BN4DsLmaNNA/BN4DsLmaNNA_NA_1022.821_1041.707  offset -1  conf 6.42  (2537 s, ~136 min left)
[246/1035] BO5YUefyhAc/BO5YUefyhAc_NA_962.366_967.733    offset +0  conf 8.56  (2538 s, ~136 min left)
[247/1035] BN4DsLmaNNA/BN4DsLmaNNA_NA_997.196_1018.267   offset -1  conf 5.26  (2538 s, ~135 min left)
[248/1035] BO5YUefyhAc/BO5YUefyhAc_NA_1031.566_1037.800  offset +0  conf 8.50  (2538 s, ~134 min left)
[249/1035] BTpih7UaPPQ/BTpih7UaPPQ_NA_160.033_166.800    offset -3  conf 7.38  (2579 s, ~136 min left)
[250/1035] BWMaO1cUUT8/BWMaO1cUUT8_NA_66.300_83.500      offset +3  conf 8.12  (2579 s, ~135 min left)
[251/1035] BWMaO1cUUT8/BWMaO1cUUT8_NA_105.066_118.366    offset +2  conf 7.94  (2580 s, ~134 min left)
[252/1035] BS99uqFEDhQ/BS99uqFEDhQ_NA_430.963_479.145    offset +0  conf 5.27  (2580 s, ~134 min left)
[253/1035] BpAgMOPO6WA/BpAgMOPO6WA_NA_29.900_35.460      offset -2  conf 4.28  (2615 s, ~135 min left)
[254/1035] BpAgMOPO6WA/BpAgMOPO6WA_NA_107.020_112.540    offset -3  conf 5.45  (2616 s, ~134 min left)
[255/1035] Bb4-ksMPfmk/Bb4-ksMPfmk_NA_87.120_95.628      offset +0  conf 5.80  (2620 s, ~134 min left)
[256/1035] Bb4-ksMPfmk/Bb4-ksMPfmk_NA_117.250_133.733    offset -1  conf 6.75  (2620 s, ~133 min left)
[257/1035] BvYAhM42RC0/BvYAhM42RC0_NA_82.140_92.420      offset -2  conf 4.97  (2645 s, ~133 min left)
[258/1035] C-X_qQ3sTu8/C-X_qQ3sTu8_NA_1001.866_1085.833  offset -1  conf 6.62  (2656 s, ~133 min left)
[259/1035] C-X_qQ3sTu8/C-X_qQ3sTu8_NA_938.900_1001.666   offset -1  conf 5.52  (2658 s, ~133 min left)
[260/1035] CFQJ_bTPpVk/CFQJ_bTPpVk_NA_152.766_216.000    offset -1  conf 6.40  (2659 s, ~132 min left)
[261/1035] CQHKw0jVx2M/CQHKw0jVx2M_NA_114.580_122.540    offset -2  conf 7.46  (2672 s, ~132 min left)
[262/1035] CQHKw0jVx2M/CQHKw0jVx2M_NA_169.180_174.420    offset -1  conf 7.80  (2681 s, ~132 min left)
[263/1035] CiafDsArzuw/CiafDsArzuw_NA_950.400_956.433    offset +2  conf 4.94  (2691 s, ~132 min left)
[264/1035] CiafDsArzuw/CiafDsArzuw_NA_108.800_128.466    offset +0  conf 7.30  (2692 s, ~131 min left)
[265/1035] D_A2X4gXpzM/D_A2X4gXpzM_NA_99.200_105.166     offset +4  conf 4.42  (2721 s, ~132 min left)
[266/1035] D_A2X4gXpzM/D_A2X4gXpzM_NA_109.866_128.400    offset +5  conf 5.47  (2724 s, ~131 min left)
[267/1035] CvDjoRU0Y84/CvDjoRU0Y84_NA_107.033_133.300    offset +1  conf 3.98  (2739 s, ~131 min left)
[268/1035] DaB_aqdDWUw/DaB_aqdDWUw_NA_180.154_185.251    offset -3  conf 7.38  (2745 s, ~131 min left)
[269/1035] CvDjoRU0Y84/CvDjoRU0Y84_NA_87.966_106.833     offset +0  conf 4.68  (2746 s, ~130 min left)
[270/1035] DaB_aqdDWUw/DaB_aqdDWUw_NA_929.111_934.542    offset -3  conf 8.63  (2747 s, ~130 min left)
[271/1035] DbeeWRcHgN0/DbeeWRcHgN0_NA_344.777_353.753    offset +0  conf 5.21  (2765 s, ~130 min left)
  [lse] could not parse run_syncnet.py output for clip.mp4:

2026-10-07 16:39:28,836 SyncNetInstance INFO: Using device: cuda
2026-10-07 16:39:30,058 __main__ INFO: Model data/syncnet_v2.model loaded.

[272/1035] Dd_GtuRjdsg/Dd_GtuRjdsg_NA_1210.676_1217.349  offset +nan  conf nan  (2776 s, ~130 min left)
[273/1035] Dd8H_DInmpA/Dd8H_DInmpA_NA_787.833_820.766    offset +1  conf 7.14  (2780 s, ~129 min left)
[274/1035] Dd8H_DInmpA/Dd8H_DInmpA_NA_170.333_182.666    offset +1  conf 6.01  (2780 s, ~129 min left)
[275/1035] Dd_GtuRjdsg/Dd_GtuRjdsg_NA_912.277_920.686    offset +1  conf 6.44  (2791 s, ~129 min left)
[276/1035] Dg4lYZGP2TE/Dg4lYZGP2TE_NA_1163.933_1178.133  offset +1  conf 7.16  (2803 s, ~128 min left)
[277/1035] Di4MbNJnc4Y/Di4MbNJnc4Y_NA_492.183_497.300    offset -3  conf 5.48  (2808 s, ~128 min left)
[278/1035] Dg4lYZGP2TE/Dg4lYZGP2TE_NA_97.383_126.150     offset +2  conf 7.39  (2811 s, ~128 min left)
[279/1035] Di4MbNJnc4Y/Di4MbNJnc4Y_NA_501.783_507.500    offset -3  conf 4.71  (2816 s, ~127 min left)
[280/1035] DkYpOpVVmdk/DkYpOpVVmdk_NA_1432.433_1439.566  offset -1  conf 6.04  (2828 s, ~127 min left)
[281/1035] DlOudopB2FI/DlOudopB2FI_NA_35.335_43.943      offset +5  conf 6.08  (2836 s, ~127 min left)
[282/1035] DlOudopB2FI/DlOudopB2FI_NA_62.328_67.867      offset +4  conf 7.47  (2836 s, ~126 min left)
[283/1035] Dli7LJlq90U/Dli7LJlq90U_NA_177.277_203.303    offset +0  conf 7.79  (2842 s, ~126 min left)
[284/1035] Dli7LJlq90U/Dli7LJlq90U_NA_395.394_432.999    offset +0  conf 8.51  (2855 s, ~126 min left)
[285/1035] Dn8Mo_aSE1Y/Dn8Mo_aSE1Y_NA_2.769_15.916       offset +0  conf 8.59  (2861 s, ~125 min left)
[286/1035] Dn8Mo_aSE1Y/Dn8Mo_aSE1Y_NA_74.307_87.220      offset +0  conf 7.03  (2868 s, ~125 min left)
[287/1035] DnK_dJo6es8/DnK_dJo6es8_NA_121.554_131.114    offset -1  conf 8.74  (2873 s, ~125 min left)
[288/1035] DnK_dJo6es8/DnK_dJo6es8_NA_91.983_98.039      offset -1  conf 8.43  (2883 s, ~125 min left)
[289/1035] DqmbXqfynqc/DqmbXqfynqc_NA_0.100_38.366       offset +1  conf 7.08  (2903 s, ~125 min left)
[290/1035] Dov4KE_vl9c/Dov4KE_vl9c_NA_0.100_9.576        offset -1  conf 8.82  (2913 s, ~125 min left)
[291/1035] DqmbXqfynqc/DqmbXqfynqc_NA_241.983_576.816    offset +1  conf 6.83  (2914 s, ~124 min left)
[292/1035] Dov4KE_vl9c/Dov4KE_vl9c_NA_9.776_194.969      offset -1  conf 8.38  (2918 s, ~124 min left)
[293/1035] DsPrKtuBCu4/DsPrKtuBCu4_NA_0.100_7.340        offset +0  conf 7.29  (2927 s, ~124 min left)
[294/1035] DwwkH7ZFZTQ/DwwkH7ZFZTQ_NA_211.311_217.584    offset +0  conf 1.36  (2947 s, ~124 min left)
[295/1035] DsPrKtuBCu4/DsPrKtuBCu4_NA_89.956_104.170     offset +0  conf 8.25  (2947 s, ~123 min left)
[296/1035] DtmdkIGO2qU/DtmdkIGO2qU_NA_150.600_161.833    offset +2  conf 4.12  (2947 s, ~123 min left)
[297/1035] DwwkH7ZFZTQ/DwwkH7ZFZTQ_NA_84.017_89.456      offset +0  conf 4.46  (2951 s, ~122 min left)
[298/1035] E-5YBjHuLgA/E-5YBjHuLgA_NA_0.100_5.333        offset -3  conf 4.46  (2979 s, ~123 min left)
[299/1035] DyXTXbvOeZo/DyXTXbvOeZo_NA_0.100_67.199       offset +0  conf 7.38  (2985 s, ~122 min left)
[300/1035] DyXTXbvOeZo/DyXTXbvOeZo_NA_936.666_985.866    offset +2  conf 6.18  (2985 s, ~122 min left)
[301/1035] E-5YBjHuLgA/E-5YBjHuLgA_NA_67.333_74.966      offset -3  conf 4.43  (2986 s, ~121 min left)
[302/1035] E1Y9aOdyOmg/E1Y9aOdyOmg_NA_1179.903_1193.801  offset -1  conf 9.04  (3007 s, ~122 min left)
[303/1035] E30FJixl_qg/E30FJixl_qg_NA_990.631_1005.154   offset -3  conf 10.14  (3018 s, ~122 min left)
[304/1035] E30FJixl_qg/E30FJixl_qg_NA_1346.611_1360.592  offset -3  conf 9.68  (3021 s, ~121 min left)
[305/1035] E1Y9aOdyOmg/E1Y9aOdyOmg_NA_751.475_797.113    offset -1  conf 5.39  (3022 s, ~121 min left)
[306/1035] E3nkaAuN694/E3nkaAuN694_NA_2468.399_2486.926  offset +3  conf 4.85  (3034 s, ~120 min left)
[307/1035] E5CdOCgsBxg/E5CdOCgsBxg_NA_124.066_634.733    offset -2  conf 4.08  (3046 s, ~120 min left)
[308/1035] E5trX1alqW8/E5trX1alqW8_NA_1078.710_1084.383  offset +0  conf 0.91  (3051 s, ~120 min left)
[309/1035] E5CdOCgsBxg/E5CdOCgsBxg_NA_16.266_101.733     offset -1  conf 4.99  (3051 s, ~119 min left)
[310/1035] E5trX1alqW8/E5trX1alqW8_NA_74.174_217.050     offset +0  conf 5.57  (3060 s, ~119 min left)
[311/1035] E6zlmoAaIb8/E6zlmoAaIb8_NA_198.100_247.820    offset +0  conf 5.26  (3073 s, ~119 min left)
[312/1035] E7S67C4e2kw/E7S67C4e2kw_NA_166.800_186.966    offset -4  conf 5.42  (3079 s, ~119 min left)
[313/1035] E7S67C4e2kw/E7S67C4e2kw_NA_127.533_163.466    offset -4  conf 6.35  (3079 s, ~118 min left)
[314/1035] E7pMfk5SEgQ/E7pMfk5SEgQ_NA_125.333_160.466    offset +0  conf 6.57  (3088 s, ~118 min left)
[315/1035] E7pMfk5SEgQ/E7pMfk5SEgQ_NA_83.933_122.199     offset +0  conf 6.96  (3099 s, ~118 min left)
[316/1035] E9TbGV0mkR4/E9TbGV0mkR4_NA_1.633_130.333      offset -1  conf 5.13  (3111 s, ~118 min left)
[317/1035] E9TbGV0mkR4/E9TbGV0mkR4_NA_484.466_526.366    offset -2  conf 5.28  (3113 s, ~118 min left)
[318/1035] EAeRX0JyQPs/EAeRX0JyQPs_NA_15.500_21.740      offset -1  conf 7.63  (3115 s, ~117 min left)
[319/1035] EAeRX0JyQPs/EAeRX0JyQPs_NA_99.020_110.300     offset -1  conf 10.07  (3127 s, ~117 min left)
[320/1035] EEUEJxwECks/EEUEJxwECks_NA_863.200_884.866    offset +1  conf 5.36  (3138 s, ~117 min left)
[321/1035] EFhRJW0wBoc/EFhRJW0wBoc_NA_366.466_372.288    offset -1  conf 6.06  (3142 s, ~116 min left)
[322/1035] EFhRJW0wBoc/EFhRJW0wBoc_NA_462.078_472.221    offset -1  conf 2.36  (3145 s, ~116 min left)
[323/1035] EGoiYHUvwSQ/EGoiYHUvwSQ_NA_1001.683_1103.168  offset -2  conf 10.24  (3152 s, ~116 min left)
[324/1035] EGoiYHUvwSQ/EGoiYHUvwSQ_NA_989.129_995.185    offset -2  conf 8.31  (3163 s, ~116 min left)
[325/1035] EI6FztYLTOg/EI6FztYLTOg_NA_295.980_301.620    offset -1  conf 8.08  (3168 s, ~115 min left)
[326/1035] EI6FztYLTOg/EI6FztYLTOg_NA_768.940_774.740    offset -1  conf 9.16  (3169 s, ~115 min left)
[327/1035] EKba_awaAkk/EKba_awaAkk_NA_112.045_146.129    offset -1  conf 7.35  (3181 s, ~115 min left)
[328/1035] EKba_awaAkk/EKba_awaAkk_NA_768.492_818.050    offset -1  conf 6.17  (3188 s, ~115 min left)
[329/1035] ENIFALYk4po/ENIFALYk4po_NA_1081.740_1134.620  offset -1  conf 9.53  (3197 s, ~114 min left)
[330/1035] ENIFALYk4po/ENIFALYk4po_NA_918.220_940.740    offset -1  conf 8.47  (3200 s, ~114 min left)
[331/1035] EPZzmGwkHRw/EPZzmGwkHRw_NA_150.033_155.666    offset +0  conf 3.88  (3206 s, ~114 min left)
[332/1035] EPZzmGwkHRw/EPZzmGwkHRw_NA_386.433_397.833    offset +1  conf 5.54  (3214 s, ~113 min left)
[333/1035] EPlaq1fsJts/EPlaq1fsJts_NA_104.533_111.166    offset -1  conf 5.07  (3223 s, ~113 min left)
[334/1035] EPlaq1fsJts/EPlaq1fsJts_NA_72.900_104.333     offset -1  conf 5.14  (3226 s, ~113 min left)
[335/1035] ERLeBek_PnA/ERLeBek_PnA_NA_182.148_353.303    offset +0  conf 9.36  (3232 s, ~113 min left)
[336/1035] ESlF8Lx9wgo/ESlF8Lx9wgo_NA_197.764_209.375    offset +0  conf 6.59  (3240 s, ~112 min left)
[337/1035] EVJWG_KpaiU/EVJWG_KpaiU_NA_109.359_134.034    offset +3  conf 7.24  (3251 s, ~112 min left)
[338/1035] EVJWG_KpaiU/EVJWG_KpaiU_NA_52.719_109.159     offset +3  conf 5.87  (3252 s, ~112 min left)
[339/1035] EWekSBKHD04/EWekSBKHD04_NA_38.366_47.000      offset +0  conf 5.91  (3256 s, ~111 min left)
[340/1035] EWekSBKHD04/EWekSBKHD04_NA_523.233_530.833    offset -1  conf 5.72  (3267 s, ~111 min left)
[341/1035] E_cToAM9ayk/E_cToAM9ayk_NA_1064.496_1087.820  offset +1  conf 6.12  (3285 s, ~111 min left)
[342/1035] EYFmGQyYdLI/EYFmGQyYdLI_NA_476.800_513.466    offset +0  conf 6.40  (3285 s, ~111 min left)
[343/1035] E_cToAM9ayk/E_cToAM9ayk_NA_970.936_978.444    offset +1  conf 8.91  (3286 s, ~110 min left)
[344/1035] EddPAllx3sU/EddPAllx3sU_NA_178.778_185.151    offset +2  conf 7.12  (3293 s, ~110 min left)
[345/1035] EddPAllx3sU/EddPAllx3sU_NA_521.854_528.594    offset +3  conf 7.54  (3322 s, ~111 min left)
[346/1035] EmbaL7chGFc/EmbaL7chGFc_NA_101.366_121.566    offset +2  conf 6.23  (3323 s, ~110 min left)
[347/1035] Eetj6UNLjM4/Eetj6UNLjM4_NA_91.800_133.833     offset +2  conf 6.47  (3328 s, ~110 min left)
[348/1035] Eetj6UNLjM4/Eetj6UNLjM4_NA_146.533_163.433    offset +2  conf 5.92  (3328 s, ~109 min left)
[349/1035] EmbaL7chGFc/EmbaL7chGFc_NA_87.933_96.033      offset +1  conf 4.99  (3350 s, ~110 min left)
[350/1035] EoFkH37G1LY/EoFkH37G1LY_NA_2991.180_3060.980  offset -1  conf 9.51  (3356 s, ~109 min left)
[351/1035] Es2i3oLj6Nw/Es2i3oLj6Nw_NA_1199.097_1219.218  offset +1  conf 7.03  (3361 s, ~109 min left)
[352/1035] EoFkH37G1LY/EoFkH37G1LY_NA_44.260_108.460     offset -1  conf 8.47  (3362 s, ~109 min left)
[353/1035] Es2i3oLj6Nw/Es2i3oLj6Nw_NA_613.913_662.695    offset +0  conf 5.87  (3379 s, ~109 min left)
[354/1035] EtJy69cEOtQ/EtJy69cEOtQ_NA_1013.260_1019.180  offset -2  conf 4.84  (3384 s, ~108 min left)
[355/1035] EvUtD6utlLY/EvUtD6utlLY_NA_0.100_26.275       offset -1  conf 8.64  (3392 s, ~108 min left)
[356/1035] EtJy69cEOtQ/EtJy69cEOtQ_NA_1030.420_1040.020  offset -2  conf 8.84  (3392 s, ~108 min left)
[357/1035] EvUtD6utlLY/EvUtD6utlLY_NA_174.225_238.025    offset +0  conf 6.95  (3405 s, ~108 min left)
[358/1035] EwVgzR3bRVc/EwVgzR3bRVc_NA_292.925_309.209    offset +1  conf 4.14  (3410 s, ~107 min left)
[359/1035] EwVgzR3bRVc/EwVgzR3bRVc_NA_564.930_578.778    offset +2  conf 3.71  (3421 s, ~107 min left)
[360/1035] F-mXwvXK1dU/F-mXwvXK1dU_NA_160.593_182.373    offset -1  conf 6.67  (3422 s, ~107 min left)
[361/1035] F-mXwvXK1dU/F-mXwvXK1dU_NA_458.641_476.459    offset -1  conf 6.00  (3433 s, ~107 min left)
[362/1035] F1SwustFaV4/F1SwustFaV4_NA_110.850_116.200    offset +1  conf 6.70  (3435 s, ~106 min left)
[363/1035] F1SwustFaV4/F1SwustFaV4_NA_520.000_525.116    offset +1  conf 5.87  (3449 s, ~106 min left)
[364/1035] F3a36KApXAo/F3a36KApXAo_NA_0.100_5.780        offset -1  conf 7.00  (3449 s, ~106 min left)
[365/1035] F5T2-u5WJH8/F5T2-u5WJH8_NA_153.519_159.526    offset +1  conf 2.53  (3464 s, ~106 min left)
[366/1035] F3a36KApXAo/F3a36KApXAo_NA_1553.860_1756.140  offset -1  conf 7.61  (3465 s, ~106 min left)
[367/1035] F7bcRgvfP30/F7bcRgvfP30_NA_117.340_125.580    offset -1  conf 6.44  (3478 s, ~106 min left)
[368/1035] F5T2-u5WJH8/F5T2-u5WJH8_NA_79.979_88.254      offset +1  conf 3.56  (3480 s, ~105 min left)
[369/1035] F7bcRgvfP30/F7bcRgvfP30_NA_397.700_403.140    offset -1  conf 7.35  (3491 s, ~105 min left)
[370/1035] FA5i_dkTTXQ/FA5i_dkTTXQ_NA_141.000_187.433    offset +2  conf 7.96  (3494 s, ~105 min left)
[371/1035] FA5i_dkTTXQ/FA5i_dkTTXQ_NA_629.600_637.133    offset +1  conf 6.25  (3507 s, ~105 min left)
[372/1035] FC5cP5-8EZ8/FC5cP5-8EZ8_NA_249.015_266.966    offset -1  conf 8.59  (3508 s, ~104 min left)
[373/1035] FC5cP5-8EZ8/FC5cP5-8EZ8_NA_99.232_109.109     offset -1  conf 9.51  (3519 s, ~104 min left)
[374/1035] FCEN-c9XiUA/FCEN-c9XiUA_NA_1046.433_1055.466  offset +0  conf 2.24  (3522 s, ~104 min left)
[375/1035] FCEN-c9XiUA/FCEN-c9XiUA_NA_92.700_98.033      offset +0  conf 2.74  (3535 s, ~104 min left)
[376/1035] FJmWPPUZY1g/FJmWPPUZY1g_NA_111.580_121.220    offset -1  conf 8.87  (3536 s, ~103 min left)
[377/1035] FJmWPPUZY1g/FJmWPPUZY1g_NA_968.260_974.260    offset -1  conf 5.71  (3544 s, ~103 min left)
[378/1035] FMeAk8Npz-4/FMeAk8Npz-4_NA_594.443_599.799    offset -1  conf 7.65  (3547 s, ~103 min left)
[379/1035] FOnbTueJFyA/FOnbTueJFyA_NA_20.328_49.741      offset +0  conf 8.11  (3570 s, ~103 min left)
[380/1035] FOnbTueJFyA/FOnbTueJFyA_NA_84.475_202.519     offset +0  conf 9.42  (3570 s, ~103 min left)
[381/1035] FPDghLp53xc/FPDghLp53xc_NA_997.766_1124.866   offset +0  conf 7.83  (3578 s, ~102 min left)
[382/1035] FPDghLp53xc/FPDghLp53xc_NA_236.133_378.400    offset +0  conf 8.51  (3578 s, ~102 min left)
[383/1035] FPm0ugLloe8/FPm0ugLloe8_NA_1.066_6.733        offset +2  conf 6.95  (3598 s, ~102 min left)
[384/1035] FPm0ugLloe8/FPm0ugLloe8_NA_82.300_115.400     offset +3  conf 4.99  (3600 s, ~102 min left)
[385/1035] FVaQX_O8Y1g/FVaQX_O8Y1g_NA_1015.460_1037.340  offset -1  conf 6.87  (3608 s, ~102 min left)
[386/1035] FTIi2Ex2mPA/FTIi2Ex2mPA_NA_0.100_50.450       offset -2  conf 6.02  (3609 s, ~101 min left)
[387/1035] FVaQX_O8Y1g/FVaQX_O8Y1g_NA_96.700_123.620     offset -1  conf 7.42  (3626 s, ~101 min left)
[388/1035] FYoqVdM0mxQ/FYoqVdM0mxQ_NA_275.675_292.158    offset -1  conf 6.33  (3630 s, ~101 min left)
[389/1035] FZHyGNJiPb0/FZHyGNJiPb0_NA_170.966_178.800    offset +3  conf 6.01  (3638 s, ~101 min left)
[390/1035] FZHyGNJiPb0/FZHyGNJiPb0_NA_33.633_146.766     offset +3  conf 4.68  (3640 s, ~100 min left)
[391/1035] F_xFSm7bLHs/F_xFSm7bLHs_NA_183.216_189.222    offset +0  conf 7.26  (3652 s, ~100 min left)
[392/1035] F_xFSm7bLHs/F_xFSm7bLHs_NA_443.793_451.684    offset +1  conf 8.26  (3657 s, ~100 min left)
[393/1035] FdtYF-Czm5Y/FdtYF-Czm5Y_NA_921.700_963.380    offset -1  conf 7.04  (3673 s, ~100 min left)
[394/1035] FdtYF-Czm5Y/FdtYF-Czm5Y_NA_10.300_163.540     offset -1  conf 7.95  (3674 s, ~100 min left)
[395/1035] FfkUEYpPsro/FfkUEYpPsro_NA_1125.190_1161.927  offset +0  conf 7.50  (3678 s, ~99 min left)
[396/1035] FfkUEYpPsro/FfkUEYpPsro_NA_94.294_105.171     offset -1  conf 8.02  (3683 s, ~99 min left)
[397/1035] FhqghCsaY7U/FhqghCsaY7U_NA_1063.266_1070.000  offset +1  conf 5.97  (3705 s, ~99 min left)
[398/1035] FhqghCsaY7U/FhqghCsaY7U_NA_993.700_1063.066   offset +1  conf 6.48  (3705 s, ~99 min left)
[399/1035] FjnJiM67F9Y/FjnJiM67F9Y_NA_122.388_132.449    offset -15  conf 0.19  (3711 s, ~99 min left)
[400/1035] FjnJiM67F9Y/FjnJiM67F9Y_NA_96.821_102.627     offset +10  conf 0.40  (3712 s, ~98 min left)
[401/1035] FlyHpoQGjgI/FlyHpoQGjgI_NA_81.866_117.766     offset -1  conf 7.00  (3735 s, ~98 min left)
[402/1035] FlyHpoQGjgI/FlyHpoQGjgI_NA_11.633_26.200      offset +0  conf 5.53  (3737 s, ~98 min left)
[403/1035] Fn67hP0lGic/Fn67hP0lGic_NA_220.220_231.380    offset +0  conf 7.42  (3749 s, ~98 min left)
[404/1035] Fn67hP0lGic/Fn67hP0lGic_NA_972.000_979.580    offset -1  conf 7.49  (3749 s, ~98 min left)
[405/1035] FpsEraHzhpk/FpsEraHzhpk_NA_9.180_15.740       offset -3  conf 7.86  (3769 s, ~98 min left)
[406/1035] FpsEraHzhpk/FpsEraHzhpk_NA_113.220_120.820    offset -3  conf 8.10  (3770 s, ~97 min left)
[407/1035] G6re_PePWf0/G6re_PePWf0_NA_237.500_259.533    offset +1  conf 7.76  (3783 s, ~97 min left)
[408/1035] G6re_PePWf0/G6re_PePWf0_NA_89.300_107.533     offset +1  conf 7.66  (3783 s, ~97 min left)
[409/1035] GJs63YNXOzs/GJs63YNXOzs_NA_957.423_963.095    offset +1  conf 5.35  (3803 s, ~97 min left)
[410/1035] GJs63YNXOzs/GJs63YNXOzs_NA_1005.437_1020.586  offset +1  conf 6.74  (3806 s, ~97 min left)
[411/1035] GOnmcj7ZJtA/GOnmcj7ZJtA_NA_290.980_323.860    offset +0  conf 6.45  (3838 s, ~97 min left)
[412/1035] GOnmcj7ZJtA/GOnmcj7ZJtA_NA_57.940_67.120      offset +0  conf 5.63  (3844 s, ~97 min left)
[413/1035] GQJ37lJwYIo/GQJ37lJwYIo_NA_0.100_27.588       offset -1  conf 7.84  (3846 s, ~97 min left)
[414/1035] GQJ37lJwYIo/GQJ37lJwYIo_NA_85.203_94.522      offset -1  conf 6.71  (3850 s, ~96 min left)
[415/1035] GRy8NIpnYo8/GRy8NIpnYo8_NA_0.100_85.900       offset -1  conf 7.66  (3924 s, ~98 min left)
[416/1035] GRy8NIpnYo8/GRy8NIpnYo8_NA_91.100_105.858     offset -1  conf 8.40  (3930 s, ~97 min left)
[417/1035] GX600u5rfos/GX600u5rfos_NA_119.866_125.300    offset +1  conf 5.82  (3962 s, ~98 min left)
[418/1035] GU7pXUf-HHA/GU7pXUf-HHA_NA_91.566_111.300     offset +1  conf 0.21  (3971 s, ~98 min left)
[419/1035] GX600u5rfos/GX600u5rfos_NA_8.600_17.700       offset +1  conf 5.82  (3976 s, ~97 min left)
[420/1035] GU7pXUf-HHA/GU7pXUf-HHA_NA_1030.666_1061.433  offset +0  conf 0.17  (3977 s, ~97 min left)
[421/1035] GYECOXpadCc/GYECOXpadCc_NA_0.100_23.023       offset +3  conf 2.86  (3998 s, ~97 min left)
[422/1035] GYtXj6YMpZA/GYtXj6YMpZA_NA_1546.936_1562.419  offset +0  conf 8.31  (4013 s, ~97 min left)
[423/1035] GYtXj6YMpZA/GYtXj6YMpZA_NA_833.140_849.540    offset +1  conf 4.40  (4014 s, ~97 min left)
[424/1035] GYECOXpadCc/GYECOXpadCc_NA_517.850_534.267    offset +3  conf 2.43  (4020 s, ~97 min left)
[425/1035] GaWxxAeGiQo/GaWxxAeGiQo_NA_18.400_54.800      offset +0  conf 3.85  (4047 s, ~97 min left)
[426/1035] GZ7g8WVSzDo/GZ7g8WVSzDo_NA_118.487_148.174    offset -1  conf 6.04  (4051 s, ~97 min left)
[427/1035] GcHwwBQ1XKo/GcHwwBQ1XKo_NA_133.833_194.260    offset +0  conf 7.73  (4071 s, ~97 min left)
[428/1035] GcHwwBQ1XKo/GcHwwBQ1XKo_NA_59.859_71.571      offset +0  conf 8.75  (4075 s, ~96 min left)
[429/1035] Ge-YHwLNZrQ/Ge-YHwLNZrQ_NA_985.016_1001.691   offset +0  conf 5.88  (4123 s, ~97 min left)
[430/1035] Ge-YHwLNZrQ/Ge-YHwLNZrQ_NA_0.100_53.316       offset +0  conf 6.42  (4123 s, ~97 min left)
[431/1035] Gf2u_MOfgiE/Gf2u_MOfgiE_NA_0.100_229.600      offset +1  conf 4.67  (4128 s, ~96 min left)
[432/1035] Gf2u_MOfgiE/Gf2u_MOfgiE_NA_498.200_520.833    offset +2  conf 4.41  (4138 s, ~96 min left)
[433/1035] GgFmwIIRics/GgFmwIIRics_NA_148.933_174.816    offset +0  conf 7.96  (4187 s, ~97 min left)
[434/1035] GgFmwIIRics/GgFmwIIRics_NA_303.266_312.983    offset +0  conf 8.52  (4191 s, ~97 min left)
[435/1035] H3yZUfZV9UM/H3yZUfZV9UM_NA_0.100_82.191       offset -2  conf 5.01  (4195 s, ~96 min left)
[436/1035] H3yZUfZV9UM/H3yZUfZV9UM_NA_90.850_102.400     offset -1  conf 4.36  (4198 s, ~96 min left)
[437/1035] HCzTr4x4CcA/HCzTr4x4CcA_NA_1560.975_1586.268  offset +1  conf 7.66  (4215 s, ~96 min left)
[438/1035] HEWudiLQam4/HEWudiLQam4_NA_1051.350_1072.204  offset -2  conf 7.49  (4220 s, ~96 min left)
[439/1035] HFUuwEn90Oo/HFUuwEn90Oo_NA_171.933_179.108    offset -1  conf 6.42  (4227 s, ~96 min left)
[440/1035] HEWudiLQam4/HEWudiLQam4_NA_1764.996_1893.758  offset -2  conf 5.59  (4228 s, ~95 min left)
[441/1035] HFUuwEn90Oo/HFUuwEn90Oo_NA_454.725_465.441    offset -1  conf 7.06  (4242 s, ~95 min left)
[442/1035] HGU00nUX9po/HGU00nUX9po_NA_0.100_10.035       offset -2  conf 5.86  (4247 s, ~95 min left)
[443/1035] HHK5FuOCGyU/HHK5FuOCGyU_NA_161.636_174.741    offset -2  conf 6.50  (4260 s, ~95 min left)
[444/1035] HGU00nUX9po/HGU00nUX9po_NA_902.418_916.649    offset -2  conf 6.49  (4260 s, ~94 min left)
[445/1035] HHK5FuOCGyU/HHK5FuOCGyU_NA_77.260_85.110      offset -2  conf 7.10  (4268 s, ~94 min left)
[446/1035] HIB8rII8H1w/HIB8rII8H1w_NA_151.650_170.933    offset +1  conf 4.52  (4273 s, ~94 min left)
[447/1035] HJgyiVgLVwY/HJgyiVgLVwY_NA_99.699_105.046     offset -4  conf 7.82  (4293 s, ~94 min left)
[448/1035] HIB8rII8H1w/HIB8rII8H1w_NA_88.783_145.816     offset +1  conf 5.66  (4295 s, ~94 min left)
[449/1035] HJgyiVgLVwY/HJgyiVgLVwY_NA_277.585_290.481    offset -4  conf 7.84  (4295 s, ~93 min left)
[450/1035] HKkOOKULNV8/HKkOOKULNV8_NA_0.100_15.633       offset +0  conf 3.80  (4300 s, ~93 min left)
[451/1035] HKkOOKULNV8/HKkOOKULNV8_NA_69.100_106.100     offset +0  conf 3.84  (4320 s, ~93 min left)
[452/1035] HMFvslTwZos/HMFvslTwZos_NA_0.100_6.460        offset -3  conf 3.25  (4323 s, ~93 min left)
[453/1035] HMFvslTwZos/HMFvslTwZos_NA_26.340_53.940      offset -3  conf 3.91  (4327 s, ~93 min left)
[454/1035] HRM_fxZzO-c/HRM_fxZzO-c_NA_0.100_13.266       offset -2  conf 7.51  (4329 s, ~92 min left)
[455/1035] HSmuUsutACM/HSmuUsutACM_NA_0.100_6.072        offset -1  conf 4.74  (4346 s, ~92 min left)
[456/1035] HSmuUsutACM/HSmuUsutACM_NA_518.743_525.800    offset -2  conf 6.26  (4352 s, ~92 min left)
[457/1035] HX6iBZkucRk/HX6iBZkucRk_NA_817.066_855.066    offset +0  conf 9.48  (4359 s, ~92 min left)
[458/1035] HX6iBZkucRk/HX6iBZkucRk_NA_137.900_165.533    offset +0  conf 11.26  (4359 s, ~92 min left)
[459/1035] HZQVgCYIWq8/HZQVgCYIWq8_NA_134.734_146.254    offset -1  conf 7.31  (4372 s, ~91 min left)
[460/1035] HZQVgCYIWq8/HZQVgCYIWq8_NA_92.483_97.664      offset -1  conf 3.82  (4377 s, ~91 min left)
[461/1035] HaLSmIIJTUU/HaLSmIIJTUU_NA_0.100_157.833      offset -1  conf 3.85  (4391 s, ~91 min left)
[462/1035] HaLSmIIJTUU/HaLSmIIJTUU_NA_158.033_598.633    offset +0  conf 3.13  (4391 s, ~91 min left)
[463/1035] Hb43o3cVUlc/Hb43o3cVUlc_NA_21.054_28.561      offset -15  conf 0.34  (4397 s, ~91 min left)
[464/1035] Hd0EukmwwWI/Hd0EukmwwWI_NA_166.266_174.657    offset -1  conf 4.18  (4403 s, ~90 min left)
[465/1035] Hd0EukmwwWI/Hd0EukmwwWI_NA_27.210_33.183      offset -1  conf 4.96  (4418 s, ~90 min left)
[466/1035] Hf8aG4sK4XE/Hf8aG4sK4XE_NA_1001.533_1008.340  offset +1  conf 1.55  (4418 s, ~90 min left)
[467/1035] Hf8aG4sK4XE/Hf8aG4sK4XE_NA_991.740_1001.333   offset +1  conf 7.02  (4421 s, ~90 min left)
[468/1035] Hh1idR1XkC4/Hh1idR1XkC4_NA_107.081_112.804    offset -1  conf 6.07  (4426 s, ~89 min left)
[469/1035] Hi3cylHtYAk/Hi3cylHtYAk_NA_1026.725_1051.784  offset +0  conf 5.93  (4448 s, ~89 min left)
[470/1035] Hh1idR1XkC4/Hh1idR1XkC4_NA_95.737_106.881     offset +0  conf 8.10  (4451 s, ~89 min left)
[471/1035] Hi3cylHtYAk/Hi3cylHtYAk_NA_901.533_1026.525   offset +0  conf 5.86  (4453 s, ~89 min left)
[472/1035] I0nXG02tpDw/I0nXG02tpDw_NA_2.735_51.117       offset +0  conf 6.56  (4457 s, ~89 min left)
[473/1035] I0nXG02tpDw/I0nXG02tpDw_NA_54.354_64.397      offset +0  conf 6.34  (4480 s, ~89 min left)
[474/1035] IkN6eM3acc4/IkN6eM3acc4_NA_12.100_19.833      offset +1  conf 8.00  (4486 s, ~88 min left)
[475/1035] IkN6eM3acc4/IkN6eM3acc4_NA_499.333_537.533    offset +1  conf 6.55  (4490 s, ~88 min left)
[476/1035] JYeprwy5UZA/JYeprwy5UZA_NA_139.839_194.427    offset +0  conf 6.07  (4490 s, ~88 min left)
[477/1035] JYeprwy5UZA/JYeprwy5UZA_NA_56.422_139.639     offset -1  conf 6.95  (4510 s, ~88 min left)
[478/1035] JvaMZ1opC4E/JvaMZ1opC4E_NA_293.860_302.936    offset +0  conf 7.59  (4516 s, ~88 min left)
[479/1035] JvaMZ1opC4E/JvaMZ1opC4E_NA_307.106_317.116    offset +0  conf 7.21  (4520 s, ~87 min left)
[480/1035] L3cT18yibI4/L3cT18yibI4_NA_372.225_474.358    offset +0  conf 5.90  (4536 s, ~87 min left)
[481/1035] LisfdUGzBN4/LisfdUGzBN4_NA_135.366_152.633    offset +2  conf 4.39  (4536 s, ~87 min left)
[482/1035] LisfdUGzBN4/LisfdUGzBN4_NA_334.533_358.066    offset +2  conf 5.45  (4543 s, ~87 min left)
[483/1035] M1PI6TKHmMM/M1PI6TKHmMM_NA_1040.940_1058.900  offset -1  conf 4.34  (4548 s, ~87 min left)
[484/1035] MdYRmnUuBSI/MdYRmnUuBSI_NA_465.666_475.066    offset +1  conf 7.15  (4569 s, ~87 min left)
[485/1035] M1PI6TKHmMM/M1PI6TKHmMM_NA_847.180_859.500    offset -1  conf 6.47  (4569 s, ~86 min left)
[486/1035] MdYRmnUuBSI/MdYRmnUuBSI_NA_94.700_102.800     offset +1  conf 9.26  (4577 s, ~86 min left)
[487/1035] Np94o1Qalag/Np94o1Qalag_NA_1224.614_1230.003  offset -2  conf 3.21  (4596 s, ~86 min left)
[488/1035] N9e2MMcIjXA/N9e2MMcIjXA_NA_1013.545_1028.894  offset -1  conf 6.68  (4597 s, ~86 min left)
[489/1035] OkkjUuJL6sc/OkkjUuJL6sc_NA_112.503_121.104    offset +0  conf 6.87  (4605 s, ~86 min left)
[490/1035] N9e2MMcIjXA/N9e2MMcIjXA_NA_981.246_997.529    offset -1  conf 6.77  (4618 s, ~86 min left)
[491/1035] P5g8vrUnXBk/P5g8vrUnXBk_NA_78.600_84.133      offset +1  conf 8.71  (4631 s, ~86 min left)
[492/1035] OkkjUuJL6sc/OkkjUuJL6sc_NA_76.384_99.416      offset +1  conf 7.61  (4633 s, ~85 min left)
[493/1035] P5g8vrUnXBk/P5g8vrUnXBk_NA_0.100_17.600       offset +1  conf 9.33  (4633 s, ~85 min left)
[494/1035] PaB88TxdwTM/PaB88TxdwTM_NA_1019.084_1033.766  offset +4  conf 7.16  (4694 s, ~86 min left)
[495/1035] PaB88TxdwTM/PaB88TxdwTM_NA_95.662_100.967     offset -1  conf 2.76  (4702 s, ~85 min left)
[496/1035] PfQfaQ4z-Lk/PfQfaQ4z-Lk_NA_117.100_122.706    offset +0  conf 8.03  (4719 s, ~85 min left)
[497/1035] PfQfaQ4z-Lk/PfQfaQ4z-Lk_NA_625.858_704.820    offset +0  conf 8.80  (4720 s, ~85 min left)
[498/1035] Q3nOrKebDwk/Q3nOrKebDwk_NA_18.159_30.805      offset -2  conf 8.92  (4750 s, ~85 min left)
[499/1035] Q3nOrKebDwk/Q3nOrKebDwk_NA_4.354_12.996       offset -2  conf 7.60  (4758 s, ~85 min left)
[500/1035] QgClcmL0UyM/QgClcmL0UyM_NA_489.100_515.700    offset -2  conf 6.13  (4785 s, ~85 min left)
[501/1035] QgClcmL0UyM/QgClcmL0UyM_NA_684.633_706.100    offset -2  conf 6.96  (4790 s, ~85 min left)
[502/1035] QVz5kC2ZF08/QVz5kC2ZF08_NA_588.333_603.766    offset +2  conf 6.33  (4790 s, ~85 min left)
[503/1035] QVz5kC2ZF08/QVz5kC2ZF08_NA_378.166_399.600    offset +3  conf 7.79  (4790 s, ~84 min left)
[504/1035] R7-7_rPROPo/R7-7_rPROPo_NA_0.100_6.433        offset +0  conf 7.86  (4816 s, ~85 min left)
[505/1035] R7-7_rPROPo/R7-7_rPROPo_NA_66.366_72.066      offset +0  conf 7.55  (4821 s, ~84 min left)
[506/1035] RM1wxvtNf88/RM1wxvtNf88_NA_116.260_127.380    offset +1  conf 7.24  (4844 s, ~84 min left)
[507/1035] RM1wxvtNf88/RM1wxvtNf88_NA_93.420_103.060     offset +1  conf 8.95  (4845 s, ~84 min left)
[508/1035] Rxwz_5k-gQU/Rxwz_5k-gQU_NA_0.100_31.698       offset +0  conf 7.94  (4884 s, ~84 min left)
[509/1035] Rxwz_5k-gQU/Rxwz_5k-gQU_NA_742.408_764.997    offset +0  conf 4.08  (4884 s, ~84 min left)
[510/1035] SFKq7Gk5xs8/SFKq7Gk5xs8_NA_104.666_109.866    offset +0  conf 6.81  (4916 s, ~84 min left)
[511/1035] SFKq7Gk5xs8/SFKq7Gk5xs8_NA_87.266_104.466     offset +0  conf 7.07  (4920 s, ~84 min left)
[512/1035] SVd_g15VmKo/SVd_g15VmKo_NA_571.700_576.900    offset -1  conf 8.85  (4950 s, ~84 min left)
[513/1035] SVd_g15VmKo/SVd_g15VmKo_NA_150.500_182.500    offset -1  conf 7.22  (4950 s, ~84 min left)
[514/1035] RXNiHW3Z9G0/RXNiHW3Z9G0_NA_862.795_886.752    offset +1  conf 7.87  (4956 s, ~84 min left)
[515/1035] RXNiHW3Z9G0/RXNiHW3Z9G0_NA_0.100_38.905       offset +1  conf 8.52  (4956 s, ~83 min left)
[516/1035] TYItz3wOO28/TYItz3wOO28_NA_0.100_5.947        offset -2  conf 7.99  (4980 s, ~83 min left)
[517/1035] SqDTc2GaP3k/SqDTc2GaP3k_NA_812.820_894.980    offset -4  conf 7.02  (4980 s, ~83 min left)
[518/1035] TsJU99lufEw/TsJU99lufEw_NA_112.011_120.887    offset +2  conf 9.39  (4987 s, ~83 min left)
[519/1035] TYItz3wOO28/TYItz3wOO28_NA_967.733_975.416    offset -1  conf 8.73  (4988 s, ~83 min left)
[520/1035] TsJU99lufEw/TsJU99lufEw_NA_96.563_108.742     offset +2  conf 9.29  (5014 s, ~83 min left)
[521/1035] TwQpWTRJjV0/TwQpWTRJjV0_NA_101.075_135.368    offset -2  conf 7.38  (5014 s, ~82 min left)
[522/1035] TwQpWTRJjV0/TwQpWTRJjV0_NA_7.732_25.717       offset -2  conf 8.27  (5023 s, ~82 min left)
[523/1035] Tx2QKkaIRU8/Tx2QKkaIRU8_NA_641.373_650.550    offset +1  conf 5.04  (5023 s, ~82 min left)
[524/1035] U-6fv09KCDw/U-6fv09KCDw_NA_80.647_107.307     offset -1  conf 5.94  (5045 s, ~82 min left)
[525/1035] U-6fv09KCDw/U-6fv09KCDw_NA_260.460_281.147    offset -1  conf 5.09  (5045 s, ~82 min left)
[526/1035] U0lPxA0cT9c/U0lPxA0cT9c_NA_0.100_52.266       offset +2  conf 7.72  (5057 s, ~82 min left)
[527/1035] U09KubROTD0/U09KubROTD0_NA_0.809_788.646      offset -1  conf 3.09  (5057 s, ~81 min left)
[528/1035] U2qKv_3xSmU/U2qKv_3xSmU_NA_250.533_275.000    offset +2  conf 5.37  (5074 s, ~81 min left)
[529/1035] U2qKv_3xSmU/U2qKv_3xSmU_NA_158.066_250.333    offset +1  conf 4.48  (5074 s, ~81 min left)
[530/1035] U3iqhVZelU0/U3iqhVZelU0_NA_932.000_945.800    offset +2  conf 5.70  (5090 s, ~81 min left)
[531/1035] U3iqhVZelU0/U3iqhVZelU0_NA_0.100_9.666        offset +1  conf 6.48  (5090 s, ~81 min left)
[532/1035] U4q9COX1_vU/U4q9COX1_vU_NA_528.900_743.820    offset -3  conf 6.88  (5106 s, ~80 min left)
[533/1035] U6AbISBGexE/U6AbISBGexE_NA_12.780_29.420      offset -1  conf 9.13  (5107 s, ~80 min left)
[534/1035] U6AbISBGexE/U6AbISBGexE_NA_95.020_122.300     offset -1  conf 8.34  (5121 s, ~80 min left)
[535/1035] U8Hs2SANKsk/U8Hs2SANKsk_NA_219.666_237.400    offset -1  conf 3.01  (5122 s, ~80 min left)
[536/1035] U8sxKA9UVU4/U8sxKA9UVU4_NA_32.999_39.572      offset +3  conf 5.07  (5135 s, ~80 min left)
[537/1035] U8sxKA9UVU4/U8sxKA9UVU4_NA_17.250_32.799      offset +3  conf 7.91  (5138 s, ~79 min left)
[538/1035] UAqqeW9LYwU/UAqqeW9LYwU_NA_61.361_182.115     offset +1  conf 8.37  (5157 s, ~79 min left)
[539/1035] UCIYs_7GC8A/UCIYs_7GC8A_NA_1426.458_1433.732  offset +2  conf 8.37  (5157 s, ~79 min left)
[540/1035] UCIYs_7GC8A/UCIYs_7GC8A_NA_3074.604_3079.943  offset +2  conf 6.12  (5161 s, ~79 min left)
[541/1035] UEvzMQ2yAGc/UEvzMQ2yAGc_NA_0.100_6.364        offset -2  conf 6.33  (5163 s, ~79 min left)
[542/1035] UEvzMQ2yAGc/UEvzMQ2yAGc_NA_978.702_992.516    offset -3  conf 4.73  (5190 s, ~79 min left)
[543/1035] UItfbdI0oNc/UItfbdI0oNc_NA_124.140_168.060    offset -1  conf 5.93  (5190 s, ~78 min left)
[544/1035] UItfbdI0oNc/UItfbdI0oNc_NA_9.740_16.300       offset -1  conf 5.77  (5192 s, ~78 min left)
[545/1035] UYKH_24PHao/UYKH_24PHao_NA_0.100_27.100       offset +1  conf 6.46  (5195 s, ~78 min left)
[546/1035] UYKH_24PHao/UYKH_24PHao_NA_28.133_34.566      offset +1  conf 4.75  (5226 s, ~78 min left)
[547/1035] VbK4Fp7h1Lg/VbK4Fp7h1Lg_NA_1055.220_1061.220  offset -3  conf 7.63  (5226 s, ~78 min left)
[548/1035] VbK4Fp7h1Lg/VbK4Fp7h1Lg_NA_950.900_1013.860   offset -3  conf 8.02  (5230 s, ~77 min left)
[549/1035] WSNsCY6lkOM/WSNsCY6lkOM_NA_1052.651_1135.234  offset +0  conf 8.27  (5231 s, ~77 min left)
[550/1035] X-pyoVQQoFw/X-pyoVQQoFw_NA_115.500_135.933    offset +1  conf 7.07  (5260 s, ~77 min left)
[551/1035] WSNsCY6lkOM/WSNsCY6lkOM_NA_917.082_1052.451   offset +0  conf 7.47  (5264 s, ~77 min left)
[552/1035] XK2Z8495QgA/XK2Z8495QgA_NA_0.100_18.266       offset +0  conf 2.73  (5264 s, ~77 min left)
[553/1035] X-pyoVQQoFw/X-pyoVQQoFw_NA_558.133_633.533    offset +1  conf 5.95  (5265 s, ~76 min left)
[554/1035] XK2Z8495QgA/XK2Z8495QgA_NA_792.566_850.233    offset +0  conf 5.62  (5288 s, ~77 min left)
[555/1035] XV_W6kPqR9U/XV_W6kPqR9U_NA_113.780_119.860    offset +13  conf 0.91  (5297 s, ~76 min left)
[556/1035] Y9PjQ1Nqqzs/Y9PjQ1Nqqzs_NA_1250.300_1296.000  offset +2  conf 6.22  (5297 s, ~76 min left)
[557/1035] XV_W6kPqR9U/XV_W6kPqR9U_NA_91.100_101.900     offset +0  conf 8.10  (5299 s, ~76 min left)
[558/1035] Y9PjQ1Nqqzs/Y9PjQ1Nqqzs_NA_95.533_118.333     offset +2  conf 5.31  (5315 s, ~76 min left)
[559/1035] YtQUEOmCsV0/YtQUEOmCsV0_NA_155.850_161.150    offset +0  conf 5.59  (5324 s, ~76 min left)
[560/1035] YfOBIOwoGpA/YfOBIOwoGpA_NA_20.066_113.633     offset +1  conf 6.77  (5329 s, ~75 min left)
[561/1035] Z_zn0KY5__I/Z_zn0KY5__I_NA_0.100_160.020      offset +0  conf 5.17  (5330 s, ~75 min left)
[562/1035] _6ByQuSEb2g/_6ByQuSEb2g_NA_14.740_44.660      offset -1  conf 6.26  (5341 s, ~75 min left)
[563/1035] _6ByQuSEb2g/_6ByQuSEb2g_NA_77.700_107.660     offset -1  conf 5.94  (5353 s, ~75 min left)
[564/1035] _jhjMTKoqPg/_jhjMTKoqPg_NA_742.220_771.940    offset +0  conf 9.43  (5360 s, ~75 min left)
[565/1035] _jhjMTKoqPg/_jhjMTKoqPg_NA_132.140_148.580    offset -1  conf 10.21  (5360 s, ~74 min left)
[566/1035] _kyB9qF5JrQ/_kyB9qF5JrQ_NA_0.100_7.741        offset +0  conf 6.64  (5368 s, ~74 min left)
[567/1035] _kyB9qF5JrQ/_kyB9qF5JrQ_NA_86.920_127.193     offset +0  conf 9.74  (5380 s, ~74 min left)
[568/1035] _odF0xLeb-0/_odF0xLeb-0_NA_140.323_160.844    offset +0  conf 7.73  (5396 s, ~74 min left)
[569/1035] _odF0xLeb-0/_odF0xLeb-0_NA_785.651_821.737    offset +0  conf 7.70  (5396 s, ~74 min left)
[570/1035] _pI3wjIzq80/_pI3wjIzq80_NA_0.100_9.743        offset -2  conf 7.66  (5397 s, ~73 min left)
[571/1035] _pI3wjIzq80/_pI3wjIzq80_NA_94.319_102.293     offset -2  conf 8.56  (5408 s, ~73 min left)
[572/1035] aFTUT5Ea82o/aFTUT5Ea82o_NA_0.100_51.933       offset +1  conf 3.43  (5426 s, ~73 min left)
[573/1035] a9Clgw3iW8g/a9Clgw3iW8g_NA_865.350_900.233    offset +0  conf 7.74  (5431 s, ~73 min left)
[574/1035] a9Clgw3iW8g/a9Clgw3iW8g_NA_108.475_116.233    offset +0  conf 7.47  (5431 s, ~73 min left)
[575/1035] aFTUT5Ea82o/aFTUT5Ea82o_NA_52.133_174.000     offset +1  conf 5.64  (5434 s, ~72 min left)
[576/1035] agu7C1dYuk8/agu7C1dYuk8_NA_0.100_13.933       offset +1  conf 9.77  (5455 s, ~72 min left)
[577/1035] b-pPanoZWQ4/b-pPanoZWQ4_NA_18.685_25.091      offset -1  conf 9.21  (5462 s, ~72 min left)
[578/1035] b-pPanoZWQ4/b-pPanoZWQ4_NA_660.893_668.467    offset +0  conf 8.56  (5466 s, ~72 min left)
[579/1035] agu7C1dYuk8/agu7C1dYuk8_NA_851.300_929.233    offset +1  conf 8.65  (5469 s, ~72 min left)
[580/1035] c-5Qhai5_HU/c-5Qhai5_HU_NA_105.558_111.150    offset -1  conf 7.79  (5494 s, ~72 min left)
[581/1035] c-5Qhai5_HU/c-5Qhai5_HU_NA_66.641_72.566      offset -1  conf 6.70  (5498 s, ~72 min left)
[582/1035] bG1S7GiPGUk/bG1S7GiPGUk_NA_100.450_115.056    offset -1  conf 3.86  (5508 s, ~71 min left)
[583/1035] bG1S7GiPGUk/bG1S7GiPGUk_NA_92.150_98.665      offset -1  conf 4.33  (5510 s, ~71 min left)
[584/1035] dKLAObAY7Mo/dKLAObAY7Mo_NA_680.580_717.000    offset -1  conf 8.12  (5549 s, ~71 min left)
[585/1035] dKLAObAY7Mo/dKLAObAY7Mo_NA_216.140_340.340    offset -1  conf 9.54  (5553 s, ~71 min left)
[586/1035] cXUEj2y6VQM/cXUEj2y6VQM_NA_138.446_146.046    offset -1  conf 8.68  (5562 s, ~71 min left)
[587/1035] cXUEj2y6VQM/cXUEj2y6VQM_NA_84.559_93.493      offset -2  conf 6.16  (5568 s, ~71 min left)
[588/1035] dXM05zCZ20E/dXM05zCZ20E_NA_0.100_615.848      offset -2  conf 8.29  (5577 s, ~71 min left)
[589/1035] dXM05zCZ20E/dXM05zCZ20E_NA_631.105_809.500    offset -2  conf 5.66  (5583 s, ~70 min left)
[590/1035] dsIYVbw-qZQ/dsIYVbw-qZQ_NA_245.945_259.559    offset +1  conf 5.65  (5592 s, ~70 min left)
[591/1035] dsIYVbw-qZQ/dsIYVbw-qZQ_NA_269.669_298.498    offset +2  conf 6.62  (5599 s, ~70 min left)
[592/1035] evfBRy415aA/evfBRy415aA_NA_129.362_142.358    offset +0  conf 5.90  (5629 s, ~70 min left)
[593/1035] evfBRy415aA/evfBRy415aA_NA_75.225_109.959     offset +1  conf 7.55  (5633 s, ~70 min left)
[594/1035] efoLi2N0018/efoLi2N0018_NA_0.100_13.300       offset +1  conf 8.06  (5635 s, ~70 min left)
[595/1035] efoLi2N0018/efoLi2N0018_NA_974.766_1181.600   offset +1  conf 5.80  (5639 s, ~69 min left)
[596/1035] fZ90uhKW9g4/fZ90uhKW9g4_NA_3.180_15.740       offset +0  conf 6.89  (5660 s, ~69 min left)
[597/1035] fiAAlkytibA/fiAAlkytibA_NA_123.990_162.062    offset +0  conf 8.04  (5668 s, ~69 min left)
[598/1035] fZ90uhKW9g4/fZ90uhKW9g4_NA_856.220_894.940    offset +0  conf 8.39  (5674 s, ~69 min left)
[599/1035] fiAAlkytibA/fiAAlkytibA_NA_737.336_850.116    offset +0  conf 8.48  (5674 s, ~69 min left)
[600/1035] gVi4fYxQiJk/gVi4fYxQiJk_NA_7.233_13.400       offset +3  conf 4.85  (5688 s, ~69 min left)
[601/1035] hScGfXjA4No/hScGfXjA4No_NA_112.666_183.733    offset +2  conf 6.74  (5700 s, ~69 min left)
[602/1035] hScGfXjA4No/hScGfXjA4No_NA_904.766_930.166    offset +2  conf 5.82  (5707 s, ~68 min left)
[603/1035] huIUDGihEsI/huIUDGihEsI_NA_107.907_114.781    offset +1  conf 7.16  (5715 s, ~68 min left)
[604/1035] iLxsNjdfT8c/iLxsNjdfT8c_NA_159.220_165.460    offset -1  conf 6.81  (5728 s, ~68 min left)
[605/1035] huIUDGihEsI/huIUDGihEsI_NA_89.556_95.495      offset +1  conf 7.34  (5728 s, ~68 min left)
[606/1035] iLxsNjdfT8c/iLxsNjdfT8c_NA_86.980_93.220      offset -2  conf 6.95  (5737 s, ~68 min left)
[607/1035] i_n2EHHb1iw/i_n2EHHb1iw_NA_332.120_343.600    offset -1  conf 6.98  (5746 s, ~68 min left)
[608/1035] iwVDtHj_KqE/iwVDtHj_KqE_NA_73.633_78.833      offset +1  conf 5.99  (5773 s, ~68 min left)
[609/1035] iwVDtHj_KqE/iwVDtHj_KqE_NA_108.666_114.400    offset +1  conf 5.66  (5776 s, ~67 min left)
[610/1035] ixZHNh0a72U/ixZHNh0a72U_NA_0.100_5.300        offset -1  conf 5.82  (5777 s, ~67 min left)
[611/1035] ixZHNh0a72U/ixZHNh0a72U_NA_39.700_64.500      offset -1  conf 5.88  (5794 s, ~67 min left)
[612/1035] iz88DpCetXg/iz88DpCetXg_NA_86.085_93.059      offset -1  conf 5.47  (5841 s, ~67 min left)
[613/1035] j0DQ5GH0i4g/j0DQ5GH0i4g_NA_0.100_38.154       offset +0  conf 6.99  (5846 s, ~67 min left)
[614/1035] iz88DpCetXg/iz88DpCetXg_NA_0.100_10.844       offset -1  conf 6.27  (5852 s, ~67 min left)
[615/1035] j0DQ5GH0i4g/j0DQ5GH0i4g_NA_93.443_103.336     offset +0  conf 6.51  (5856 s, ~67 min left)
[616/1035] j2s31vS3H7I/j2s31vS3H7I_NA_291.558_296.816    offset -2  conf 8.03  (5883 s, ~67 min left)
[617/1035] j2s31vS3H7I/j2s31vS3H7I_NA_608.475_614.900    offset -2  conf 5.89  (5899 s, ~67 min left)
[618/1035] j6dhyUfOl8A/j6dhyUfOl8A_NA_0.100_6.056        offset +1  conf 6.26  (5912 s, ~66 min left)
[619/1035] j4ZmkyD0uV8/j4ZmkyD0uV8_NA_10.975_41.650      offset -3  conf 7.28  (5918 s, ~66 min left)
[620/1035] j4ZmkyD0uV8/j4ZmkyD0uV8_NA_973.558_1002.233   offset -3  conf 6.63  (5920 s, ~66 min left)
[621/1035] j6dhyUfOl8A/j6dhyUfOl8A_NA_998.914_1019.585   offset +2  conf 5.34  (5931 s, ~66 min left)
[622/1035] jCd70IqiOKs/jCd70IqiOKs_NA_11.533_21.433      offset -1  conf 10.58  (5947 s, ~66 min left)
[623/1035] jCd70IqiOKs/jCd70IqiOKs_NA_84.466_132.950     offset -1  conf 9.51  (5959 s, ~66 min left)
[624/1035] j9SB4nnJGrQ/j9SB4nnJGrQ_NA_0.100_12.900       offset +0  conf 9.65  (5972 s, ~66 min left)
[625/1035] j9SB4nnJGrQ/j9SB4nnJGrQ_NA_97.620_193.620     offset +0  conf 10.04  (5973 s, ~65 min left)
[626/1035] jDfSPXJa0TQ/jDfSPXJa0TQ_NA_27.794_38.738      offset +3  conf 5.76  (5974 s, ~65 min left)
[627/1035] jDfSPXJa0TQ/jDfSPXJa0TQ_NA_384.517_404.404    offset +3  conf 7.53  (5989 s, ~65 min left)
[628/1035] jJMqE1enPhs/jJMqE1enPhs_NA_751.600_756.906    offset -2  conf 5.93  (6003 s, ~65 min left)
[629/1035] jHiUMic2o20/jHiUMic2o20_NA_66.066_72.033      offset +2  conf 8.16  (6025 s, ~65 min left)
[630/1035] jHiUMic2o20/jHiUMic2o20_NA_0.100_20.200       offset +2  conf 8.30  (6036 s, ~65 min left)
[631/1035] jLxW7_k4EPE/jLxW7_k4EPE_NA_21.533_31.366      offset -2  conf 6.03  (6063 s, ~65 min left)
[632/1035] jLxW7_k4EPE/jLxW7_k4EPE_NA_64.933_71.300      offset -2  conf 8.62  (6064 s, ~64 min left)
[633/1035] jP4jcXBzHp8/jP4jcXBzHp8_NA_1091.974_1101.016  offset +1  conf 6.46  (6099 s, ~65 min left)
[634/1035] jP4jcXBzHp8/jP4jcXBzHp8_NA_889.972_904.353    offset +1  conf 5.82  (6099 s, ~64 min left)
[635/1035] jRjlKuyd3Kk/jRjlKuyd3Kk_NA_1027.466_1058.200  offset +1  conf 8.59  (6133 s, ~64 min left)
[636/1035] jRjlKuyd3Kk/jRjlKuyd3Kk_NA_976.766_1001.433   offset +1  conf 7.88  (6133 s, ~64 min left)
[637/1035] jSbS5xefAoM/jSbS5xefAoM_NA_515.980_539.620    offset -2  conf 5.64  (6165 s, ~64 min left)
[638/1035] jSbS5xefAoM/jSbS5xefAoM_NA_646.140_743.300    offset -3  conf 4.36  (6165 s, ~64 min left)
[639/1035] jNqhUIYZM8Q/jNqhUIYZM8Q_NA_384.766_391.816    offset -1  conf 7.76  (6170 s, ~64 min left)
[640/1035] jTZH3ZCZdOU/jTZH3ZCZdOU_NA_219.200_263.966    offset -1  conf 5.45  (6205 s, ~64 min left)
[641/1035] jTZH3ZCZdOU/jTZH3ZCZdOU_NA_440.933_449.966    offset -1  conf 4.61  (6205 s, ~64 min left)
[642/1035] jNqhUIYZM8Q/jNqhUIYZM8Q_NA_1333.058_1343.233  offset +0  conf 3.58  (6234 s, ~64 min left)
[643/1035] jXncD5ONQdg/jXncD5ONQdg_NA_0.100_49.600       offset +2  conf 6.00  (6247 s, ~63 min left)
[644/1035] jXncD5ONQdg/jXncD5ONQdg_NA_840.766_860.933    offset +2  conf 5.54  (6262 s, ~63 min left)
[645/1035] jYU6hv4-4qI/jYU6hv4-4qI_NA_1184.616_1249.281  offset +0  conf 8.49  (6277 s, ~63 min left)
[646/1035] jYU6hv4-4qI/jYU6hv4-4qI_NA_912.878_1025.357   offset +0  conf 8.19  (6298 s, ~63 min left)
[647/1035] jWQ7eKglSv8/jWQ7eKglSv8_NA_219.666_292.533    offset -1  conf 9.94  (6314 s, ~63 min left)
[648/1035] jWQ7eKglSv8/jWQ7eKglSv8_NA_896.433_985.816    offset -3  conf 9.65  (6330 s, ~63 min left)
[649/1035] jZAndF8xPzg/jZAndF8xPzg_NA_115.548_138.304    offset +1  conf 7.03  (6330 s, ~63 min left)
[650/1035] jZAndF8xPzg/jZAndF8xPzg_NA_779.845_784.984    offset +1  conf 6.36  (6344 s, ~63 min left)
[651/1035] j_JkJXUv-Jg/j_JkJXUv-Jg_NA_26.100_33.300      offset -1  conf 5.80  (6357 s, ~63 min left)
[652/1035] jcju4mGj-Yc/jcju4mGj-Yc_NA_53.153_61.795      offset -1  conf 8.16  (6370 s, ~62 min left)
[653/1035] j_JkJXUv-Jg/j_JkJXUv-Jg_NA_437.166_443.900    offset -1  conf 6.75  (6378 s, ~62 min left)
[654/1035] jdNThQHw7vo/jdNThQHw7vo_NA_17.660_23.140      offset -1  conf 4.20  (6383 s, ~62 min left)
[655/1035] jetNMoUTmd4/jetNMoUTmd4_NA_274.173_279.746    offset -1  conf 7.03  (6393 s, ~62 min left)
[656/1035] jf5z5YsGbQY/jf5z5YsGbQY_NA_117.116_127.627    offset +0  conf 7.33  (6415 s, ~62 min left)
[657/1035] jetNMoUTmd4/jetNMoUTmd4_NA_293.593_299.365    offset -1  conf 8.65  (6416 s, ~62 min left)
[658/1035] jf5z5YsGbQY/jf5z5YsGbQY_NA_595.528_602.201    offset +0  conf 6.63  (6416 s, ~61 min left)
[659/1035] jjcpG1NINy0/jjcpG1NINy0_NA_186.719_192.358    offset +0  conf 3.66  (6451 s, ~61 min left)
[660/1035] jhxpp2S9jvg/jhxpp2S9jvg_NA_57.666_70.200      offset -1  conf 7.15  (6451 s, ~61 min left)
[661/1035] jhxpp2S9jvg/jhxpp2S9jvg_NA_6.433_52.133       offset -1  conf 6.20  (6452 s, ~61 min left)
[662/1035] jgXxmmHH71A/jgXxmmHH71A_NA_250.950_257.223    offset +0  conf 8.73  (6473 s, ~61 min left)
[663/1035] jm0JwXT2O0M/jm0JwXT2O0M_NA_803.033_810.100    offset +0  conf 6.61  (6484 s, ~61 min left)
[664/1035] jjcpG1NINy0/jjcpG1NINy0_NA_602.168_607.940    offset +0  conf 4.78  (6485 s, ~60 min left)
[665/1035] jmmbm_VhrwI/jmmbm_VhrwI_NA_160.933_167.066    offset -1  conf 1.70  (6485 s, ~60 min left)
[666/1035] jmmbm_VhrwI/jmmbm_VhrwI_NA_87.133_96.433      offset -1  conf 2.63  (6521 s, ~60 min left)
[667/1035] jpSSw1mwb-Q/jpSSw1mwb-Q_NA_0.100_34.660       offset -2  conf 4.71  (6561 s, ~60 min left)
[668/1035] jpSSw1mwb-Q/jpSSw1mwb-Q_NA_102.940_134.940    offset -2  conf 5.46  (6579 s, ~60 min left)
[669/1035] jqfuvOMEMj4/jqfuvOMEMj4_NA_1018.584_1031.547  offset +0  conf 7.24  (6610 s, ~60 min left)
[670/1035] joC9HwN2L0w/joC9HwN2L0w_NA_843.609_901.000    offset +0  conf 9.81  (6617 s, ~60 min left)
[671/1035] joC9HwN2L0w/joC9HwN2L0w_NA_138.037_157.457    offset +0  conf 8.46  (6621 s, ~60 min left)
[672/1035] jqfuvOMEMj4/jqfuvOMEMj4_NA_896.829_954.320    offset +0  conf 7.76  (6628 s, ~60 min left)
[673/1035] jrYfZqfr2-k/jrYfZqfr2-k_NA_798.197_803.302    offset +1  conf 7.74  (6654 s, ~60 min left)
[674/1035] jr89vzIq7Pc/jr89vzIq7Pc_NA_911.740_1034.060   offset -3  conf 4.89  (6676 s, ~60 min left)
[675/1035] jr89vzIq7Pc/jr89vzIq7Pc_NA_0.100_15.380       offset -2  conf 7.83  (6676 s, ~59 min left)
[676/1035] jutnmIrHCFY/jutnmIrHCFY_NA_311.500_316.860    offset +0  conf 8.75  (6705 s, ~59 min left)
[677/1035] jsevm34R65w/jsevm34R65w_NA_423.523_434.125    offset -2  conf 7.72  (6709 s, ~59 min left)
[678/1035] jutnmIrHCFY/jutnmIrHCFY_NA_909.300_931.740    offset +0  conf 7.79  (6740 s, ~59 min left)
[679/1035] js2vfr96iAQ/js2vfr96iAQ_NA_111.002_121.980    offset -1  conf 8.28  (6753 s, ~59 min left)
[680/1035] jvRF-YScNQc/jvRF-YScNQc_NA_140.833_149.400    offset +3  conf 7.29  (6764 s, ~59 min left)
[681/1035] js2vfr96iAQ/js2vfr96iAQ_NA_727.284_777.051    offset -1  conf 8.85  (6769 s, ~59 min left)
[682/1035] jzqOLoorgOs/jzqOLoorgOs_NA_329.637_337.570    offset -2  conf 5.90  (6781 s, ~58 min left)
[683/1035] jvRF-YScNQc/jvRF-YScNQc_NA_77.633_84.000      offset +2  conf 6.19  (6784 s, ~58 min left)
[684/1035] jzqOLoorgOs/jzqOLoorgOs_NA_549.774_563.000    offset -2  conf 6.91  (6791 s, ~58 min left)
[685/1035] k0td9q8AgtQ/k0td9q8AgtQ_NA_1063.162_1103.302  offset +0  conf 8.14  (6795 s, ~58 min left)
[686/1035] k0td9q8AgtQ/k0td9q8AgtQ_NA_88.788_95.362      offset +0  conf 2.78  (6808 s, ~58 min left)
[687/1035] k3YA5CJkUWQ/k3YA5CJkUWQ_NA_110.266_125.233    offset -1  conf 6.91  (6811 s, ~58 min left)
[688/1035] k3YA5CJkUWQ/k3YA5CJkUWQ_NA_99.533_110.066     offset -1  conf 4.97  (6818 s, ~57 min left)
[689/1035] k4_4YfrG9J0/k4_4YfrG9J0_NA_1515.300_1659.800  offset +1  conf 5.91  (6821 s, ~57 min left)
[690/1035] k4_4YfrG9J0/k4_4YfrG9J0_NA_2411.400_2425.000  offset +2  conf 1.54  (6835 s, ~57 min left)
[691/1035] k6CoEcpAprs/k6CoEcpAprs_NA_424.941_439.172    offset +0  conf 8.49  (6838 s, ~57 min left)
[692/1035] kB9qysUQkSU/kB9qysUQkSU_NA_358.150_375.543    offset +1  conf 6.58  (6846 s, ~57 min left)
[693/1035] kB9qysUQkSU/kB9qysUQkSU_NA_780.085_786.106    offset +2  conf 6.56  (6846 s, ~56 min left)
[694/1035] kFQ--BraeE8/kFQ--BraeE8_NA_37.704_45.445      offset +1  conf 7.99  (6865 s, ~56 min left)
[695/1035] kD9nxZ_IMBk/kD9nxZ_IMBk_NA_337.266_385.000    offset +2  conf 6.05  (6865 s, ~56 min left)
[696/1035] kJR5JwH0ogw/kJR5JwH0ogw_NA_0.100_478.100      offset +0  conf 4.50  (6878 s, ~56 min left)
[697/1035] kLP4G_B1agU/kLP4G_B1agU_NA_140.907_152.218    offset +1  conf 6.50  (6878 s, ~56 min left)
[698/1035] kVLHMuYScSM/kVLHMuYScSM_NA_1560.633_1571.866  offset -2  conf 8.14  (6894 s, ~55 min left)
[699/1035] kLP4G_B1agU/kLP4G_B1agU_NA_82.849_109.976     offset +1  conf 8.30  (6895 s, ~55 min left)
[700/1035] kVLHMuYScSM/kVLHMuYScSM_NA_246.933_372.000    offset -1  conf 7.83  (6907 s, ~55 min left)
[701/1035] kZn3gS2fNjg/kZn3gS2fNjg_NA_327.000_336.900    offset -2  conf 9.41  (6908 s, ~55 min left)
[702/1035] kZn3gS2fNjg/kZn3gS2fNjg_NA_64.320_251.120     offset -2  conf 8.64  (6921 s, ~55 min left)
[703/1035] k_OsOywQSag/k_OsOywQSag_NA_162.133_196.733    offset +1  conf 7.46  (6922 s, ~54 min left)
[704/1035] ke1BKn4QPog/ke1BKn4QPog_NA_1033.580_1040.020  offset -1  conf 9.41  (6938 s, ~54 min left)
[705/1035] k_OsOywQSag/k_OsOywQSag_NA_962.833_977.700    offset -1  conf 8.96  (6938 s, ~54 min left)
[706/1035] kghr2HnGVSE/kghr2HnGVSE_NA_198.256_206.564    offset -1  conf 9.39  (6953 s, ~54 min left)
[707/1035] ke1BKn4QPog/ke1BKn4QPog_NA_950.300_957.300    offset -1  conf 8.77  (6953 s, ~54 min left)
[708/1035] kn1j1SnZuzc/kn1j1SnZuzc_NA_140.100_155.933    offset -4  conf 7.10  (6969 s, ~54 min left)
[709/1035] kghr2HnGVSE/kghr2HnGVSE_NA_279.754_338.780    offset -1  conf 9.50  (6970 s, ~53 min left)
[710/1035] koSz2LV_1tc/koSz2LV_1tc_NA_1041.273_1058.223  offset +0  conf 7.54  (6979 s, ~53 min left)
[711/1035] kn1j1SnZuzc/kn1j1SnZuzc_NA_504.100_522.700    offset -3  conf 8.02  (6983 s, ~53 min left)
[712/1035] kqkSdQHkHgI/kqkSdQHkHgI_NA_0.100_6.820        offset -2  conf 7.06  (7000 s, ~53 min left)
[713/1035] koSz2LV_1tc/koSz2LV_1tc_NA_970.936_1041.073   offset +0  conf 7.46  (7000 s, ~53 min left)
[714/1035] kqkSdQHkHgI/kqkSdQHkHgI_NA_468.900_525.700    offset -2  conf 5.30  (7006 s, ~52 min left)
[715/1035] ktOozap9GCY/ktOozap9GCY_NA_0.100_23.390       offset +0  conf 6.44  (7009 s, ~52 min left)
[716/1035] ktOozap9GCY/ktOozap9GCY_NA_946.645_1003.335   offset +0  conf 6.51  (7033 s, ~52 min left)
[717/1035] kyHpaHKPD_k/kyHpaHKPD_k_NA_0.100_55.666       offset +1  conf 7.08  (7035 s, ~52 min left)
[718/1035] l3U_xd5-SA8/l3U_xd5-SA8_NA_0.100_14.900       offset -1  conf 8.20  (7044 s, ~52 min left)
[719/1035] kyHpaHKPD_k/kyHpaHKPD_k_NA_3970.600_3985.400  offset +1  conf 7.83  (7044 s, ~52 min left)
[720/1035] l3U_xd5-SA8/l3U_xd5-SA8_NA_341.060_369.100    offset +1  conf 8.14  (7064 s, ~52 min left)
[721/1035] l4Fn30iii7c/l4Fn30iii7c_NA_161.700_183.033    offset -1  conf 8.23  (7067 s, ~51 min left)
[722/1035] l4Fn30iii7c/l4Fn30iii7c_NA_71.300_148.433     offset -1  conf 9.32  (7076 s, ~51 min left)
[723/1035] lB1TnaGf8oc/lB1TnaGf8oc_NA_105.866_114.433    offset +2  conf 6.69  (7076 s, ~51 min left)
[724/1035] lCQzK23EqUA/lCQzK23EqUA_NA_119.016_152.733    offset +0  conf 4.39  (7096 s, ~51 min left)
[725/1035] lB1TnaGf8oc/lB1TnaGf8oc_NA_82.966_105.666     offset +2  conf 6.13  (7096 s, ~51 min left)
[726/1035] lKLQQeKw1e4/lKLQQeKw1e4_NA_1003.220_1009.620  offset -1  conf 6.01  (7103 s, ~50 min left)
[727/1035] lKLQQeKw1e4/lKLQQeKw1e4_NA_912.460_920.420    offset -1  conf 6.21  (7105 s, ~50 min left)
[728/1035] lPMfRlJBzk0/lPMfRlJBzk0_NA_933.399_938.571    offset -1  conf 9.22  (7127 s, ~50 min left)
[729/1035] lPMfRlJBzk0/lPMfRlJBzk0_NA_158.758_171.971    offset -1  conf 8.24  (7133 s, ~50 min left)
[730/1035] lWXFCMzhM4Y/lWXFCMzhM4Y_NA_14.514_90.924      offset +2  conf 8.22  (7139 s, ~50 min left)
[731/1035] lWXFCMzhM4Y/lWXFCMzhM4Y_NA_91.124_123.490     offset +2  conf 8.69  (7139 s, ~49 min left)
[732/1035] la0gIvmxGKU/la0gIvmxGKU_NA_468.700_513.020    offset +1  conf 4.89  (7153 s, ~49 min left)
[733/1035] lbyPVpZ7Tc4/lbyPVpZ7Tc4_NA_0.100_9.600        offset +5  conf 6.30  (7159 s, ~49 min left)
[734/1035] lbyPVpZ7Tc4/lbyPVpZ7Tc4_NA_988.866_1049.333   offset +5  conf 6.39  (7168 s, ~49 min left)
[735/1035] lf3Vk06wKSo/lf3Vk06wKSo_NA_364.430_461.844    offset +0  conf 5.45  (7169 s, ~49 min left)
[736/1035] lf3Vk06wKSo/lf3Vk06wKSo_NA_744.293_885.651    offset +0  conf 7.82  (7184 s, ~49 min left)
[737/1035] luXAfmkN1yo/luXAfmkN1yo_NA_1171.520_1179.400  offset -2  conf 1.64  (7184 s, ~48 min left)
[738/1035] luXAfmkN1yo/luXAfmkN1yo_NA_1212.000_1217.440  offset -2  conf 2.53  (7195 s, ~48 min left)
[739/1035] mWOwqqMNVTM/mWOwqqMNVTM_NA_176.933_224.966    offset +0  conf 7.81  (7197 s, ~48 min left)
[740/1035] mWOwqqMNVTM/mWOwqqMNVTM_NA_75.616_94.050      offset -1  conf 8.59  (7214 s, ~48 min left)
[741/1035] mYX_-H7MGvc/mYX_-H7MGvc_NA_9.996_159.555      offset +2  conf 8.81  (7214 s, ~48 min left)
[742/1035] mZJGBraf_KI/mZJGBraf_KI_NA_55.800_62.733      offset +0  conf 4.46  (7226 s, ~48 min left)
[743/1035] mZJGBraf_KI/mZJGBraf_KI_NA_0.100_37.100       offset +0  conf 5.30  (7226 s, ~47 min left)
[744/1035] mbYNMKHwEmw/mbYNMKHwEmw_NA_104.666_145.366    offset +0  conf 6.36  (7246 s, ~47 min left)
[745/1035] mcNNRLwDqz4/mcNNRLwDqz4_NA_300.566_371.200    offset +2  conf 2.67  (7246 s, ~47 min left)
[746/1035] me1FcgO3snA/me1FcgO3snA_NA_0.100_8.992        offset -2  conf 5.57  (7255 s, ~47 min left)
[747/1035] mcNNRLwDqz4/mcNNRLwDqz4_NA_498.100_595.766    offset +2  conf 2.02  (7256 s, ~47 min left)
[748/1035] mfT-UZCA6Tg/mfT-UZCA6Tg_NA_241.140_247.420    offset -1  conf 2.65  (7274 s, ~47 min left)
[749/1035] me1FcgO3snA/me1FcgO3snA_NA_9.192_25.592       offset -2  conf 7.23  (7274 s, ~46 min left)
[750/1035] mgs048cgOHI/mgs048cgOHI_NA_292.466_314.966    offset -2  conf 4.89  (7287 s, ~46 min left)
[751/1035] mgs048cgOHI/mgs048cgOHI_NA_206.000_250.733    offset -2  conf 5.63  (7287 s, ~46 min left)
[752/1035] mhp2_gMMJ9M/mhp2_gMMJ9M_NA_107.740_113.540    offset -2  conf 4.80  (7300 s, ~46 min left)
[753/1035] mhp2_gMMJ9M/mhp2_gMMJ9M_NA_369.980_386.140    offset -2  conf 4.91  (7302 s, ~46 min left)
[754/1035] mkTVEBV9b8w/mkTVEBV9b8w_NA_1219.851_1226.692  offset -1  conf 2.06  (7319 s, ~45 min left)
[755/1035] mkTVEBV9b8w/mkTVEBV9b8w_NA_884.116_896.195    offset +0  conf 3.33  (7321 s, ~45 min left)
[756/1035] mmWf8OXkL8Y/mmWf8OXkL8Y_NA_1116.548_1130.904  offset +1  conf 6.24  (7333 s, ~45 min left)
[757/1035] mmWf8OXkL8Y/mmWf8OXkL8Y_NA_62.620_70.845      offset +2  conf 6.93  (7334 s, ~45 min left)
[758/1035] mpCle_PgtC4/mpCle_PgtC4_NA_904.766_1065.866   offset +0  conf 4.41  (7376 s, ~45 min left)
[759/1035] mpCle_PgtC4/mpCle_PgtC4_NA_324.566_432.166    offset -3  conf 7.60  (7376 s, ~45 min left)
[760/1035] mnlKaCI2j6c/mnlKaCI2j6c_NA_0.100_16.833       offset +1  conf 8.67  (7376 s, ~44 min left)
[761/1035] mnlKaCI2j6c/mnlKaCI2j6c_NA_85.633_116.266     offset +1  conf 9.18  (7377 s, ~44 min left)
[762/1035] mrSYCgQTBds/mrSYCgQTBds_NA_0.100_11.478       offset +0  conf 7.64  (7419 s, ~44 min left)
[763/1035] mrSYCgQTBds/mrSYCgQTBds_NA_98.932_120.887     offset +0  conf 6.42  (7419 s, ~44 min left)
[764/1035] mrts4lzPY5k/mrts4lzPY5k_NA_0.100_25.466       offset -2  conf 5.70  (7420 s, ~44 min left)
[765/1035] mrts4lzPY5k/mrts4lzPY5k_NA_357.666_1510.433   offset -2  conf 3.85  (7421 s, ~44 min left)
[766/1035] mw0LGzIKvoo/mw0LGzIKvoo_NA_653.986_659.692    offset +0  conf 6.98  (7451 s, ~44 min left)
[767/1035] muUySzCFYrU/muUySzCFYrU_NA_95.395_154.921     offset +2  conf 6.92  (7458 s, ~43 min left)
[768/1035] mw0LGzIKvoo/mw0LGzIKvoo_NA_137.503_145.478    offset +0  conf 8.61  (7460 s, ~43 min left)
[769/1035] muUySzCFYrU/muUySzCFYrU_NA_252.719_267.767    offset +2  conf 5.40  (7460 s, ~43 min left)
[770/1035] n-zbrKxclok/n-zbrKxclok_NA_1160.060_1174.180  offset -2  conf 6.87  (7496 s, ~43 min left)
[771/1035] n-zbrKxclok/n-zbrKxclok_NA_997.580_1014.540   offset -1  conf 5.80  (7496 s, ~43 min left)
[772/1035] mxwUyUoXHVc/mxwUyUoXHVc_NA_0.100_246.604      offset -1  conf 6.12  (7521 s, ~43 min left)
[773/1035] mxwUyUoXHVc/mxwUyUoXHVc_NA_250.641_281.472    offset -2  conf 5.97  (7521 s, ~42 min left)
[774/1035] n2qXk4A1UuU/n2qXk4A1UuU_NA_957.466_970.500    offset +0  conf 8.07  (7560 s, ~42 min left)
[775/1035] n2qXk4A1UuU/n2qXk4A1UuU_NA_1065.700_1129.600  offset +0  conf 6.05  (7560 s, ~42 min left)
[776/1035] n1VqGZWWEsw/n1VqGZWWEsw_NA_11.100_20.608      offset -1  conf 9.20  (7560 s, ~42 min left)
[777/1035] n1VqGZWWEsw/n1VqGZWWEsw_NA_89.516_107.483     offset -1  conf 7.33  (7564 s, ~42 min left)
[778/1035] n51OKS83yDY/n51OKS83yDY_NA_158.716_165.023    offset -2  conf 8.13  (7591 s, ~42 min left)
[779/1035] n3fA1vKjcto/n3fA1vKjcto_NA_9.700_16.133       offset +1  conf 7.33  (7598 s, ~42 min left)
[780/1035] n51OKS83yDY/n51OKS83yDY_NA_541.265_547.613    offset -3  conf 6.30  (7598 s, ~41 min left)
[781/1035] n3fA1vKjcto/n3fA1vKjcto_NA_0.100_7.300        offset +1  conf 5.74  (7598 s, ~41 min left)
[782/1035] n5QmIQsw-Lg/n5QmIQsw-Lg_NA_669.633_697.966    offset -1  conf 6.73  (7618 s, ~41 min left)
[783/1035] n5rh8oxKZJw/n5rh8oxKZJw_NA_157.200_181.966    offset +2  conf 4.90  (7635 s, ~41 min left)
[784/1035] n82ncUKxIqA/n82ncUKxIqA_NA_119.966_132.500    offset +0  conf 8.41  (7636 s, ~41 min left)
[785/1035] n5rh8oxKZJw/n5rh8oxKZJw_NA_146.000_157.000    offset +2  conf 5.23  (7636 s, ~41 min left)
[786/1035] n82ncUKxIqA/n82ncUKxIqA_NA_86.866_94.100      offset +0  conf 4.33  (7648 s, ~40 min left)
[787/1035] n8Wvznbt3Po/n8Wvznbt3Po_NA_969.276_974.415    offset -1  conf 6.09  (7666 s, ~40 min left)
[788/1035] n9FtMLY_ExE/n9FtMLY_ExE_NA_140.974_148.882    offset +0  conf 5.62  (7667 s, ~40 min left)
[789/1035] n8Wvznbt3Po/n8Wvznbt3Po_NA_162.136_168.318    offset -1  conf 7.26  (7668 s, ~40 min left)
[790/1035] n9FtMLY_ExE/n9FtMLY_ExE_NA_66.416_82.832      offset +1  conf 7.09  (7679 s, ~40 min left)
[791/1035] nBqnQbUBCmU/nBqnQbUBCmU_NA_14.420_21.940      offset +0  conf 5.55  (7698 s, ~40 min left)
[792/1035] nBqnQbUBCmU/nBqnQbUBCmU_NA_919.660_925.740    offset -1  conf 5.54  (7708 s, ~39 min left)
[793/1035] nAEn0-caLDY/nAEn0-caLDY_NA_11.911_17.784      offset +0  conf 7.52  (7724 s, ~39 min left)
[794/1035] nDTUr7q9WCA/nDTUr7q9WCA_NA_1004.394_1249.815  offset +0  conf 7.08  (7732 s, ~39 min left)
[795/1035] nAEn0-caLDY/nAEn0-caLDY_NA_58.591_82.015      offset +0  conf 4.03  (7737 s, ~39 min left)
[796/1035] nFdJALGJP7s/nFdJALGJP7s_NA_1063.896_1074.039  offset +0  conf 4.42  (7765 s, ~39 min left)
[797/1035] nFvNS6jQnUw/nFvNS6jQnUw_NA_681.166_692.500    offset +2  conf 8.89  (7771 s, ~39 min left)
[798/1035] nFdJALGJP7s/nFdJALGJP7s_NA_806.205_838.571    offset +0  conf 7.63  (7789 s, ~39 min left)
[799/1035] nIq9rlJcs-s/nIq9rlJcs-s_NA_167.058_178.066    offset -1  conf 6.19  (7811 s, ~38 min left)
[800/1035] nIq9rlJcs-s/nIq9rlJcs-s_NA_412.850_463.941    offset -1  conf 6.39  (7821 s, ~38 min left)
[801/1035] nHf7fpmExyc/nHf7fpmExyc_NA_696.395_702.868    offset +0  conf 5.07  (7839 s, ~38 min left)
[802/1035] nL-SPqUMY1Y/nL-SPqUMY1Y_NA_1018.000_1026.333  offset +1  conf 6.95  (7841 s, ~38 min left)
[803/1035] nL-SPqUMY1Y/nL-SPqUMY1Y_NA_886.833_903.000    offset +1  conf 6.15  (7856 s, ~38 min left)
[804/1035] nHf7fpmExyc/nHf7fpmExyc_NA_703.068_733.633    offset -1  conf 4.87  (7874 s, ~38 min left)
[805/1035] nNSApns_eEg/nNSApns_eEg_NA_112.566_140.800    offset +3  conf 6.65  (7889 s, ~38 min left)
[806/1035] nMj7OV4YQ1s/nMj7OV4YQ1s_NA_48.064_89.823      offset -2  conf 8.47  (7903 s, ~37 min left)
[807/1035] nMj7OV4YQ1s/nMj7OV4YQ1s_NA_0.100_30.430       offset -2  conf 9.04  (7903 s, ~37 min left)
[808/1035] nNSApns_eEg/nNSApns_eEg_NA_141.000_153.400    offset +3  conf 5.82  (7903 s, ~37 min left)
[809/1035] nPKZp3MDlLw/nPKZp3MDlLw_NA_1209.775_1214.980  offset -1  conf 5.67  (7914 s, ~37 min left)
[810/1035] nPKZp3MDlLw/nPKZp3MDlLw_NA_860.492_865.731    offset +0  conf 8.26  (7932 s, ~37 min left)
[811/1035] nQRAgEL_qjI/nQRAgEL_qjI_NA_279.900_598.100    offset +1  conf 9.12  (7938 s, ~37 min left)
[812/1035] nQRAgEL_qjI/nQRAgEL_qjI_NA_732.666_1123.733   offset +1  conf 7.93  (7938 s, ~36 min left)
[813/1035] nSEo3B6divM/nSEo3B6divM_NA_2.435_163.313      offset -1  conf 8.60  (7942 s, ~36 min left)
[814/1035] nSEo3B6divM/nSEo3B6divM_NA_926.191_995.227    offset +0  conf 7.08  (7958 s, ~36 min left)
[815/1035] nTWEBJKTp-E/nTWEBJKTp-E_NA_892.033_944.733    offset +4  conf 3.74  (7971 s, ~36 min left)
[816/1035] nVyPajUVIn4/nVyPajUVIn4_NA_0.100_60.441       offset +1  conf 6.62  (7973 s, ~36 min left)
[817/1035] nTWEBJKTp-E/nTWEBJKTp-E_NA_391.400_443.733    offset +4  conf 4.47  (7973 s, ~35 min left)
[818/1035] nVyPajUVIn4/nVyPajUVIn4_NA_60.641_152.858     offset +1  conf 5.29  (7987 s, ~35 min left)
[819/1035] n_WMBQR5BO4/n_WMBQR5BO4_NA_0.100_37.437       offset -2  conf 8.65  (7997 s, ~35 min left)
[820/1035] na_WHp-lXQk/na_WHp-lXQk_NA_153.795_165.398    offset +0  conf 8.27  (8005 s, ~35 min left)
[821/1035] n_WMBQR5BO4/n_WMBQR5BO4_NA_807.373_818.451    offset -2  conf 8.53  (8005 s, ~35 min left)
[822/1035] na_WHp-lXQk/na_WHp-lXQk_NA_70.503_99.457      offset +0  conf 10.46  (8013 s, ~35 min left)
[823/1035] nd2X5eSKBVc/nd2X5eSKBVc_NA_1120.419_1250.299  offset -1  conf 5.26  (8025 s, ~34 min left)
[824/1035] nd2X5eSKBVc/nd2X5eSKBVc_NA_927.826_939.772    offset +0  conf 5.42  (8036 s, ~34 min left)
[825/1035] ngUs6La2v4A/ngUs6La2v4A_NA_524.332_531.472    offset -1  conf 4.97  (8036 s, ~34 min left)
[826/1035] nllSIHloqz8/nllSIHloqz8_NA_511.360_524.298    offset -1  conf 5.99  (8040 s, ~34 min left)
[827/1035] nllSIHloqz8/nllSIHloqz8_NA_58.908_65.924      offset -1  conf 5.72  (8051 s, ~34 min left)
[828/1035] nr_mXLU84Yo/nr_mXLU84Yo_NA_1027.060_1049.000  offset -2  conf 7.29  (8070 s, ~34 min left)
[829/1035] nr_mXLU84Yo/nr_mXLU84Yo_NA_929.180_937.380    offset -2  conf 8.92  (8070 s, ~33 min left)
[830/1035] nt2vpXdGg0s/nt2vpXdGg0s_NA_121.487_129.095    offset +1  conf 6.23  (8070 s, ~33 min left)
[831/1035] nt2vpXdGg0s/nt2vpXdGg0s_NA_44.911_51.151      offset +1  conf 6.19  (8076 s, ~33 min left)
[832/1035] nuoEYgN-S6Y/nuoEYgN-S6Y_NA_407.700_415.033    offset +1  conf 6.78  (8106 s, ~33 min left)
[833/1035] nuoEYgN-S6Y/nuoEYgN-S6Y_NA_133.200_153.566    offset +1  conf 5.93  (8106 s, ~33 min left)
[834/1035] o-zPXp302-g/o-zPXp302-g_NA_26.860_39.205      offset +2  conf 7.09  (8114 s, ~33 min left)
[835/1035] o-zPXp302-g/o-zPXp302-g_NA_752.117_759.992    offset +2  conf 6.24  (8115 s, ~32 min left)
[836/1035] o0tY5EDx0l4/o0tY5EDx0l4_NA_139.989_296.154    offset -2  conf 8.24  (8135 s, ~32 min left)
[837/1035] o9cWzgkeT4c/o9cWzgkeT4c_NA_813.045_823.723    offset +0  conf 7.91  (8147 s, ~32 min left)
[838/1035] o9cWzgkeT4c/o9cWzgkeT4c_NA_1210.842_1229.027  offset +0  conf 7.03  (8147 s, ~32 min left)
[839/1035] o2XFcZypXPo/o2XFcZypXPo_NA_390.366_404.233    offset +2  conf 6.04  (8154 s, ~32 min left)
[840/1035] oBTX1dHLMes/oBTX1dHLMes_NA_1000.000_1006.266  offset +2  conf 6.82  (8161 s, ~32 min left)
[841/1035] oG-EJkHkDsE/oG-EJkHkDsE_NA_968.167_975.574    offset -1  conf 6.23  (8176 s, ~31 min left)
[842/1035] oBTX1dHLMes/oBTX1dHLMes_NA_95.833_103.800     offset +1  conf 7.18  (8181 s, ~31 min left)
[843/1035] oKcfL-nKbN8/oKcfL-nKbN8_NA_0.100_34.860       offset -1  conf 7.82  (8182 s, ~31 min left)
[844/1035] oKcfL-nKbN8/oKcfL-nKbN8_NA_482.380_510.260    offset -1  conf 6.55  (8188 s, ~31 min left)
[845/1035] oSct1HsnVkA/oSct1HsnVkA_NA_243.643_249.082    offset -1  conf 2.02  (8201 s, ~31 min left)
[846/1035] oXkhgrhZnJk/oXkhgrhZnJk_NA_307.900_313.260    offset -3  conf 5.70  (8208 s, ~31 min left)
[847/1035] oXkhgrhZnJk/oXkhgrhZnJk_NA_713.180_729.780    offset -3  conf 4.86  (8213 s, ~30 min left)
[848/1035] oZqrkssfIyE/oZqrkssfIyE_NA_101.367_106.873    offset -1  conf 4.75  (8215 s, ~30 min left)
[849/1035] oZqrkssfIyE/oZqrkssfIyE_NA_393.392_407.707    offset -1  conf 4.86  (8229 s, ~30 min left)
[850/1035] ocje_VeIkFE/ocje_VeIkFE_NA_165.632_180.680    offset +0  conf 6.95  (8235 s, ~30 min left)
[851/1035] ocje_VeIkFE/ocje_VeIkFE_NA_880.512_905.304    offset +1  conf 6.84  (8244 s, ~30 min left)
[852/1035] ofcB2qOTMCM/ofcB2qOTMCM_NA_12.558_21.316      offset -1  conf 7.77  (8247 s, ~30 min left)
[853/1035] ofcB2qOTMCM/ofcB2qOTMCM_NA_362.725_368.483    offset -1  conf 7.84  (8254 s, ~29 min left)
[854/1035] oiFSJI-nZLc/oiFSJI-nZLc_NA_220.100_259.900    offset +0  conf 6.20  (8263 s, ~29 min left)
[855/1035] omGUY4J2CBI/omGUY4J2CBI_NA_1184.533_1348.100  offset +1  conf 6.58  (8276 s, ~29 min left)
[856/1035] oiFSJI-nZLc/oiFSJI-nZLc_NA_300.100_449.166    offset +0  conf 8.05  (8276 s, ~29 min left)
[857/1035] omGUY4J2CBI/omGUY4J2CBI_NA_99.266_142.566     offset +1  conf 6.96  (8281 s, ~29 min left)
[858/1035] ovwfWoL-l_A/ovwfWoL-l_A_NA_237.070_242.342    offset +1  conf 4.38  (8289 s, ~28 min left)
[859/1035] oyjL7GcIuEY/oyjL7GcIuEY_NA_1102.820_1114.060  offset -1  conf 5.58  (8314 s, ~28 min left)
[860/1035] oxkPA1RGkq8/oxkPA1RGkq8_NA_966.665_999.798    offset +0  conf 4.29  (8314 s, ~28 min left)
[861/1035] oxkPA1RGkq8/oxkPA1RGkq8_NA_1073.138_1121.920  offset +1  conf 3.27  (8314 s, ~28 min left)
[862/1035] oyjL7GcIuEY/oyjL7GcIuEY_NA_92.780_164.260     offset -1  conf 6.80  (8320 s, ~28 min left)
[863/1035] p70t7u2R4mw/p70t7u2R4mw_NA_111.833_141.266    offset +0  conf 6.89  (8354 s, ~28 min left)
[864/1035] p70t7u2R4mw/p70t7u2R4mw_NA_9.433_45.500       offset +0  conf 7.58  (8356 s, ~28 min left)
[865/1035] pBO03BcQQWs/pBO03BcQQWs_NA_1002.820_1010.940  offset -1  conf 8.01  (8358 s, ~27 min left)
[866/1035] p2zPm7zkdPo/p2zPm7zkdPo_NA_22.422_39.706      offset +0  conf 7.66  (8366 s, ~27 min left)
[867/1035] pBO03BcQQWs/pBO03BcQQWs_NA_942.180_952.340    offset -1  conf 7.15  (8387 s, ~27 min left)
[868/1035] pCOCd5c3Fog/pCOCd5c3Fog_NA_918.900_925.866    offset +1  conf 6.61  (8391 s, ~27 min left)
[869/1035] pCOCd5c3Fog/pCOCd5c3Fog_NA_1078.466_1088.533  offset +1  conf 5.70  (8393 s, ~27 min left)
[870/1035] pE_fV2o0hys/pE_fV2o0hys_NA_0.100_11.845       offset -1  conf 6.86  (8394 s, ~27 min left)
[871/1035] pE_fV2o0hys/pE_fV2o0hys_NA_788.621_804.670    offset -1  conf 6.67  (8415 s, ~26 min left)
[872/1035] pGI0hOnd_q8/pGI0hOnd_q8_NA_0.100_21.838       offset -1  conf 9.32  (8420 s, ~26 min left)
[873/1035] pIdhkwSANB8/pIdhkwSANB8_NA_390.533_395.900    offset -1  conf 7.42  (8425 s, ~26 min left)
[874/1035] pIdhkwSANB8/pIdhkwSANB8_NA_221.066_228.900    offset -1  conf 7.33  (8426 s, ~26 min left)
[875/1035] pK165uhd3JQ/pK165uhd3JQ_NA_14.405_30.847      offset -1  conf 6.66  (8442 s, ~26 min left)
[876/1035] pK165uhd3JQ/pK165uhd3JQ_NA_483.958_576.267    offset -1  conf 8.29  (8447 s, ~26 min left)
[877/1035] pQ6kgMSoXro/pQ6kgMSoXro_NA_1141.366_1151.833  offset +2  conf 4.14  (8456 s, ~25 min left)
[878/1035] pQ6kgMSoXro/pQ6kgMSoXro_NA_0.100_16.300       offset +2  conf 3.86  (8456 s, ~25 min left)
[879/1035] pT6opDDBgJo/pT6opDDBgJo_NA_313.100_413.266    offset -1  conf 8.88  (8470 s, ~25 min left)
[880/1035] pT6opDDBgJo/pT6opDDBgJo_NA_67.633_212.100     offset -1  conf 7.62  (8474 s, ~25 min left)
[881/1035] pZcCGNeNuNc/pZcCGNeNuNc_NA_0.100_273.000      offset +1  conf 0.84  (8484 s, ~25 min left)
[882/1035] pf3Dp8pp2XU/pf3Dp8pp2XU_NA_1091.290_1103.902  offset +0  conf 6.34  (8484 s, ~25 min left)
[883/1035] pf3Dp8pp2XU/pf3Dp8pp2XU_NA_990.289_1007.039   offset +0  conf 6.18  (8499 s, ~24 min left)
[884/1035] ph97TYRRCU8/ph97TYRRCU8_NA_0.100_62.879       offset -2  conf 7.21  (8505 s, ~24 min left)
[885/1035] pvKfSZSBJGM/pvKfSZSBJGM_NA_0.100_237.670      offset +2  conf 6.76  (8517 s, ~24 min left)
[886/1035] ph97TYRRCU8/ph97TYRRCU8_NA_76.576_121.254     offset -2  conf 8.34  (8517 s, ~24 min left)
[887/1035] pvKfSZSBJGM/pvKfSZSBJGM_NA_367.300_685.885    offset +1  conf 7.16  (8525 s, ~24 min left)
[888/1035] q1Vms3_QMpI/q1Vms3_QMpI_NA_0.100_39.300       offset +2  conf 6.42  (8532 s, ~24 min left)
[889/1035] q8gkRIR8yOo/q8gkRIR8yOo_NA_503.133_508.933    offset +1  conf 6.95  (8548 s, ~23 min left)
[890/1035] q1Vms3_QMpI/q1Vms3_QMpI_NA_379.866_469.416    offset +1  conf 7.34  (8548 s, ~23 min left)
[891/1035] q8gkRIR8yOo/q8gkRIR8yOo_NA_78.100_89.900      offset +1  conf 8.17  (8552 s, ~23 min left)
[892/1035] qSIOOGHUA6g/qSIOOGHUA6g_NA_226.868_235.385    offset -3  conf 6.85  (8561 s, ~23 min left)
[893/1035] qda2y-nE8Vg/qda2y-nE8Vg_NA_238.200_248.866    offset +1  conf 6.98  (8588 s, ~23 min left)
[894/1035] qSIOOGHUA6g/qSIOOGHUA6g_NA_523.664_532.432    offset -2  conf 5.90  (8588 s, ~23 min left)
[895/1035] qliQXQkSrjM/qliQXQkSrjM_NA_883.799_891.924    offset +0  conf 6.59  (8601 s, ~22 min left)
[896/1035] qliQXQkSrjM/qliQXQkSrjM_NA_1062.277_1075.724  offset +0  conf 8.34  (8604 s, ~22 min left)
[897/1035] qolyA9imoPU/qolyA9imoPU_NA_1030.900_1037.033  offset +1  conf 8.15  (8619 s, ~22 min left)
[898/1035] qolyA9imoPU/qolyA9imoPU_NA_986.733_993.800    offset +2  conf 8.06  (8619 s, ~22 min left)
[899/1035] qqniC0R-mOg/qqniC0R-mOg_NA_1000.833_1036.900  offset -1  conf 7.29  (8628 s, ~22 min left)
[900/1035] qqniC0R-mOg/qqniC0R-mOg_NA_85.100_114.300     offset -1  conf 7.16  (8631 s, ~22 min left)
[901/1035] qs4IKovsPfo/qs4IKovsPfo_NA_93.166_99.366      offset +1  conf 7.90  (8648 s, ~21 min left)
[902/1035] qs4IKovsPfo/qs4IKovsPfo_NA_285.033_299.966    offset +0  conf 8.77  (8649 s, ~21 min left)
[903/1035] qt_fjhnVAbU/qt_fjhnVAbU_NA_823.172_828.385    offset -1  conf 0.94  (8658 s, ~21 min left)
[904/1035] qt_fjhnVAbU/qt_fjhnVAbU_NA_208.504_216.303    offset -2  conf 5.90  (8659 s, ~21 min left)
[905/1035] qudKA-Ws_zo/qudKA-Ws_zo_NA_120.620_126.726    offset +0  conf 6.31  (8673 s, ~21 min left)
[906/1035] qudKA-Ws_zo/qudKA-Ws_zo_NA_92.659_100.834     offset +0  conf 6.37  (8677 s, ~21 min left)
[907/1035] qvJY-4oBYZY/qvJY-4oBYZY_NA_286.533_301.933    offset +2  conf 7.46  (8690 s, ~20 min left)
[908/1035] qvJY-4oBYZY/qvJY-4oBYZY_NA_177.833_208.600    offset +2  conf 6.54  (8690 s, ~20 min left)
[909/1035] qyodqx84KsM/qyodqx84KsM_NA_149.949_159.993    offset +0  conf 6.96  (8702 s, ~20 min left)
[910/1035] qyodqx84KsM/qyodqx84KsM_NA_655.521_662.461    offset -1  conf 7.90  (8703 s, ~20 min left)
[911/1035] r0RgZCXqDNs/r0RgZCXqDNs_NA_1033.048_1074.848  offset +0  conf 7.16  (8721 s, ~20 min left)
[912/1035] r0pxv8LTMg4/r0pxv8LTMg4_NA_138.504_175.141    offset -1  conf 5.76  (8721 s, ~20 min left)
[913/1035] r1fui8xu1Og/r1fui8xu1Og_NA_43.900_51.766      offset +2  conf 7.00  (8735 s, ~19 min left)
[914/1035] r1fui8xu1Og/r1fui8xu1Og_NA_140.533_169.133    offset +2  conf 7.27  (8735 s, ~19 min left)
[915/1035] r2tcWMg06Z4/r2tcWMg06Z4_NA_447.213_459.959    offset -1  conf 6.09  (8751 s, ~19 min left)
[916/1035] r2tcWMg06Z4/r2tcWMg06Z4_NA_175.408_181.614    offset -1  conf 5.45  (8751 s, ~19 min left)
[917/1035] r4wqiTf1Msg/r4wqiTf1Msg_NA_1023.140_1031.900  offset -2  conf 8.02  (8766 s, ~19 min left)
[918/1035] r4wqiTf1Msg/r4wqiTf1Msg_NA_865.580_898.300    offset -2  conf 6.17  (8766 s, ~19 min left)
[919/1035] r5rwUJKnLhw/r5rwUJKnLhw_NA_972.700_979.740    offset -2  conf 5.55  (8786 s, ~18 min left)
[920/1035] r5rwUJKnLhw/r5rwUJKnLhw_NA_1008.820_1017.980  offset -2  conf 7.17  (8786 s, ~18 min left)
[921/1035] rArXQz_11cE/rArXQz_11cE_NA_826.300_838.266    offset +5  conf 6.82  (8822 s, ~18 min left)
[922/1035] rArXQz_11cE/rArXQz_11cE_NA_140.266_150.666    offset +6  conf 8.70  (8825 s, ~18 min left)
[923/1035] r77smU7MDjY/r77smU7MDjY_NA_1093.860_1119.220  offset +0  conf 8.01  (8833 s, ~18 min left)
[924/1035] r77smU7MDjY/r77smU7MDjY_NA_784.060_825.140    offset +0  conf 6.46  (8837 s, ~18 min left)
[925/1035] rCbLGVjjoOE/rCbLGVjjoOE_NA_0.100_16.666       offset +1  conf 6.16  (8849 s, ~18 min left)
[926/1035] rDjC11iOgt8/rDjC11iOgt8_NA_0.100_5.572        offset -1  conf 5.83  (8850 s, ~17 min left)
[927/1035] rDjC11iOgt8/rDjC11iOgt8_NA_67.876_73.223      offset -1  conf 4.78  (8858 s, ~17 min left)
[928/1035] rF-u_edqlkA/rF-u_edqlkA_NA_46.500_53.300      offset +0  conf 5.69  (8862 s, ~17 min left)
[929/1035] rF-u_edqlkA/rF-u_edqlkA_NA_529.766_549.633    offset +0  conf 4.34  (8879 s, ~17 min left)
[930/1035] rGC8vTUodgA/rGC8vTUodgA_NA_172.438_245.011    offset +0  conf 9.26  (8879 s, ~17 min left)
[931/1035] rGC8vTUodgA/rGC8vTUodgA_NA_307.774_352.000    offset +0  conf 9.23  (8884 s, ~17 min left)
[932/1035] rN-t3PlDT04/rN-t3PlDT04_NA_299.316_305.433    offset +0  conf 5.32  (8888 s, ~16 min left)
[933/1035] rQ62Abn9A_Y/rQ62Abn9A_Y_NA_787.586_793.092    offset +0  conf 9.28  (8905 s, ~16 min left)
[934/1035] rN-t3PlDT04/rN-t3PlDT04_NA_531.733_538.133    offset +0  conf 5.80  (8908 s, ~16 min left)
[935/1035] rRbcSI9tiog/rRbcSI9tiog_NA_280.213_287.086    offset +1  conf 7.66  (8912 s, ~16 min left)
[936/1035] rRbcSI9tiog/rRbcSI9tiog_NA_358.491_389.622    offset +1  conf 8.00  (8915 s, ~16 min left)
[937/1035] rWHDfzt_lhk/rWHDfzt_lhk_NA_0.100_13.300       offset -2  conf 7.21  (8937 s, ~16 min left)
[938/1035] rWHDfzt_lhk/rWHDfzt_lhk_NA_84.266_96.900      offset -1  conf 6.95  (8943 s, ~15 min left)
[939/1035] raSeaAeryWE/raSeaAeryWE_NA_2626.765_2632.613  offset -1  conf 5.17  (8944 s, ~15 min left)
[940/1035] rVIz-yB0z94/rVIz-yB0z94_NA_114.088_163.855    offset +0  conf 4.73  (8950 s, ~15 min left)
[941/1035] raSeaAeryWE/raSeaAeryWE_NA_988.337_1009.283   offset -1  conf 8.74  (8965 s, ~15 min left)
[942/1035] rdC5OF7ix6E/rdC5OF7ix6E_NA_169.400_188.633    offset +6  conf 3.05  (8976 s, ~15 min left)
[943/1035] rdC5OF7ix6E/rdC5OF7ix6E_NA_209.100_222.366    offset +5  conf 3.43  (8976 s, ~15 min left)
[944/1035] rfKiTGj-zeQ/rfKiTGj-zeQ_NA_0.100_167.866      offset +1  conf 8.43  (8979 s, ~14 min left)
[945/1035] rfKiTGj-zeQ/rfKiTGj-zeQ_NA_6928.066_6989.166  offset +1  conf 8.35  (8992 s, ~14 min left)
[946/1035] rhEviL9lrnI/rhEviL9lrnI_NA_323.966_333.166    offset +0  conf 3.97  (9015 s, ~14 min left)
[947/1035] riwKuKSbFDs/riwKuKSbFDs_NA_87.620_124.660     offset -3  conf 9.24  (9015 s, ~14 min left)
[948/1035] riwKuKSbFDs/riwKuKSbFDs_NA_145.140_153.540    offset -2  conf 9.92  (9016 s, ~14 min left)
[949/1035] rkmyE50D_u8/rkmyE50D_u8_NA_1956.954_1970.235  offset +1  conf 8.07  (9023 s, ~14 min left)
[950/1035] rn0ig_k21Mk/rn0ig_k21Mk_NA_305.833_312.450    offset +1  conf 6.07  (9045 s, ~13 min left)
[951/1035] rrAJI7hCrro/rrAJI7hCrro_NA_170.141_204.316    offset -2  conf 6.11  (9048 s, ~13 min left)
[952/1035] roI0D_9kPl8/roI0D_9kPl8_NA_26.042_33.099      offset -1  conf 6.26  (9049 s, ~13 min left)
[953/1035] rrAJI7hCrro/rrAJI7hCrro_NA_664.475_690.233    offset -2  conf 6.79  (9053 s, ~13 min left)
[954/1035] rsMruj9zGJQ/rsMruj9zGJQ_NA_2180.020_2227.260  offset +2  conf 9.60  (9077 s, ~13 min left)
[955/1035] ruvr7b5mJQw/ruvr7b5mJQw_NA_0.100_56.200       offset -1  conf 4.67  (9083 s, ~13 min left)
[956/1035] ruvr7b5mJQw/ruvr7b5mJQw_NA_814.500_835.333    offset -1  conf 0.97  (9084 s, ~13 min left)
[957/1035] rwVlP6f2rGs/rwVlP6f2rGs_NA_708.433_716.200    offset -9  conf 1.26  (9087 s, ~12 min left)
[958/1035] rzf5VUKZjik/rzf5VUKZjik_NA_212.478_223.590    offset +1  conf 8.15  (9105 s, ~12 min left)
[959/1035] s06IQrktRLE/s06IQrktRLE_NA_140.540_175.809    offset +0  conf 7.91  (9116 s, ~12 min left)
[960/1035] s4tpqal6eDU/s4tpqal6eDU_NA_822.338_842.074    offset -1  conf 5.39  (9118 s, ~12 min left)
[961/1035] s06IQrktRLE/s06IQrktRLE_NA_331.931_370.470    offset +0  conf 6.62  (9119 s, ~12 min left)
[962/1035] sARbCAl8sSk/sARbCAl8sSk_NA_0.100_10.833       offset +0  conf 4.66  (9134 s, ~12 min left)
[963/1035] sARbCAl8sSk/sARbCAl8sSk_NA_201.700_649.000    offset +0  conf 4.58  (9142 s, ~11 min left)
[964/1035] sRLN4D5--mo/sRLN4D5--mo_NA_49.380_177.780     offset -1  conf 7.10  (9153 s, ~11 min left)
[965/1035] sRLN4D5--mo/sRLN4D5--mo_NA_0.100_8.580        offset -1  conf 6.87  (9153 s, ~11 min left)
[966/1035] slDkbNZst9o/slDkbNZst9o_NA_119.300_128.700    offset +1  conf 8.82  (9161 s, ~11 min left)
[967/1035] slDkbNZst9o/slDkbNZst9o_NA_308.533_313.700    offset +1  conf 8.42  (9167 s, ~11 min left)
[968/1035] su4Is-kBGRw/su4Is-kBGRw_NA_1027.334_1043.734  offset -2  conf 5.21  (9182 s, ~11 min left)
[969/1035] su4Is-kBGRw/su4Is-kBGRw_NA_946.920_971.745    offset -2  conf 5.07  (9182 s, ~10 min left)
[970/1035] surprmBqN5Y/surprmBqN5Y_NA_1164.620_1241.580  offset -2  conf 5.93  (9187 s, ~10 min left)
[971/1035] surprmBqN5Y/surprmBqN5Y_NA_836.340_914.580    offset -2  conf 7.78  (9196 s, ~10 min left)
[972/1035] swTGu2KEEss/swTGu2KEEss_NA_0.100_601.300      offset +2  conf 4.00  (9213 s, ~10 min left)
[973/1035] syCD65v0dJQ/syCD65v0dJQ_NA_536.986_565.882    offset +1  conf 8.59  (9217 s, ~10 min left)
[974/1035] t0J_b4lkGtA/t0J_b4lkGtA_NA_10.126_17.233      offset +0  conf 7.53  (9221 s, ~10 min left)
[975/1035] t0J_b4lkGtA/t0J_b4lkGtA_NA_867.199_895.961    offset +0  conf 7.04  (9225 s, ~9 min left)
[976/1035] t1sBT8ZH7rc/t1sBT8ZH7rc_NA_0.100_46.933       offset +2  conf 3.92  (9240 s, ~9 min left)
[977/1035] t1sBT8ZH7rc/t1sBT8ZH7rc_NA_772.000_803.000    offset +2  conf 4.46  (9246 s, ~9 min left)
[978/1035] t2fcRHhLOIo/t2fcRHhLOIo_NA_0.100_7.600        offset +1  conf 4.68  (9251 s, ~9 min left)
[979/1035] t2fcRHhLOIo/t2fcRHhLOIo_NA_9.866_45.233       offset +1  conf 4.26  (9252 s, ~9 min left)
[980/1035] t2nkQSEsP8w/t2nkQSEsP8w_NA_127.894_152.927    offset +0  conf 7.39  (9268 s, ~9 min left)
[981/1035] t2nkQSEsP8w/t2nkQSEsP8w_NA_335.518_364.681    offset -1  conf 6.59  (9273 s, ~9 min left)
[982/1035] t3nivHFfytY/t3nivHFfytY_NA_5.725_12.983       offset -1  conf 7.47  (9276 s, ~8 min left)
[983/1035] t66RewwAFRQ/t66RewwAFRQ_NA_340.900_392.300    offset +3  conf 7.99  (9279 s, ~8 min left)
[984/1035] t66RewwAFRQ/t66RewwAFRQ_NA_784.980_795.820    offset +1  conf 8.48  (9296 s, ~8 min left)
[985/1035] tEVOWdHeb4w/tEVOWdHeb4w_NA_0.100_10.633       offset +0  conf 4.58  (9301 s, ~8 min left)
[986/1035] tEVOWdHeb4w/tEVOWdHeb4w_NA_84.166_91.000      offset +0  conf 3.62  (9307 s, ~8 min left)
[987/1035] tW0_ru2grbY/tW0_ru2grbY_NA_133.220_139.580    offset +15  conf 0.36  (9309 s, ~8 min left)
[988/1035] tW0_ru2grbY/tW0_ru2grbY_NA_94.060_104.100     offset -1  conf 6.89  (9325 s, ~7 min left)
[989/1035] u4wIR6OemmE/u4wIR6OemmE_NA_49.233_89.266      offset +0  conf 7.66  (9334 s, ~7 min left)
[990/1035] uQ98uWShdko/uQ98uWShdko_NA_346.266_351.633    offset +1  conf 5.13  (9337 s, ~7 min left)
[991/1035] tkgYmFE1T0Y/tkgYmFE1T0Y_NA_0.100_13.400       offset -3  conf 4.50  (9349 s, ~7 min left)
[992/1035] uQ98uWShdko/uQ98uWShdko_NA_409.933_449.633    offset +1  conf 3.41  (9356 s, ~7 min left)
[993/1035] uohyaz_lJw4/uohyaz_lJw4_NA_1100.349_1111.527  offset +0  conf 7.86  (9371 s, ~7 min left)
[994/1035] uohyaz_lJw4/uohyaz_lJw4_NA_82.131_88.455      offset +0  conf 6.46  (9371 s, ~6 min left)
[995/1035] vsYnJvo6Qvo/vsYnJvo6Qvo_NA_525.933_533.933    offset +0  conf 6.97  (9411 s, ~6 min left)
[996/1035] vElZOGMSn2E/vElZOGMSn2E_NA_24.958_34.200      offset -2  conf 5.59  (9425 s, ~6 min left)
[997/1035] vElZOGMSn2E/vElZOGMSn2E_NA_86.419_103.837     offset -2  conf 7.15  (9429 s, ~6 min left)
[998/1035] wWSrTijMJbc/wWSrTijMJbc_NA_117.540_122.860    offset -1  conf 4.08  (9429 s, ~6 min left)
[999/1035] wWSrTijMJbc/wWSrTijMJbc_NA_95.980_114.080     offset -1  conf 5.29  (9472 s, ~6 min left)
[1000/1035] xS_jImNzeYs/xS_jImNzeYs_NA_92.700_102.366     offset +1  conf 1.70  (9472 s, ~6 min left)
[1001/1035] wrI2jr9GTbs/wrI2jr9GTbs_NA_1569.467_1587.819  offset +0  conf 7.02  (9472 s, ~5 min left)
[1002/1035] wrI2jr9GTbs/wrI2jr9GTbs_NA_1002.367_1012.678  offset +0  conf 4.23  (9473 s, ~5 min left)
[1003/1035] xssdrl-BJxE/xssdrl-BJxE_NA_105.413_139.164    offset -2  conf 7.75  (9511 s, ~5 min left)
[1004/1035] xssdrl-BJxE/xssdrl-BJxE_NA_496.679_516.707    offset -2  conf 7.84  (9511 s, ~5 min left)
[1005/1035] yA1s7jofalc/yA1s7jofalc_NA_0.100_248.266      offset -2  conf 6.43  (9528 s, ~5 min left)
[1006/1035] yJjcc8IG06Q/yJjcc8IG06Q_NA_11.900_52.140      offset -1  conf 8.97  (9537 s, ~5 min left)
[1007/1035] yLLkcc_lYQ4/yLLkcc_lYQ4_NA_1113.516_1123.016  offset +0  conf 7.70  (9577 s, ~4 min left)
[1008/1035] yLLkcc_lYQ4/yLLkcc_lYQ4_NA_815.316_821.900    offset +0  conf 7.30  (9582 s, ~4 min left)
[1009/1035] yJjcc8IG06Q/yJjcc8IG06Q_NA_1445.940_1473.780  offset -1  conf 8.05  (9583 s, ~4 min left)
[1010/1035] yOJNyirvARk/yOJNyirvARk_NA_110.660_150.940    offset -1  conf 6.78  (9599 s, ~4 min left)
[1011/1035] yOJNyirvARk/yOJNyirvARk_NA_91.580_104.100     offset -1  conf 7.32  (9642 s, ~4 min left)
[1012/1035] yRAvvWrUXro/yRAvvWrUXro_NA_108.700_155.500    offset -1  conf 5.40  (9662 s, ~4 min left)
[1013/1035] yVNmtyRejWU/yVNmtyRejWU_NA_18.533_31.066      offset +1  conf 8.91  (9744 s, ~4 min left)
[1014/1035] yZzBmNEZ1zw/yZzBmNEZ1zw_NA_273.500_279.166    offset +0  conf 9.76  (9757 s, ~3 min left)
[1015/1035] yWoY2SfWMGM/yWoY2SfWMGM_NA_140.633_149.400    offset -1  conf 6.25  (9771 s, ~3 min left)
[1016/1035] yaEUdbEPrNk/yaEUdbEPrNk_NA_167.809_172.906    offset +15  conf 0.34  (9785 s, ~3 min left)
[1017/1035] yaEUdbEPrNk/yaEUdbEPrNk_NA_1923.146_1928.326  offset -1  conf 2.28  (9793 s, ~3 min left)
[1018/1035] yWoY2SfWMGM/yWoY2SfWMGM_NA_746.566_883.800    offset -1  conf 6.42  (9793 s, ~3 min left)
[1019/1035] ydy4kh8Tgto/ydy4kh8Tgto_NA_1111.583_1239.216  offset +4  conf 6.06  (9802 s, ~3 min left)
[1020/1035] ydy4kh8Tgto/ydy4kh8Tgto_NA_766.783_774.400    offset +1  conf 8.40  (9816 s, ~2 min left)
[1021/1035] yhZAXXI83-4/yhZAXXI83-4_NA_4460.933_4468.199  offset -13  conf 0.27  (9857 s, ~2 min left)
[1022/1035] yiBdDK8fVbs/yiBdDK8fVbs_NA_487.837_494.018    offset -1  conf 5.48  (9860 s, ~2 min left)
[1023/1035] yhZAXXI83-4/yhZAXXI83-4_NA_5411.033_5429.866  offset +0  conf 7.42  (9869 s, ~2 min left)
[1024/1035] yj4m4NkKkLs/yj4m4NkKkLs_NA_113.780_128.495    offset +0  conf 9.17  (9889 s, ~2 min left)
[1025/1035] yj4m4NkKkLs/yj4m4NkKkLs_NA_131.714_137.570    offset +0  conf 8.70  (9924 s, ~2 min left)
[1026/1035] yoc5XQd02V4/yoc5XQd02V4_NA_0.740_6.340        offset -1  conf 7.01  (9929 s, ~1 min left)
[1027/1035] ylFC8whbgmw/ylFC8whbgmw_NA_1034.566_1039.933  offset -3  conf 2.54  (9959 s, ~1 min left)
[1028/1035] yoc5XQd02V4/yoc5XQd02V4_NA_271.340_292.460    offset -1  conf 6.20  (9959 s, ~1 min left)
[1029/1035] yqD_a00kY_g/yqD_a00kY_g_NA_1014.696_1029.470  offset -2  conf 6.54  (9972 s, ~1 min left)
[1030/1035] ylFC8whbgmw/ylFC8whbgmw_NA_95.833_132.100     offset -3  conf 6.31  (9979 s, ~1 min left)
[1031/1035] ys_44jKe0nQ/ys_44jKe0nQ_NA_466.482_475.375    offset -1  conf 6.21  (9992 s, ~1 min left)
[1032/1035] yqD_a00kY_g/yqD_a00kY_g_NA_921.520_932.122    offset -2  conf 7.73  (10008 s, ~0 min left)
[1033/1035] zrwVd-Jx5ZI/zrwVd-Jx5ZI_NA_109.943_115.081    offset +0  conf 7.73  (10020 s, ~0 min left)
[1034/1035] yvSSk25Ws_k/yvSSk25Ws_k_NA_114.100_125.833    offset +3  conf 5.98  (10027 s, ~0 min left)
[1035/1035] yvSSk25Ws_k/yvSSk25Ws_k_NA_75.733_84.300      offset +1  conf 4.69  (10029 s, ~0 min left)
shard 0 done in 10029 s
